 
****************************************
Report : timing
        -path full
        -delay min
        -max_paths 1
Design : Baseline_4KB
Version: O-2018.06-SP5-5
Date   : Tue Feb  3 05:05:45 2026
****************************************

 # A fanout number of 1000 was used for high fanout net computations.

Operating Conditions: tt0p9v25c   Library: tcbn22ullbwp30p140tt0p9v25c
Wire Load Model Mode: segmented

  Startpoint: conctrl_inst/flag_org_write_end_reg_reg
              (rising edge-triggered flip-flop clocked by sys_clk)
  Endpoint: conctrl_inst/flag_first_store_reg
            (rising edge-triggered flip-flop clocked by sys_clk)
  Path Group: sys_clk
  Path Type: min

  Des/Clust/Port     Wire Load Model       Library
  ------------------------------------------------
  ram_port_1_ctrl_2140
                     ZeroWireload          tcbn22ullbwp30p140tt0p9v25c
  ram_port_1_ctrl_2139
                     ZeroWireload          tcbn22ullbwp30p140tt0p9v25c
  ram_port_1_ctrl_2138
                     ZeroWireload          tcbn22ullbwp30p140tt0p9v25c
  ram_port_1_ctrl_2137
                     ZeroWireload          tcbn22ullbwp30p140tt0p9v25c
  ram_port_1_ctrl_2136
                     ZeroWireload          tcbn22ullbwp30p140tt0p9v25c
  ram_port_1_ctrl_2135
                     ZeroWireload          tcbn22ullbwp30p140tt0p9v25c
  ram_port_1_ctrl_2134
                     ZeroWireload          tcbn22ullbwp30p140tt0p9v25c
  ram_port_1_ctrl_2133
                     ZeroWireload          tcbn22ullbwp30p140tt0p9v25c
  ram_port_1_ctrl_2132
                     ZeroWireload          tcbn22ullbwp30p140tt0p9v25c
  ram_port_1_ctrl_2131
                     ZeroWireload          tcbn22ullbwp30p140tt0p9v25c
  ram_port_1_ctrl_2130
                     ZeroWireload          tcbn22ullbwp30p140tt0p9v25c
  ram_port_1_ctrl_2129
                     ZeroWireload          tcbn22ullbwp30p140tt0p9v25c
  ram_port_1_ctrl_2128
                     ZeroWireload          tcbn22ullbwp30p140tt0p9v25c
  ram_port_1_ctrl_2127
                     ZeroWireload          tcbn22ullbwp30p140tt0p9v25c
  ram_port_1_ctrl_2126
                     ZeroWireload          tcbn22ullbwp30p140tt0p9v25c
  ram_port_1_ctrl_2125
                     ZeroWireload          tcbn22ullbwp30p140tt0p9v25c
  ram_port_1_ctrl_2124
                     ZeroWireload          tcbn22ullbwp30p140tt0p9v25c
  ram_port_1_ctrl_2123
                     ZeroWireload          tcbn22ullbwp30p140tt0p9v25c
  ram_port_1_ctrl_2122
                     ZeroWireload          tcbn22ullbwp30p140tt0p9v25c
  ram_port_1_ctrl_2121
                     ZeroWireload          tcbn22ullbwp30p140tt0p9v25c
  ram_port_1_ctrl_2120
                     ZeroWireload          tcbn22ullbwp30p140tt0p9v25c
  ram_port_1_ctrl_2119
                     ZeroWireload          tcbn22ullbwp30p140tt0p9v25c
  ram_port_1_ctrl_2118
                     ZeroWireload          tcbn22ullbwp30p140tt0p9v25c
  ram_port_1_ctrl_2117
                     ZeroWireload          tcbn22ullbwp30p140tt0p9v25c
  ram_port_1_ctrl_2116
                     ZeroWireload          tcbn22ullbwp30p140tt0p9v25c
  ram_port_1_ctrl_2115
                     ZeroWireload          tcbn22ullbwp30p140tt0p9v25c
  ram_port_1_ctrl_2114
                     ZeroWireload          tcbn22ullbwp30p140tt0p9v25c
  ram_port_1_ctrl_2113
                     ZeroWireload          tcbn22ullbwp30p140tt0p9v25c
  ram_port_1_ctrl_2112
                     ZeroWireload          tcbn22ullbwp30p140tt0p9v25c
  ram_port_1_ctrl_2111
                     ZeroWireload          tcbn22ullbwp30p140tt0p9v25c
  ram_port_1_ctrl_2110
                     ZeroWireload          tcbn22ullbwp30p140tt0p9v25c
  ram_port_1_ctrl_2109
                     ZeroWireload          tcbn22ullbwp30p140tt0p9v25c
  ram_port_1_ctrl_2108
                     ZeroWireload          tcbn22ullbwp30p140tt0p9v25c
  ram_port_1_ctrl_2107
                     ZeroWireload          tcbn22ullbwp30p140tt0p9v25c
  ram_port_1_ctrl_2106
                     ZeroWireload          tcbn22ullbwp30p140tt0p9v25c
  ram_port_1_ctrl_2105
                     ZeroWireload          tcbn22ullbwp30p140tt0p9v25c
  ram_port_1_ctrl_2104
                     ZeroWireload          tcbn22ullbwp30p140tt0p9v25c
  ram_port_1_ctrl_2103
                     ZeroWireload          tcbn22ullbwp30p140tt0p9v25c
  ram_port_1_ctrl_2102
                     ZeroWireload          tcbn22ullbwp30p140tt0p9v25c
  ram_port_1_ctrl_2101
                     ZeroWireload          tcbn22ullbwp30p140tt0p9v25c
  ram_port_1_ctrl_2100
                     ZeroWireload          tcbn22ullbwp30p140tt0p9v25c
  ram_port_1_ctrl_2099
                     ZeroWireload          tcbn22ullbwp30p140tt0p9v25c
  ram_port_1_ctrl_2098
                     ZeroWireload          tcbn22ullbwp30p140tt0p9v25c
  ram_port_1_ctrl_2097
                     ZeroWireload          tcbn22ullbwp30p140tt0p9v25c
  ram_port_1_ctrl_2096
                     ZeroWireload          tcbn22ullbwp30p140tt0p9v25c
  ram_port_1_ctrl_2095
                     ZeroWireload          tcbn22ullbwp30p140tt0p9v25c
  ram_port_1_ctrl_2094
                     ZeroWireload          tcbn22ullbwp30p140tt0p9v25c
  ram_port_1_ctrl_2093
                     ZeroWireload          tcbn22ullbwp30p140tt0p9v25c
  ram_port_1_ctrl_2092
                     ZeroWireload          tcbn22ullbwp30p140tt0p9v25c
  ram_port_1_ctrl_2091
                     ZeroWireload          tcbn22ullbwp30p140tt0p9v25c
  ram_port_1_ctrl_2090
                     ZeroWireload          tcbn22ullbwp30p140tt0p9v25c
  ram_port_1_ctrl_2089
                     ZeroWireload          tcbn22ullbwp30p140tt0p9v25c
  ram_port_1_ctrl_2088
                     ZeroWireload          tcbn22ullbwp30p140tt0p9v25c
  ram_port_1_ctrl_2087
                     ZeroWireload          tcbn22ullbwp30p140tt0p9v25c
  ram_port_1_ctrl_2086
                     ZeroWireload          tcbn22ullbwp30p140tt0p9v25c
  ram_port_1_ctrl_2085
                     ZeroWireload          tcbn22ullbwp30p140tt0p9v25c
  ram_port_1_ctrl_2084
                     ZeroWireload          tcbn22ullbwp30p140tt0p9v25c
  ram_port_1_ctrl_2083
                     ZeroWireload          tcbn22ullbwp30p140tt0p9v25c
  ram_port_1_ctrl_2082
                     ZeroWireload          tcbn22ullbwp30p140tt0p9v25c
  ram_port_1_ctrl_2081
                     ZeroWireload          tcbn22ullbwp30p140tt0p9v25c
  ram_port_1_ctrl_2080
                     ZeroWireload          tcbn22ullbwp30p140tt0p9v25c
  ram_port_1_ctrl_2079
                     ZeroWireload          tcbn22ullbwp30p140tt0p9v25c
  ram_port_1_ctrl_2078
                     ZeroWireload          tcbn22ullbwp30p140tt0p9v25c
  ram_port_1_ctrl_2077
                     ZeroWireload          tcbn22ullbwp30p140tt0p9v25c
  ram_port_1_ctrl_2076
                     ZeroWireload          tcbn22ullbwp30p140tt0p9v25c
  ram_port_1_ctrl_2075
                     ZeroWireload          tcbn22ullbwp30p140tt0p9v25c
  ram_port_1_ctrl_2074
                     ZeroWireload          tcbn22ullbwp30p140tt0p9v25c
  ram_port_1_ctrl_2073
                     ZeroWireload          tcbn22ullbwp30p140tt0p9v25c
  ram_port_1_ctrl_2072
                     ZeroWireload          tcbn22ullbwp30p140tt0p9v25c
  ram_port_1_ctrl_2071
                     ZeroWireload          tcbn22ullbwp30p140tt0p9v25c
  ram_port_1_ctrl_2070
                     ZeroWireload          tcbn22ullbwp30p140tt0p9v25c
  ram_port_1_ctrl_2069
                     ZeroWireload          tcbn22ullbwp30p140tt0p9v25c
  ram_port_1_ctrl_2068
                     ZeroWireload          tcbn22ullbwp30p140tt0p9v25c
  ram_port_1_ctrl_2067
                     ZeroWireload          tcbn22ullbwp30p140tt0p9v25c
  ram_port_1_ctrl_2066
                     ZeroWireload          tcbn22ullbwp30p140tt0p9v25c
  ram_port_1_ctrl_2065
                     ZeroWireload          tcbn22ullbwp30p140tt0p9v25c
  ram_port_1_ctrl_2064
                     ZeroWireload          tcbn22ullbwp30p140tt0p9v25c
  ram_port_1_ctrl_2063
                     ZeroWireload          tcbn22ullbwp30p140tt0p9v25c
  ram_port_1_ctrl_2062
                     ZeroWireload          tcbn22ullbwp30p140tt0p9v25c
  ram_port_1_ctrl_2061
                     ZeroWireload          tcbn22ullbwp30p140tt0p9v25c
  ram_port_1_ctrl_2060
                     ZeroWireload          tcbn22ullbwp30p140tt0p9v25c
  ram_port_1_ctrl_2059
                     ZeroWireload          tcbn22ullbwp30p140tt0p9v25c
  ram_port_1_ctrl_2058
                     ZeroWireload          tcbn22ullbwp30p140tt0p9v25c
  ram_port_1_ctrl_2057
                     ZeroWireload          tcbn22ullbwp30p140tt0p9v25c
  ram_port_1_ctrl_2056
                     ZeroWireload          tcbn22ullbwp30p140tt0p9v25c
  ram_port_1_ctrl_2055
                     ZeroWireload          tcbn22ullbwp30p140tt0p9v25c
  ram_port_1_ctrl_2054
                     ZeroWireload          tcbn22ullbwp30p140tt0p9v25c
  ram_port_1_ctrl_2053
                     ZeroWireload          tcbn22ullbwp30p140tt0p9v25c
  ram_port_1_ctrl_2052
                     ZeroWireload          tcbn22ullbwp30p140tt0p9v25c
  ram_port_1_ctrl_2051
                     ZeroWireload          tcbn22ullbwp30p140tt0p9v25c
  ram_port_1_ctrl_2050
                     ZeroWireload          tcbn22ullbwp30p140tt0p9v25c
  ram_port_1_ctrl_2049
                     ZeroWireload          tcbn22ullbwp30p140tt0p9v25c
  ram_port_1_ctrl_2048
                     ZeroWireload          tcbn22ullbwp30p140tt0p9v25c
  ram_port_1_ctrl_2047
                     ZeroWireload          tcbn22ullbwp30p140tt0p9v25c
  ram_port_1_ctrl_2046
                     ZeroWireload          tcbn22ullbwp30p140tt0p9v25c
  ram_port_1_ctrl_2045
                     ZeroWireload          tcbn22ullbwp30p140tt0p9v25c
  ram_port_1_ctrl_2044
                     ZeroWireload          tcbn22ullbwp30p140tt0p9v25c
  ram_port_1_ctrl_2043
                     ZeroWireload          tcbn22ullbwp30p140tt0p9v25c
  ram_port_1_ctrl_2042
                     ZeroWireload          tcbn22ullbwp30p140tt0p9v25c
  ram_port_1_ctrl_2041
                     ZeroWireload          tcbn22ullbwp30p140tt0p9v25c
  ram_port_1_ctrl_2040
                     ZeroWireload          tcbn22ullbwp30p140tt0p9v25c
  ram_port_1_ctrl_2039
                     ZeroWireload          tcbn22ullbwp30p140tt0p9v25c
  ram_port_1_ctrl_2038
                     ZeroWireload          tcbn22ullbwp30p140tt0p9v25c
  ram_port_1_ctrl_2037
                     ZeroWireload          tcbn22ullbwp30p140tt0p9v25c
  ram_port_1_ctrl_2036
                     ZeroWireload          tcbn22ullbwp30p140tt0p9v25c
  ram_port_1_ctrl_2035
                     ZeroWireload          tcbn22ullbwp30p140tt0p9v25c
  ram_port_1_ctrl_2034
                     ZeroWireload          tcbn22ullbwp30p140tt0p9v25c
  ram_port_1_ctrl_2033
                     ZeroWireload          tcbn22ullbwp30p140tt0p9v25c
  ram_port_1_ctrl_2032
                     ZeroWireload          tcbn22ullbwp30p140tt0p9v25c
  ram_port_1_ctrl_2031
                     ZeroWireload          tcbn22ullbwp30p140tt0p9v25c
  ram_port_1_ctrl_2030
                     ZeroWireload          tcbn22ullbwp30p140tt0p9v25c
  ram_port_1_ctrl_2029
                     ZeroWireload          tcbn22ullbwp30p140tt0p9v25c
  ram_port_1_ctrl_2028
                     ZeroWireload          tcbn22ullbwp30p140tt0p9v25c
  ram_port_1_ctrl_2027
                     ZeroWireload          tcbn22ullbwp30p140tt0p9v25c
  ram_port_1_ctrl_2026
                     ZeroWireload          tcbn22ullbwp30p140tt0p9v25c
  ram_port_1_ctrl_2025
                     ZeroWireload          tcbn22ullbwp30p140tt0p9v25c
  ram_port_1_ctrl_2024
                     ZeroWireload          tcbn22ullbwp30p140tt0p9v25c
  ram_port_1_ctrl_2023
                     ZeroWireload          tcbn22ullbwp30p140tt0p9v25c
  ram_port_1_ctrl_2022
                     ZeroWireload          tcbn22ullbwp30p140tt0p9v25c
  ram_port_1_ctrl_2021
                     ZeroWireload          tcbn22ullbwp30p140tt0p9v25c
  ram_port_1_ctrl_2020
                     ZeroWireload          tcbn22ullbwp30p140tt0p9v25c
  ram_port_1_ctrl_2019
                     ZeroWireload          tcbn22ullbwp30p140tt0p9v25c
  ram_port_1_ctrl_2018
                     ZeroWireload          tcbn22ullbwp30p140tt0p9v25c
  ram_port_1_ctrl_2017
                     ZeroWireload          tcbn22ullbwp30p140tt0p9v25c
  ram_port_1_ctrl_2016
                     ZeroWireload          tcbn22ullbwp30p140tt0p9v25c
  ram_port_1_ctrl_2015
                     ZeroWireload          tcbn22ullbwp30p140tt0p9v25c
  ram_port_1_ctrl_2014
                     ZeroWireload          tcbn22ullbwp30p140tt0p9v25c
  ram_port_1_ctrl_2013
                     ZeroWireload          tcbn22ullbwp30p140tt0p9v25c
  ram_port_1_ctrl_2012
                     ZeroWireload          tcbn22ullbwp30p140tt0p9v25c
  ram_port_1_ctrl_2011
                     ZeroWireload          tcbn22ullbwp30p140tt0p9v25c
  ram_port_1_ctrl_2010
                     ZeroWireload          tcbn22ullbwp30p140tt0p9v25c
  ram_port_1_ctrl_2009
                     ZeroWireload          tcbn22ullbwp30p140tt0p9v25c
  ram_port_1_ctrl_2008
                     ZeroWireload          tcbn22ullbwp30p140tt0p9v25c
  ram_port_1_ctrl_2007
                     ZeroWireload          tcbn22ullbwp30p140tt0p9v25c
  ram_port_1_ctrl_2006
                     ZeroWireload          tcbn22ullbwp30p140tt0p9v25c
  ram_port_1_ctrl_2005
                     ZeroWireload          tcbn22ullbwp30p140tt0p9v25c
  ram_port_1_ctrl_2004
                     ZeroWireload          tcbn22ullbwp30p140tt0p9v25c
  ram_port_1_ctrl_2003
                     ZeroWireload          tcbn22ullbwp30p140tt0p9v25c
  ram_port_1_ctrl_2002
                     ZeroWireload          tcbn22ullbwp30p140tt0p9v25c
  ram_port_1_ctrl_2001
                     ZeroWireload          tcbn22ullbwp30p140tt0p9v25c
  ram_port_1_ctrl_2000
                     ZeroWireload          tcbn22ullbwp30p140tt0p9v25c
  ram_port_1_ctrl_1999
                     ZeroWireload          tcbn22ullbwp30p140tt0p9v25c
  ram_port_1_ctrl_1998
                     ZeroWireload          tcbn22ullbwp30p140tt0p9v25c
  ram_port_1_ctrl_1997
                     ZeroWireload          tcbn22ullbwp30p140tt0p9v25c
  ram_port_1_ctrl_1996
                     ZeroWireload          tcbn22ullbwp30p140tt0p9v25c
  ram_port_1_ctrl_1995
                     ZeroWireload          tcbn22ullbwp30p140tt0p9v25c
  ram_port_1_ctrl_1994
                     ZeroWireload          tcbn22ullbwp30p140tt0p9v25c
  ram_port_1_ctrl_1993
                     ZeroWireload          tcbn22ullbwp30p140tt0p9v25c
  ram_port_1_ctrl_1992
                     ZeroWireload          tcbn22ullbwp30p140tt0p9v25c
  ram_port_1_ctrl_1991
                     ZeroWireload          tcbn22ullbwp30p140tt0p9v25c
  ram_port_1_ctrl_1990
                     ZeroWireload          tcbn22ullbwp30p140tt0p9v25c
  ram_port_1_ctrl_1989
                     ZeroWireload          tcbn22ullbwp30p140tt0p9v25c
  ram_port_1_ctrl_1988
                     ZeroWireload          tcbn22ullbwp30p140tt0p9v25c
  ram_port_1_ctrl_1987
                     ZeroWireload          tcbn22ullbwp30p140tt0p9v25c
  ram_port_1_ctrl_1986
                     ZeroWireload          tcbn22ullbwp30p140tt0p9v25c
  ram_port_1_ctrl_1985
                     ZeroWireload          tcbn22ullbwp30p140tt0p9v25c
  ram_port_1_ctrl_1984
                     ZeroWireload          tcbn22ullbwp30p140tt0p9v25c
  ram_port_1_ctrl_1983
                     ZeroWireload          tcbn22ullbwp30p140tt0p9v25c
  ram_port_1_ctrl_1982
                     ZeroWireload          tcbn22ullbwp30p140tt0p9v25c
  ram_port_1_ctrl_1981
                     ZeroWireload          tcbn22ullbwp30p140tt0p9v25c
  ram_port_1_ctrl_1980
                     ZeroWireload          tcbn22ullbwp30p140tt0p9v25c
  ram_port_1_ctrl_1979
                     ZeroWireload          tcbn22ullbwp30p140tt0p9v25c
  ram_port_1_ctrl_1978
                     ZeroWireload          tcbn22ullbwp30p140tt0p9v25c
  ram_port_1_ctrl_1977
                     ZeroWireload          tcbn22ullbwp30p140tt0p9v25c
  ram_port_1_ctrl_1976
                     ZeroWireload          tcbn22ullbwp30p140tt0p9v25c
  ram_port_1_ctrl_1975
                     ZeroWireload          tcbn22ullbwp30p140tt0p9v25c
  ram_port_1_ctrl_1974
                     ZeroWireload          tcbn22ullbwp30p140tt0p9v25c
  ram_port_1_ctrl_1973
                     ZeroWireload          tcbn22ullbwp30p140tt0p9v25c
  ram_port_1_ctrl_1972
                     ZeroWireload          tcbn22ullbwp30p140tt0p9v25c
  ram_port_1_ctrl_1971
                     ZeroWireload          tcbn22ullbwp30p140tt0p9v25c
  ram_port_1_ctrl_1970
                     ZeroWireload          tcbn22ullbwp30p140tt0p9v25c
  ram_port_1_ctrl_1969
                     ZeroWireload          tcbn22ullbwp30p140tt0p9v25c
  ram_port_1_ctrl_1968
                     ZeroWireload          tcbn22ullbwp30p140tt0p9v25c
  ram_port_1_ctrl_1967
                     ZeroWireload          tcbn22ullbwp30p140tt0p9v25c
  ram_port_1_ctrl_1966
                     ZeroWireload          tcbn22ullbwp30p140tt0p9v25c
  ram_port_1_ctrl_1965
                     ZeroWireload          tcbn22ullbwp30p140tt0p9v25c
  ram_port_1_ctrl_1964
                     ZeroWireload          tcbn22ullbwp30p140tt0p9v25c
  ram_port_1_ctrl_1963
                     ZeroWireload          tcbn22ullbwp30p140tt0p9v25c
  ram_port_1_ctrl_1962
                     ZeroWireload          tcbn22ullbwp30p140tt0p9v25c
  ram_port_1_ctrl_1961
                     ZeroWireload          tcbn22ullbwp30p140tt0p9v25c
  ram_port_1_ctrl_1960
                     ZeroWireload          tcbn22ullbwp30p140tt0p9v25c
  ram_port_1_ctrl_1959
                     ZeroWireload          tcbn22ullbwp30p140tt0p9v25c
  ram_port_1_ctrl_1958
                     ZeroWireload          tcbn22ullbwp30p140tt0p9v25c
  ram_port_1_ctrl_1957
                     ZeroWireload          tcbn22ullbwp30p140tt0p9v25c
  ram_port_1_ctrl_1956
                     ZeroWireload          tcbn22ullbwp30p140tt0p9v25c
  ram_port_1_ctrl_1955
                     ZeroWireload          tcbn22ullbwp30p140tt0p9v25c
  ram_port_1_ctrl_1954
                     ZeroWireload          tcbn22ullbwp30p140tt0p9v25c
  ram_port_1_ctrl_1953
                     ZeroWireload          tcbn22ullbwp30p140tt0p9v25c
  ram_port_1_ctrl_1952
                     ZeroWireload          tcbn22ullbwp30p140tt0p9v25c
  ram_port_1_ctrl_1951
                     ZeroWireload          tcbn22ullbwp30p140tt0p9v25c
  ram_port_1_ctrl_1950
                     ZeroWireload          tcbn22ullbwp30p140tt0p9v25c
  ram_port_1_ctrl_1949
                     ZeroWireload          tcbn22ullbwp30p140tt0p9v25c
  ram_port_1_ctrl_1948
                     ZeroWireload          tcbn22ullbwp30p140tt0p9v25c
  ram_port_1_ctrl_1947
                     ZeroWireload          tcbn22ullbwp30p140tt0p9v25c
  ram_port_1_ctrl_1946
                     ZeroWireload          tcbn22ullbwp30p140tt0p9v25c
  ram_port_1_ctrl_1945
                     ZeroWireload          tcbn22ullbwp30p140tt0p9v25c
  ram_port_1_ctrl_1944
                     ZeroWireload          tcbn22ullbwp30p140tt0p9v25c
  ram_port_1_ctrl_1943
                     ZeroWireload          tcbn22ullbwp30p140tt0p9v25c
  ram_port_1_ctrl_1942
                     ZeroWireload          tcbn22ullbwp30p140tt0p9v25c
  ram_port_1_ctrl_1941
                     ZeroWireload          tcbn22ullbwp30p140tt0p9v25c
  ram_port_1_ctrl_1940
                     ZeroWireload          tcbn22ullbwp30p140tt0p9v25c
  ram_port_1_ctrl_1939
                     ZeroWireload          tcbn22ullbwp30p140tt0p9v25c
  ram_port_1_ctrl_1938
                     ZeroWireload          tcbn22ullbwp30p140tt0p9v25c
  ram_port_1_ctrl_1937
                     ZeroWireload          tcbn22ullbwp30p140tt0p9v25c
  ram_port_1_ctrl_1936
                     ZeroWireload          tcbn22ullbwp30p140tt0p9v25c
  ram_port_1_ctrl_1935
                     ZeroWireload          tcbn22ullbwp30p140tt0p9v25c
  ram_port_1_ctrl_1934
                     ZeroWireload          tcbn22ullbwp30p140tt0p9v25c
  ram_port_1_ctrl_1933
                     ZeroWireload          tcbn22ullbwp30p140tt0p9v25c
  ram_port_1_ctrl_1932
                     ZeroWireload          tcbn22ullbwp30p140tt0p9v25c
  ram_port_1_ctrl_1931
                     ZeroWireload          tcbn22ullbwp30p140tt0p9v25c
  ram_port_1_ctrl_1930
                     ZeroWireload          tcbn22ullbwp30p140tt0p9v25c
  ram_port_1_ctrl_1929
                     ZeroWireload          tcbn22ullbwp30p140tt0p9v25c
  ram_port_1_ctrl_1928
                     ZeroWireload          tcbn22ullbwp30p140tt0p9v25c
  ram_port_1_ctrl_1927
                     ZeroWireload          tcbn22ullbwp30p140tt0p9v25c
  ram_port_1_ctrl_1926
                     ZeroWireload          tcbn22ullbwp30p140tt0p9v25c
  ram_port_1_ctrl_1925
                     ZeroWireload          tcbn22ullbwp30p140tt0p9v25c
  ram_port_1_ctrl_1924
                     ZeroWireload          tcbn22ullbwp30p140tt0p9v25c
  ram_port_1_ctrl_1923
                     ZeroWireload          tcbn22ullbwp30p140tt0p9v25c
  ram_port_1_ctrl_1922
                     ZeroWireload          tcbn22ullbwp30p140tt0p9v25c
  ram_port_1_ctrl_1921
                     ZeroWireload          tcbn22ullbwp30p140tt0p9v25c
  ram_port_1_ctrl_1920
                     ZeroWireload          tcbn22ullbwp30p140tt0p9v25c
  ram_port_1_ctrl_1919
                     ZeroWireload          tcbn22ullbwp30p140tt0p9v25c
  ram_port_1_ctrl_1918
                     ZeroWireload          tcbn22ullbwp30p140tt0p9v25c
  ram_port_1_ctrl_1917
                     ZeroWireload          tcbn22ullbwp30p140tt0p9v25c
  ram_port_1_ctrl_1916
                     ZeroWireload          tcbn22ullbwp30p140tt0p9v25c
  ram_port_1_ctrl_1915
                     ZeroWireload          tcbn22ullbwp30p140tt0p9v25c
  ram_port_1_ctrl_1914
                     ZeroWireload          tcbn22ullbwp30p140tt0p9v25c
  ram_port_1_ctrl_1913
                     ZeroWireload          tcbn22ullbwp30p140tt0p9v25c
  ram_port_1_ctrl_1912
                     ZeroWireload          tcbn22ullbwp30p140tt0p9v25c
  ram_port_1_ctrl_1911
                     ZeroWireload          tcbn22ullbwp30p140tt0p9v25c
  ram_port_1_ctrl_1910
                     ZeroWireload          tcbn22ullbwp30p140tt0p9v25c
  ram_port_1_ctrl_1909
                     ZeroWireload          tcbn22ullbwp30p140tt0p9v25c
  ram_port_1_ctrl_1908
                     ZeroWireload          tcbn22ullbwp30p140tt0p9v25c
  ram_port_1_ctrl_1907
                     ZeroWireload          tcbn22ullbwp30p140tt0p9v25c
  ram_port_1_ctrl_1906
                     ZeroWireload          tcbn22ullbwp30p140tt0p9v25c
  ram_port_1_ctrl_1905
                     ZeroWireload          tcbn22ullbwp30p140tt0p9v25c
  ram_port_1_ctrl_1904
                     ZeroWireload          tcbn22ullbwp30p140tt0p9v25c
  ram_port_1_ctrl_1903
                     ZeroWireload          tcbn22ullbwp30p140tt0p9v25c
  ram_port_1_ctrl_1902
                     ZeroWireload          tcbn22ullbwp30p140tt0p9v25c
  ram_port_1_ctrl_1901
                     ZeroWireload          tcbn22ullbwp30p140tt0p9v25c
  ram_port_1_ctrl_1900
                     ZeroWireload          tcbn22ullbwp30p140tt0p9v25c
  ram_port_1_ctrl_1899
                     ZeroWireload          tcbn22ullbwp30p140tt0p9v25c
  ram_port_1_ctrl_1898
                     ZeroWireload          tcbn22ullbwp30p140tt0p9v25c
  ram_port_1_ctrl_1897
                     ZeroWireload          tcbn22ullbwp30p140tt0p9v25c
  ram_port_1_ctrl_1896
                     ZeroWireload          tcbn22ullbwp30p140tt0p9v25c
  ram_port_1_ctrl_1895
                     ZeroWireload          tcbn22ullbwp30p140tt0p9v25c
  ram_port_1_ctrl_1894
                     ZeroWireload          tcbn22ullbwp30p140tt0p9v25c
  ram_port_1_ctrl_1893
                     ZeroWireload          tcbn22ullbwp30p140tt0p9v25c
  ram_port_1_ctrl_1892
                     ZeroWireload          tcbn22ullbwp30p140tt0p9v25c
  ram_port_1_ctrl_1891
                     ZeroWireload          tcbn22ullbwp30p140tt0p9v25c
  ram_port_1_ctrl_1890
                     ZeroWireload          tcbn22ullbwp30p140tt0p9v25c
  ram_port_1_ctrl_1889
                     ZeroWireload          tcbn22ullbwp30p140tt0p9v25c
  ram_port_1_ctrl_1888
                     ZeroWireload          tcbn22ullbwp30p140tt0p9v25c
  ram_port_1_ctrl_1887
                     ZeroWireload          tcbn22ullbwp30p140tt0p9v25c
  ram_port_1_ctrl_1886
                     ZeroWireload          tcbn22ullbwp30p140tt0p9v25c
  ram_port_1_ctrl_1885
                     ZeroWireload          tcbn22ullbwp30p140tt0p9v25c
  ram_port_1_ctrl_1884
                     ZeroWireload          tcbn22ullbwp30p140tt0p9v25c
  ram_port_1_ctrl_1883
                     ZeroWireload          tcbn22ullbwp30p140tt0p9v25c
  ram_port_1_ctrl_1882
                     ZeroWireload          tcbn22ullbwp30p140tt0p9v25c
  ram_port_1_ctrl_1881
                     ZeroWireload          tcbn22ullbwp30p140tt0p9v25c
  ram_port_1_ctrl_1880
                     ZeroWireload          tcbn22ullbwp30p140tt0p9v25c
  ram_port_1_ctrl_1879
                     ZeroWireload          tcbn22ullbwp30p140tt0p9v25c
  ram_port_1_ctrl_1878
                     ZeroWireload          tcbn22ullbwp30p140tt0p9v25c
  ram_port_1_ctrl_1877
                     ZeroWireload          tcbn22ullbwp30p140tt0p9v25c
  ram_port_1_ctrl_1876
                     ZeroWireload          tcbn22ullbwp30p140tt0p9v25c
  ram_port_1_ctrl_1875
                     ZeroWireload          tcbn22ullbwp30p140tt0p9v25c
  ram_port_1_ctrl_1874
                     ZeroWireload          tcbn22ullbwp30p140tt0p9v25c
  ram_port_1_ctrl_1873
                     ZeroWireload          tcbn22ullbwp30p140tt0p9v25c
  ram_port_1_ctrl_1872
                     ZeroWireload          tcbn22ullbwp30p140tt0p9v25c
  ram_port_1_ctrl_1871
                     ZeroWireload          tcbn22ullbwp30p140tt0p9v25c
  ram_port_1_ctrl_1870
                     ZeroWireload          tcbn22ullbwp30p140tt0p9v25c
  ram_port_1_ctrl_1869
                     ZeroWireload          tcbn22ullbwp30p140tt0p9v25c
  ram_port_1_ctrl_1868
                     ZeroWireload          tcbn22ullbwp30p140tt0p9v25c
  ram_port_1_ctrl_1867
                     ZeroWireload          tcbn22ullbwp30p140tt0p9v25c
  ram_port_1_ctrl_1866
                     ZeroWireload          tcbn22ullbwp30p140tt0p9v25c
  ram_port_1_ctrl_1865
                     ZeroWireload          tcbn22ullbwp30p140tt0p9v25c
  ram_port_1_ctrl_1864
                     ZeroWireload          tcbn22ullbwp30p140tt0p9v25c
  ram_port_1_ctrl_1863
                     ZeroWireload          tcbn22ullbwp30p140tt0p9v25c
  ram_port_1_ctrl_1862
                     ZeroWireload          tcbn22ullbwp30p140tt0p9v25c
  ram_port_1_ctrl_1861
                     ZeroWireload          tcbn22ullbwp30p140tt0p9v25c
  ram_port_1_ctrl_1860
                     ZeroWireload          tcbn22ullbwp30p140tt0p9v25c
  ram_port_1_ctrl_1859
                     ZeroWireload          tcbn22ullbwp30p140tt0p9v25c
  ram_port_1_ctrl_1858
                     ZeroWireload          tcbn22ullbwp30p140tt0p9v25c
  ram_port_1_ctrl_1857
                     ZeroWireload          tcbn22ullbwp30p140tt0p9v25c
  ram_port_1_ctrl_1856
                     ZeroWireload          tcbn22ullbwp30p140tt0p9v25c
  ram_port_1_ctrl_1855
                     ZeroWireload          tcbn22ullbwp30p140tt0p9v25c
  ram_port_1_ctrl_1854
                     ZeroWireload          tcbn22ullbwp30p140tt0p9v25c
  ram_port_1_ctrl_1853
                     ZeroWireload          tcbn22ullbwp30p140tt0p9v25c
  ram_port_1_ctrl_1852
                     ZeroWireload          tcbn22ullbwp30p140tt0p9v25c
  ram_port_1_ctrl_1851
                     ZeroWireload          tcbn22ullbwp30p140tt0p9v25c
  ram_port_1_ctrl_1850
                     ZeroWireload          tcbn22ullbwp30p140tt0p9v25c
  ram_port_1_ctrl_1849
                     ZeroWireload          tcbn22ullbwp30p140tt0p9v25c
  ram_port_1_ctrl_1848
                     ZeroWireload          tcbn22ullbwp30p140tt0p9v25c
  ram_port_1_ctrl_1847
                     ZeroWireload          tcbn22ullbwp30p140tt0p9v25c
  ram_port_1_ctrl_1846
                     ZeroWireload          tcbn22ullbwp30p140tt0p9v25c
  ram_port_1_ctrl_1845
                     ZeroWireload          tcbn22ullbwp30p140tt0p9v25c
  ram_port_1_ctrl_1844
                     ZeroWireload          tcbn22ullbwp30p140tt0p9v25c
  ram_port_1_ctrl_1843
                     ZeroWireload          tcbn22ullbwp30p140tt0p9v25c
  ram_port_1_ctrl_1842
                     ZeroWireload          tcbn22ullbwp30p140tt0p9v25c
  ram_port_1_ctrl_1841
                     ZeroWireload          tcbn22ullbwp30p140tt0p9v25c
  ram_port_1_ctrl_1840
                     ZeroWireload          tcbn22ullbwp30p140tt0p9v25c
  ram_port_1_ctrl_1839
                     ZeroWireload          tcbn22ullbwp30p140tt0p9v25c
  ram_port_1_ctrl_1838
                     ZeroWireload          tcbn22ullbwp30p140tt0p9v25c
  ram_port_1_ctrl_1837
                     ZeroWireload          tcbn22ullbwp30p140tt0p9v25c
  ram_port_1_ctrl_1836
                     ZeroWireload          tcbn22ullbwp30p140tt0p9v25c
  ram_port_1_ctrl_1835
                     ZeroWireload          tcbn22ullbwp30p140tt0p9v25c
  ram_port_1_ctrl_1834
                     ZeroWireload          tcbn22ullbwp30p140tt0p9v25c
  ram_port_1_ctrl_1833
                     ZeroWireload          tcbn22ullbwp30p140tt0p9v25c
  ram_port_1_ctrl_1832
                     ZeroWireload          tcbn22ullbwp30p140tt0p9v25c
  ram_port_1_ctrl_1831
                     ZeroWireload          tcbn22ullbwp30p140tt0p9v25c
  ram_port_1_ctrl_1830
                     ZeroWireload          tcbn22ullbwp30p140tt0p9v25c
  ram_port_1_ctrl_1829
                     ZeroWireload          tcbn22ullbwp30p140tt0p9v25c
  ram_port_1_ctrl_1828
                     ZeroWireload          tcbn22ullbwp30p140tt0p9v25c
  ram_port_1_ctrl_1827
                     ZeroWireload          tcbn22ullbwp30p140tt0p9v25c
  ram_port_1_ctrl_1826
                     ZeroWireload          tcbn22ullbwp30p140tt0p9v25c
  ram_port_1_ctrl_1825
                     ZeroWireload          tcbn22ullbwp30p140tt0p9v25c
  ram_port_1_ctrl_1824
                     ZeroWireload          tcbn22ullbwp30p140tt0p9v25c
  ram_port_1_ctrl_1823
                     ZeroWireload          tcbn22ullbwp30p140tt0p9v25c
  ram_port_1_ctrl_1822
                     ZeroWireload          tcbn22ullbwp30p140tt0p9v25c
  ram_port_1_ctrl_1821
                     ZeroWireload          tcbn22ullbwp30p140tt0p9v25c
  ram_port_1_ctrl_1820
                     ZeroWireload          tcbn22ullbwp30p140tt0p9v25c
  ram_port_1_ctrl_1819
                     ZeroWireload          tcbn22ullbwp30p140tt0p9v25c
  ram_port_1_ctrl_1818
                     ZeroWireload          tcbn22ullbwp30p140tt0p9v25c
  ram_port_1_ctrl_1817
                     ZeroWireload          tcbn22ullbwp30p140tt0p9v25c
  ram_port_1_ctrl_1816
                     ZeroWireload          tcbn22ullbwp30p140tt0p9v25c
  ram_port_1_ctrl_1815
                     ZeroWireload          tcbn22ullbwp30p140tt0p9v25c
  ram_port_1_ctrl_1814
                     ZeroWireload          tcbn22ullbwp30p140tt0p9v25c
  ram_port_1_ctrl_1813
                     ZeroWireload          tcbn22ullbwp30p140tt0p9v25c
  ram_port_1_ctrl_1812
                     ZeroWireload          tcbn22ullbwp30p140tt0p9v25c
  ram_port_1_ctrl_1811
                     ZeroWireload          tcbn22ullbwp30p140tt0p9v25c
  ram_port_1_ctrl_1810
                     ZeroWireload          tcbn22ullbwp30p140tt0p9v25c
  ram_port_1_ctrl_1809
                     ZeroWireload          tcbn22ullbwp30p140tt0p9v25c
  ram_port_1_ctrl_1808
                     ZeroWireload          tcbn22ullbwp30p140tt0p9v25c
  ram_port_1_ctrl_1807
                     ZeroWireload          tcbn22ullbwp30p140tt0p9v25c
  ram_port_1_ctrl_1806
                     ZeroWireload          tcbn22ullbwp30p140tt0p9v25c
  ram_port_1_ctrl_1805
                     ZeroWireload          tcbn22ullbwp30p140tt0p9v25c
  ram_port_1_ctrl_1804
                     ZeroWireload          tcbn22ullbwp30p140tt0p9v25c
  ram_port_1_ctrl_1803
                     ZeroWireload          tcbn22ullbwp30p140tt0p9v25c
  ram_port_1_ctrl_1802
                     ZeroWireload          tcbn22ullbwp30p140tt0p9v25c
  ram_port_1_ctrl_1801
                     ZeroWireload          tcbn22ullbwp30p140tt0p9v25c
  ram_port_1_ctrl_1800
                     ZeroWireload          tcbn22ullbwp30p140tt0p9v25c
  ram_port_1_ctrl_1799
                     ZeroWireload          tcbn22ullbwp30p140tt0p9v25c
  ram_port_1_ctrl_1798
                     ZeroWireload          tcbn22ullbwp30p140tt0p9v25c
  ram_port_1_ctrl_1797
                     ZeroWireload          tcbn22ullbwp30p140tt0p9v25c
  ram_port_1_ctrl_1796
                     ZeroWireload          tcbn22ullbwp30p140tt0p9v25c
  ram_port_1_ctrl_1795
                     ZeroWireload          tcbn22ullbwp30p140tt0p9v25c
  ram_port_1_ctrl_1794
                     ZeroWireload          tcbn22ullbwp30p140tt0p9v25c
  ram_port_1_ctrl_1793
                     ZeroWireload          tcbn22ullbwp30p140tt0p9v25c
  ram_port_1_ctrl_1792
                     ZeroWireload          tcbn22ullbwp30p140tt0p9v25c
  ram_port_1_ctrl_1791
                     ZeroWireload          tcbn22ullbwp30p140tt0p9v25c
  ram_port_1_ctrl_1790
                     ZeroWireload          tcbn22ullbwp30p140tt0p9v25c
  ram_port_1_ctrl_1789
                     ZeroWireload          tcbn22ullbwp30p140tt0p9v25c
  ram_port_1_ctrl_1788
                     ZeroWireload          tcbn22ullbwp30p140tt0p9v25c
  ram_port_1_ctrl_1787
                     ZeroWireload          tcbn22ullbwp30p140tt0p9v25c
  ram_port_1_ctrl_1786
                     ZeroWireload          tcbn22ullbwp30p140tt0p9v25c
  ram_port_1_ctrl_1785
                     ZeroWireload          tcbn22ullbwp30p140tt0p9v25c
  ram_port_1_ctrl_1784
                     ZeroWireload          tcbn22ullbwp30p140tt0p9v25c
  ram_port_1_ctrl_1783
                     ZeroWireload          tcbn22ullbwp30p140tt0p9v25c
  ram_port_1_ctrl_1782
                     ZeroWireload          tcbn22ullbwp30p140tt0p9v25c
  ram_port_1_ctrl_1781
                     ZeroWireload          tcbn22ullbwp30p140tt0p9v25c
  ram_port_1_ctrl_1780
                     ZeroWireload          tcbn22ullbwp30p140tt0p9v25c
  ram_port_1_ctrl_1779
                     ZeroWireload          tcbn22ullbwp30p140tt0p9v25c
  ram_port_1_ctrl_1778
                     ZeroWireload          tcbn22ullbwp30p140tt0p9v25c
  ram_port_1_ctrl_1777
                     ZeroWireload          tcbn22ullbwp30p140tt0p9v25c
  ram_port_1_ctrl_1776
                     ZeroWireload          tcbn22ullbwp30p140tt0p9v25c
  ram_port_1_ctrl_1775
                     ZeroWireload          tcbn22ullbwp30p140tt0p9v25c
  ram_port_1_ctrl_1774
                     ZeroWireload          tcbn22ullbwp30p140tt0p9v25c
  ram_port_1_ctrl_1773
                     ZeroWireload          tcbn22ullbwp30p140tt0p9v25c
  ram_port_1_ctrl_1772
                     ZeroWireload          tcbn22ullbwp30p140tt0p9v25c
  ram_port_1_ctrl_1771
                     ZeroWireload          tcbn22ullbwp30p140tt0p9v25c
  ram_port_1_ctrl_1770
                     ZeroWireload          tcbn22ullbwp30p140tt0p9v25c
  ram_port_1_ctrl_1769
                     ZeroWireload          tcbn22ullbwp30p140tt0p9v25c
  ram_port_1_ctrl_1768
                     ZeroWireload          tcbn22ullbwp30p140tt0p9v25c
  ram_port_1_ctrl_1767
                     ZeroWireload          tcbn22ullbwp30p140tt0p9v25c
  ram_port_1_ctrl_1766
                     ZeroWireload          tcbn22ullbwp30p140tt0p9v25c
  ram_port_1_ctrl_1765
                     ZeroWireload          tcbn22ullbwp30p140tt0p9v25c
  ram_port_1_ctrl_1764
                     ZeroWireload          tcbn22ullbwp30p140tt0p9v25c
  ram_port_1_ctrl_1763
                     ZeroWireload          tcbn22ullbwp30p140tt0p9v25c
  ram_port_1_ctrl_1762
                     ZeroWireload          tcbn22ullbwp30p140tt0p9v25c
  ram_port_1_ctrl_1761
                     ZeroWireload          tcbn22ullbwp30p140tt0p9v25c
  ram_port_1_ctrl_1760
                     ZeroWireload          tcbn22ullbwp30p140tt0p9v25c
  ram_port_1_ctrl_1759
                     ZeroWireload          tcbn22ullbwp30p140tt0p9v25c
  ram_port_1_ctrl_1758
                     ZeroWireload          tcbn22ullbwp30p140tt0p9v25c
  ram_port_1_ctrl_1757
                     ZeroWireload          tcbn22ullbwp30p140tt0p9v25c
  ram_port_1_ctrl_1756
                     ZeroWireload          tcbn22ullbwp30p140tt0p9v25c
  ram_port_1_ctrl_1755
                     ZeroWireload          tcbn22ullbwp30p140tt0p9v25c
  ram_port_1_ctrl_1754
                     ZeroWireload          tcbn22ullbwp30p140tt0p9v25c
  ram_port_1_ctrl_1753
                     ZeroWireload          tcbn22ullbwp30p140tt0p9v25c
  ram_port_1_ctrl_1752
                     ZeroWireload          tcbn22ullbwp30p140tt0p9v25c
  ram_port_1_ctrl_1751
                     ZeroWireload          tcbn22ullbwp30p140tt0p9v25c
  ram_port_1_ctrl_1750
                     ZeroWireload          tcbn22ullbwp30p140tt0p9v25c
  ram_port_1_ctrl_1749
                     ZeroWireload          tcbn22ullbwp30p140tt0p9v25c
  ram_port_1_ctrl_1748
                     ZeroWireload          tcbn22ullbwp30p140tt0p9v25c
  ram_port_1_ctrl_1747
                     ZeroWireload          tcbn22ullbwp30p140tt0p9v25c
  ram_port_1_ctrl_1746
                     ZeroWireload          tcbn22ullbwp30p140tt0p9v25c
  ram_port_1_ctrl_1745
                     ZeroWireload          tcbn22ullbwp30p140tt0p9v25c
  ram_port_1_ctrl_1744
                     ZeroWireload          tcbn22ullbwp30p140tt0p9v25c
  ram_port_1_ctrl_1743
                     ZeroWireload          tcbn22ullbwp30p140tt0p9v25c
  ram_port_1_ctrl_1742
                     ZeroWireload          tcbn22ullbwp30p140tt0p9v25c
  ram_port_1_ctrl_1741
                     ZeroWireload          tcbn22ullbwp30p140tt0p9v25c
  ram_port_1_ctrl_1740
                     ZeroWireload          tcbn22ullbwp30p140tt0p9v25c
  ram_port_1_ctrl_1739
                     ZeroWireload          tcbn22ullbwp30p140tt0p9v25c
  ram_port_1_ctrl_1738
                     ZeroWireload          tcbn22ullbwp30p140tt0p9v25c
  ram_port_1_ctrl_1737
                     ZeroWireload          tcbn22ullbwp30p140tt0p9v25c
  ram_port_1_ctrl_1736
                     ZeroWireload          tcbn22ullbwp30p140tt0p9v25c
  ram_port_1_ctrl_1735
                     ZeroWireload          tcbn22ullbwp30p140tt0p9v25c
  ram_port_1_ctrl_1734
                     ZeroWireload          tcbn22ullbwp30p140tt0p9v25c
  ram_port_1_ctrl_1733
                     ZeroWireload          tcbn22ullbwp30p140tt0p9v25c
  ram_port_1_ctrl_1732
                     ZeroWireload          tcbn22ullbwp30p140tt0p9v25c
  ram_port_1_ctrl_1731
                     ZeroWireload          tcbn22ullbwp30p140tt0p9v25c
  ram_port_1_ctrl_1730
                     ZeroWireload          tcbn22ullbwp30p140tt0p9v25c
  ram_port_1_ctrl_1729
                     ZeroWireload          tcbn22ullbwp30p140tt0p9v25c
  ram_port_1_ctrl_1728
                     ZeroWireload          tcbn22ullbwp30p140tt0p9v25c
  ram_port_1_ctrl_1727
                     ZeroWireload          tcbn22ullbwp30p140tt0p9v25c
  ram_port_1_ctrl_1726
                     ZeroWireload          tcbn22ullbwp30p140tt0p9v25c
  ram_port_1_ctrl_1725
                     ZeroWireload          tcbn22ullbwp30p140tt0p9v25c
  ram_port_1_ctrl_1724
                     ZeroWireload          tcbn22ullbwp30p140tt0p9v25c
  ram_port_1_ctrl_1723
                     ZeroWireload          tcbn22ullbwp30p140tt0p9v25c
  ram_port_1_ctrl_1722
                     ZeroWireload          tcbn22ullbwp30p140tt0p9v25c
  ram_port_1_ctrl_1721
                     ZeroWireload          tcbn22ullbwp30p140tt0p9v25c
  ram_port_1_ctrl_1720
                     ZeroWireload          tcbn22ullbwp30p140tt0p9v25c
  ram_port_1_ctrl_1719
                     ZeroWireload          tcbn22ullbwp30p140tt0p9v25c
  ram_port_1_ctrl_1718
                     ZeroWireload          tcbn22ullbwp30p140tt0p9v25c
  ram_port_1_ctrl_1717
                     ZeroWireload          tcbn22ullbwp30p140tt0p9v25c
  ram_port_1_ctrl_1716
                     ZeroWireload          tcbn22ullbwp30p140tt0p9v25c
  ram_port_1_ctrl_1715
                     ZeroWireload          tcbn22ullbwp30p140tt0p9v25c
  ram_port_1_ctrl_1714
                     ZeroWireload          tcbn22ullbwp30p140tt0p9v25c
  ram_port_1_ctrl_1713
                     ZeroWireload          tcbn22ullbwp30p140tt0p9v25c
  ram_port_1_ctrl_1712
                     ZeroWireload          tcbn22ullbwp30p140tt0p9v25c
  ram_port_1_ctrl_1711
                     ZeroWireload          tcbn22ullbwp30p140tt0p9v25c
  ram_port_1_ctrl_1710
                     ZeroWireload          tcbn22ullbwp30p140tt0p9v25c
  ram_port_1_ctrl_1709
                     ZeroWireload          tcbn22ullbwp30p140tt0p9v25c
  ram_port_1_ctrl_1708
                     ZeroWireload          tcbn22ullbwp30p140tt0p9v25c
  ram_port_1_ctrl_1707
                     ZeroWireload          tcbn22ullbwp30p140tt0p9v25c
  ram_port_1_ctrl_1706
                     ZeroWireload          tcbn22ullbwp30p140tt0p9v25c
  ram_port_1_ctrl_1705
                     ZeroWireload          tcbn22ullbwp30p140tt0p9v25c
  ram_port_1_ctrl_1704
                     ZeroWireload          tcbn22ullbwp30p140tt0p9v25c
  ram_port_1_ctrl_1703
                     ZeroWireload          tcbn22ullbwp30p140tt0p9v25c
  ram_port_1_ctrl_1702
                     ZeroWireload          tcbn22ullbwp30p140tt0p9v25c
  ram_port_1_ctrl_1701
                     ZeroWireload          tcbn22ullbwp30p140tt0p9v25c
  ram_port_1_ctrl_1700
                     ZeroWireload          tcbn22ullbwp30p140tt0p9v25c
  ram_port_1_ctrl_1699
                     ZeroWireload          tcbn22ullbwp30p140tt0p9v25c
  ram_port_1_ctrl_1698
                     ZeroWireload          tcbn22ullbwp30p140tt0p9v25c
  ram_port_1_ctrl_1697
                     ZeroWireload          tcbn22ullbwp30p140tt0p9v25c
  ram_port_1_ctrl_1696
                     ZeroWireload          tcbn22ullbwp30p140tt0p9v25c
  ram_port_1_ctrl_1695
                     ZeroWireload          tcbn22ullbwp30p140tt0p9v25c
  ram_port_1_ctrl_1694
                     ZeroWireload          tcbn22ullbwp30p140tt0p9v25c
  ram_port_1_ctrl_1693
                     ZeroWireload          tcbn22ullbwp30p140tt0p9v25c
  ram_port_1_ctrl_1692
                     ZeroWireload          tcbn22ullbwp30p140tt0p9v25c
  ram_port_1_ctrl_1691
                     ZeroWireload          tcbn22ullbwp30p140tt0p9v25c
  ram_port_1_ctrl_1690
                     ZeroWireload          tcbn22ullbwp30p140tt0p9v25c
  ram_port_1_ctrl_1689
                     ZeroWireload          tcbn22ullbwp30p140tt0p9v25c
  ram_port_1_ctrl_1688
                     ZeroWireload          tcbn22ullbwp30p140tt0p9v25c
  ram_port_1_ctrl_1687
                     ZeroWireload          tcbn22ullbwp30p140tt0p9v25c
  ram_port_1_ctrl_1686
                     ZeroWireload          tcbn22ullbwp30p140tt0p9v25c
  ram_port_1_ctrl_1685
                     ZeroWireload          tcbn22ullbwp30p140tt0p9v25c
  ram_port_1_ctrl_1684
                     ZeroWireload          tcbn22ullbwp30p140tt0p9v25c
  ram_port_1_ctrl_1683
                     ZeroWireload          tcbn22ullbwp30p140tt0p9v25c
  ram_port_1_ctrl_1682
                     ZeroWireload          tcbn22ullbwp30p140tt0p9v25c
  ram_port_1_ctrl_1681
                     ZeroWireload          tcbn22ullbwp30p140tt0p9v25c
  ram_port_1_ctrl_1680
                     ZeroWireload          tcbn22ullbwp30p140tt0p9v25c
  ram_port_1_ctrl_1679
                     ZeroWireload          tcbn22ullbwp30p140tt0p9v25c
  ram_port_1_ctrl_1678
                     ZeroWireload          tcbn22ullbwp30p140tt0p9v25c
  ram_port_1_ctrl_1677
                     ZeroWireload          tcbn22ullbwp30p140tt0p9v25c
  ram_port_1_ctrl_1676
                     ZeroWireload          tcbn22ullbwp30p140tt0p9v25c
  ram_port_1_ctrl_1675
                     ZeroWireload          tcbn22ullbwp30p140tt0p9v25c
  ram_port_1_ctrl_1674
                     ZeroWireload          tcbn22ullbwp30p140tt0p9v25c
  ram_port_1_ctrl_1673
                     ZeroWireload          tcbn22ullbwp30p140tt0p9v25c
  ram_port_1_ctrl_1672
                     ZeroWireload          tcbn22ullbwp30p140tt0p9v25c
  ram_port_1_ctrl_1671
                     ZeroWireload          tcbn22ullbwp30p140tt0p9v25c
  ram_port_1_ctrl_1670
                     ZeroWireload          tcbn22ullbwp30p140tt0p9v25c
  ram_port_1_ctrl_1669
                     ZeroWireload          tcbn22ullbwp30p140tt0p9v25c
  ram_port_1_ctrl_1668
                     ZeroWireload          tcbn22ullbwp30p140tt0p9v25c
  ram_port_1_ctrl_1667
                     ZeroWireload          tcbn22ullbwp30p140tt0p9v25c
  ram_port_1_ctrl_1666
                     ZeroWireload          tcbn22ullbwp30p140tt0p9v25c
  ram_port_1_ctrl_1665
                     ZeroWireload          tcbn22ullbwp30p140tt0p9v25c
  ram_port_1_ctrl_1664
                     ZeroWireload          tcbn22ullbwp30p140tt0p9v25c
  ram_port_1_ctrl_1663
                     ZeroWireload          tcbn22ullbwp30p140tt0p9v25c
  ram_port_1_ctrl_1662
                     ZeroWireload          tcbn22ullbwp30p140tt0p9v25c
  ram_port_1_ctrl_1661
                     ZeroWireload          tcbn22ullbwp30p140tt0p9v25c
  ram_port_1_ctrl_1660
                     ZeroWireload          tcbn22ullbwp30p140tt0p9v25c
  ram_port_1_ctrl_1659
                     ZeroWireload          tcbn22ullbwp30p140tt0p9v25c
  ram_port_1_ctrl_1658
                     ZeroWireload          tcbn22ullbwp30p140tt0p9v25c
  ram_port_1_ctrl_1657
                     ZeroWireload          tcbn22ullbwp30p140tt0p9v25c
  ram_port_1_ctrl_1656
                     ZeroWireload          tcbn22ullbwp30p140tt0p9v25c
  ram_port_1_ctrl_1655
                     ZeroWireload          tcbn22ullbwp30p140tt0p9v25c
  ram_port_1_ctrl_1654
                     ZeroWireload          tcbn22ullbwp30p140tt0p9v25c
  ram_port_1_ctrl_1653
                     ZeroWireload          tcbn22ullbwp30p140tt0p9v25c
  ram_port_1_ctrl_1652
                     ZeroWireload          tcbn22ullbwp30p140tt0p9v25c
  ram_port_1_ctrl_1651
                     ZeroWireload          tcbn22ullbwp30p140tt0p9v25c
  ram_port_1_ctrl_1650
                     ZeroWireload          tcbn22ullbwp30p140tt0p9v25c
  ram_port_1_ctrl_1649
                     ZeroWireload          tcbn22ullbwp30p140tt0p9v25c
  ram_port_1_ctrl_1648
                     ZeroWireload          tcbn22ullbwp30p140tt0p9v25c
  ram_port_1_ctrl_1647
                     ZeroWireload          tcbn22ullbwp30p140tt0p9v25c
  ram_port_1_ctrl_1646
                     ZeroWireload          tcbn22ullbwp30p140tt0p9v25c
  ram_port_1_ctrl_1645
                     ZeroWireload          tcbn22ullbwp30p140tt0p9v25c
  ram_port_1_ctrl_1644
                     ZeroWireload          tcbn22ullbwp30p140tt0p9v25c
  ram_port_1_ctrl_1643
                     ZeroWireload          tcbn22ullbwp30p140tt0p9v25c
  ram_port_1_ctrl_1642
                     ZeroWireload          tcbn22ullbwp30p140tt0p9v25c
  ram_port_1_ctrl_1641
                     ZeroWireload          tcbn22ullbwp30p140tt0p9v25c
  ram_port_1_ctrl_1640
                     ZeroWireload          tcbn22ullbwp30p140tt0p9v25c
  ram_port_1_ctrl_1639
                     ZeroWireload          tcbn22ullbwp30p140tt0p9v25c
  ram_port_1_ctrl_1638
                     ZeroWireload          tcbn22ullbwp30p140tt0p9v25c
  ram_port_1_ctrl_1637
                     ZeroWireload          tcbn22ullbwp30p140tt0p9v25c
  ram_port_1_ctrl_1636
                     ZeroWireload          tcbn22ullbwp30p140tt0p9v25c
  ram_port_1_ctrl_1635
                     ZeroWireload          tcbn22ullbwp30p140tt0p9v25c
  ram_port_1_ctrl_1634
                     ZeroWireload          tcbn22ullbwp30p140tt0p9v25c
  ram_port_1_ctrl_1633
                     ZeroWireload          tcbn22ullbwp30p140tt0p9v25c
  ram_port_1_ctrl_1632
                     ZeroWireload          tcbn22ullbwp30p140tt0p9v25c
  ram_port_1_ctrl_1631
                     ZeroWireload          tcbn22ullbwp30p140tt0p9v25c
  ram_port_1_ctrl_1630
                     ZeroWireload          tcbn22ullbwp30p140tt0p9v25c
  ram_port_1_ctrl_1629
                     ZeroWireload          tcbn22ullbwp30p140tt0p9v25c
  ram_port_1_ctrl_1628
                     ZeroWireload          tcbn22ullbwp30p140tt0p9v25c
  ram_port_1_ctrl_1627
                     ZeroWireload          tcbn22ullbwp30p140tt0p9v25c
  ram_port_1_ctrl_1626
                     ZeroWireload          tcbn22ullbwp30p140tt0p9v25c
  ram_port_1_ctrl_1625
                     ZeroWireload          tcbn22ullbwp30p140tt0p9v25c
  ram_port_1_ctrl_1624
                     ZeroWireload          tcbn22ullbwp30p140tt0p9v25c
  ram_port_1_ctrl_1623
                     ZeroWireload          tcbn22ullbwp30p140tt0p9v25c
  ram_port_1_ctrl_1622
                     ZeroWireload          tcbn22ullbwp30p140tt0p9v25c
  ram_port_1_ctrl_1621
                     ZeroWireload          tcbn22ullbwp30p140tt0p9v25c
  ram_port_1_ctrl_1620
                     ZeroWireload          tcbn22ullbwp30p140tt0p9v25c
  ram_port_1_ctrl_1619
                     ZeroWireload          tcbn22ullbwp30p140tt0p9v25c
  ram_port_1_ctrl_1618
                     ZeroWireload          tcbn22ullbwp30p140tt0p9v25c
  ram_port_1_ctrl_1617
                     ZeroWireload          tcbn22ullbwp30p140tt0p9v25c
  ram_port_1_ctrl_1616
                     ZeroWireload          tcbn22ullbwp30p140tt0p9v25c
  ram_port_1_ctrl_1615
                     ZeroWireload          tcbn22ullbwp30p140tt0p9v25c
  ram_port_1_ctrl_1614
                     ZeroWireload          tcbn22ullbwp30p140tt0p9v25c
  ram_port_1_ctrl_1613
                     ZeroWireload          tcbn22ullbwp30p140tt0p9v25c
  ram_port_1_ctrl_1612
                     ZeroWireload          tcbn22ullbwp30p140tt0p9v25c
  ram_port_1_ctrl_1611
                     ZeroWireload          tcbn22ullbwp30p140tt0p9v25c
  ram_port_1_ctrl_1610
                     ZeroWireload          tcbn22ullbwp30p140tt0p9v25c
  ram_port_1_ctrl_1609
                     ZeroWireload          tcbn22ullbwp30p140tt0p9v25c
  ram_port_1_ctrl_1608
                     ZeroWireload          tcbn22ullbwp30p140tt0p9v25c
  ram_port_1_ctrl_1607
                     ZeroWireload          tcbn22ullbwp30p140tt0p9v25c
  ram_port_1_ctrl_1606
                     ZeroWireload          tcbn22ullbwp30p140tt0p9v25c
  ram_port_1_ctrl_1605
                     ZeroWireload          tcbn22ullbwp30p140tt0p9v25c
  ram_port_1_ctrl_1604
                     ZeroWireload          tcbn22ullbwp30p140tt0p9v25c
  ram_port_1_ctrl_1603
                     ZeroWireload          tcbn22ullbwp30p140tt0p9v25c
  ram_port_1_ctrl_1602
                     ZeroWireload          tcbn22ullbwp30p140tt0p9v25c
  ram_port_1_ctrl_1601
                     ZeroWireload          tcbn22ullbwp30p140tt0p9v25c
  ram_port_1_ctrl_1600
                     ZeroWireload          tcbn22ullbwp30p140tt0p9v25c
  ram_port_1_ctrl_1599
                     ZeroWireload          tcbn22ullbwp30p140tt0p9v25c
  ram_port_1_ctrl_1598
                     ZeroWireload          tcbn22ullbwp30p140tt0p9v25c
  ram_port_1_ctrl_1597
                     ZeroWireload          tcbn22ullbwp30p140tt0p9v25c
  ram_port_1_ctrl_1596
                     ZeroWireload          tcbn22ullbwp30p140tt0p9v25c
  ram_port_1_ctrl_1595
                     ZeroWireload          tcbn22ullbwp30p140tt0p9v25c
  ram_port_1_ctrl_1594
                     ZeroWireload          tcbn22ullbwp30p140tt0p9v25c
  ram_port_1_ctrl_1593
                     ZeroWireload          tcbn22ullbwp30p140tt0p9v25c
  ram_port_1_ctrl_1592
                     ZeroWireload          tcbn22ullbwp30p140tt0p9v25c
  ram_port_1_ctrl_1591
                     ZeroWireload          tcbn22ullbwp30p140tt0p9v25c
  ram_port_1_ctrl_1590
                     ZeroWireload          tcbn22ullbwp30p140tt0p9v25c
  ram_port_1_ctrl_1589
                     ZeroWireload          tcbn22ullbwp30p140tt0p9v25c
  ram_port_1_ctrl_1588
                     ZeroWireload          tcbn22ullbwp30p140tt0p9v25c
  ram_port_1_ctrl_1587
                     ZeroWireload          tcbn22ullbwp30p140tt0p9v25c
  ram_port_1_ctrl_1586
                     ZeroWireload          tcbn22ullbwp30p140tt0p9v25c
  ram_port_1_ctrl_1585
                     ZeroWireload          tcbn22ullbwp30p140tt0p9v25c
  ram_port_1_ctrl_1584
                     ZeroWireload          tcbn22ullbwp30p140tt0p9v25c
  ram_port_1_ctrl_1583
                     ZeroWireload          tcbn22ullbwp30p140tt0p9v25c
  ram_port_1_ctrl_1582
                     ZeroWireload          tcbn22ullbwp30p140tt0p9v25c
  ram_port_1_ctrl_1581
                     ZeroWireload          tcbn22ullbwp30p140tt0p9v25c
  ram_port_1_ctrl_1580
                     ZeroWireload          tcbn22ullbwp30p140tt0p9v25c
  ram_port_1_ctrl_1579
                     ZeroWireload          tcbn22ullbwp30p140tt0p9v25c
  ram_port_1_ctrl_1578
                     ZeroWireload          tcbn22ullbwp30p140tt0p9v25c
  ram_port_1_ctrl_1577
                     ZeroWireload          tcbn22ullbwp30p140tt0p9v25c
  ram_port_1_ctrl_1576
                     ZeroWireload          tcbn22ullbwp30p140tt0p9v25c
  ram_port_1_ctrl_1575
                     ZeroWireload          tcbn22ullbwp30p140tt0p9v25c
  ram_port_1_ctrl_1574
                     ZeroWireload          tcbn22ullbwp30p140tt0p9v25c
  ram_port_1_ctrl_1573
                     ZeroWireload          tcbn22ullbwp30p140tt0p9v25c
  ram_port_1_ctrl_1572
                     ZeroWireload          tcbn22ullbwp30p140tt0p9v25c
  ram_port_1_ctrl_1571
                     ZeroWireload          tcbn22ullbwp30p140tt0p9v25c
  ram_port_1_ctrl_1570
                     ZeroWireload          tcbn22ullbwp30p140tt0p9v25c
  ram_port_1_ctrl_1569
                     ZeroWireload          tcbn22ullbwp30p140tt0p9v25c
  ram_port_1_ctrl_1568
                     ZeroWireload          tcbn22ullbwp30p140tt0p9v25c
  ram_port_1_ctrl_1567
                     ZeroWireload          tcbn22ullbwp30p140tt0p9v25c
  ram_port_1_ctrl_1566
                     ZeroWireload          tcbn22ullbwp30p140tt0p9v25c
  ram_port_1_ctrl_1565
                     ZeroWireload          tcbn22ullbwp30p140tt0p9v25c
  ram_port_1_ctrl_1564
                     ZeroWireload          tcbn22ullbwp30p140tt0p9v25c
  ram_port_1_ctrl_1563
                     ZeroWireload          tcbn22ullbwp30p140tt0p9v25c
  ram_port_1_ctrl_1562
                     ZeroWireload          tcbn22ullbwp30p140tt0p9v25c
  ram_port_1_ctrl_1561
                     ZeroWireload          tcbn22ullbwp30p140tt0p9v25c
  ram_port_1_ctrl_1560
                     ZeroWireload          tcbn22ullbwp30p140tt0p9v25c
  ram_port_1_ctrl_1559
                     ZeroWireload          tcbn22ullbwp30p140tt0p9v25c
  ram_port_1_ctrl_1558
                     ZeroWireload          tcbn22ullbwp30p140tt0p9v25c
  ram_port_1_ctrl_1557
                     ZeroWireload          tcbn22ullbwp30p140tt0p9v25c
  ram_port_1_ctrl_1556
                     ZeroWireload          tcbn22ullbwp30p140tt0p9v25c
  ram_port_1_ctrl_1555
                     ZeroWireload          tcbn22ullbwp30p140tt0p9v25c
  ram_port_1_ctrl_1554
                     ZeroWireload          tcbn22ullbwp30p140tt0p9v25c
  ram_port_1_ctrl_1553
                     ZeroWireload          tcbn22ullbwp30p140tt0p9v25c
  ram_port_1_ctrl_1552
                     ZeroWireload          tcbn22ullbwp30p140tt0p9v25c
  ram_port_1_ctrl_1551
                     ZeroWireload          tcbn22ullbwp30p140tt0p9v25c
  ram_port_1_ctrl_1550
                     ZeroWireload          tcbn22ullbwp30p140tt0p9v25c
  ram_port_1_ctrl_1549
                     ZeroWireload          tcbn22ullbwp30p140tt0p9v25c
  ram_port_1_ctrl_1548
                     ZeroWireload          tcbn22ullbwp30p140tt0p9v25c
  ram_port_1_ctrl_1547
                     ZeroWireload          tcbn22ullbwp30p140tt0p9v25c
  ram_port_1_ctrl_1546
                     ZeroWireload          tcbn22ullbwp30p140tt0p9v25c
  ram_port_1_ctrl_1545
                     ZeroWireload          tcbn22ullbwp30p140tt0p9v25c
  ram_port_1_ctrl_1544
                     ZeroWireload          tcbn22ullbwp30p140tt0p9v25c
  ram_port_1_ctrl_1543
                     ZeroWireload          tcbn22ullbwp30p140tt0p9v25c
  ram_port_1_ctrl_1542
                     ZeroWireload          tcbn22ullbwp30p140tt0p9v25c
  ram_port_1_ctrl_1541
                     ZeroWireload          tcbn22ullbwp30p140tt0p9v25c
  ram_port_1_ctrl_1540
                     ZeroWireload          tcbn22ullbwp30p140tt0p9v25c
  ram_port_1_ctrl_1539
                     ZeroWireload          tcbn22ullbwp30p140tt0p9v25c
  ram_port_1_ctrl_1538
                     ZeroWireload          tcbn22ullbwp30p140tt0p9v25c
  ram_port_1_ctrl_1537
                     ZeroWireload          tcbn22ullbwp30p140tt0p9v25c
  ram_port_1_ctrl_1536
                     ZeroWireload          tcbn22ullbwp30p140tt0p9v25c
  ram_port_1_ctrl_1535
                     ZeroWireload          tcbn22ullbwp30p140tt0p9v25c
  ram_port_1_ctrl_1534
                     ZeroWireload          tcbn22ullbwp30p140tt0p9v25c
  ram_port_1_ctrl_1533
                     ZeroWireload          tcbn22ullbwp30p140tt0p9v25c
  ram_port_1_ctrl_1532
                     ZeroWireload          tcbn22ullbwp30p140tt0p9v25c
  ram_port_1_ctrl_1531
                     ZeroWireload          tcbn22ullbwp30p140tt0p9v25c
  ram_port_1_ctrl_1530
                     ZeroWireload          tcbn22ullbwp30p140tt0p9v25c
  ram_port_1_ctrl_1529
                     ZeroWireload          tcbn22ullbwp30p140tt0p9v25c
  ram_port_1_ctrl_1528
                     ZeroWireload          tcbn22ullbwp30p140tt0p9v25c
  ram_port_1_ctrl_1527
                     ZeroWireload          tcbn22ullbwp30p140tt0p9v25c
  ram_port_1_ctrl_1526
                     ZeroWireload          tcbn22ullbwp30p140tt0p9v25c
  ram_port_1_ctrl_1525
                     ZeroWireload          tcbn22ullbwp30p140tt0p9v25c
  ram_port_1_ctrl_1524
                     ZeroWireload          tcbn22ullbwp30p140tt0p9v25c
  ram_port_1_ctrl_1523
                     ZeroWireload          tcbn22ullbwp30p140tt0p9v25c
  ram_port_1_ctrl_1522
                     ZeroWireload          tcbn22ullbwp30p140tt0p9v25c
  ram_port_1_ctrl_1521
                     ZeroWireload          tcbn22ullbwp30p140tt0p9v25c
  ram_port_1_ctrl_1520
                     ZeroWireload          tcbn22ullbwp30p140tt0p9v25c
  ram_port_1_ctrl_1519
                     ZeroWireload          tcbn22ullbwp30p140tt0p9v25c
  ram_port_1_ctrl_1518
                     ZeroWireload          tcbn22ullbwp30p140tt0p9v25c
  ram_port_1_ctrl_1517
                     ZeroWireload          tcbn22ullbwp30p140tt0p9v25c
  ram_port_1_ctrl_1516
                     ZeroWireload          tcbn22ullbwp30p140tt0p9v25c
  ram_port_1_ctrl_1515
                     ZeroWireload          tcbn22ullbwp30p140tt0p9v25c
  ram_port_1_ctrl_1514
                     ZeroWireload          tcbn22ullbwp30p140tt0p9v25c
  ram_port_1_ctrl_1513
                     ZeroWireload          tcbn22ullbwp30p140tt0p9v25c
  ram_port_1_ctrl_1512
                     ZeroWireload          tcbn22ullbwp30p140tt0p9v25c
  ram_port_1_ctrl_1511
                     ZeroWireload          tcbn22ullbwp30p140tt0p9v25c
  ram_port_1_ctrl_1510
                     ZeroWireload          tcbn22ullbwp30p140tt0p9v25c
  ram_port_1_ctrl_1509
                     ZeroWireload          tcbn22ullbwp30p140tt0p9v25c
  ram_port_1_ctrl_1508
                     ZeroWireload          tcbn22ullbwp30p140tt0p9v25c
  ram_port_1_ctrl_1507
                     ZeroWireload          tcbn22ullbwp30p140tt0p9v25c
  ram_port_1_ctrl_1506
                     ZeroWireload          tcbn22ullbwp30p140tt0p9v25c
  ram_port_1_ctrl_1505
                     ZeroWireload          tcbn22ullbwp30p140tt0p9v25c
  ram_port_1_ctrl_1504
                     ZeroWireload          tcbn22ullbwp30p140tt0p9v25c
  ram_port_1_ctrl_1503
                     ZeroWireload          tcbn22ullbwp30p140tt0p9v25c
  ram_port_1_ctrl_1502
                     ZeroWireload          tcbn22ullbwp30p140tt0p9v25c
  ram_port_1_ctrl_1501
                     ZeroWireload          tcbn22ullbwp30p140tt0p9v25c
  ram_port_1_ctrl_1500
                     ZeroWireload          tcbn22ullbwp30p140tt0p9v25c
  ram_port_1_ctrl_1499
                     ZeroWireload          tcbn22ullbwp30p140tt0p9v25c
  ram_port_1_ctrl_1498
                     ZeroWireload          tcbn22ullbwp30p140tt0p9v25c
  ram_port_1_ctrl_1497
                     ZeroWireload          tcbn22ullbwp30p140tt0p9v25c
  ram_port_1_ctrl_1496
                     ZeroWireload          tcbn22ullbwp30p140tt0p9v25c
  ram_port_1_ctrl_1495
                     ZeroWireload          tcbn22ullbwp30p140tt0p9v25c
  ram_port_1_ctrl_1494
                     ZeroWireload          tcbn22ullbwp30p140tt0p9v25c
  ram_port_1_ctrl_1493
                     ZeroWireload          tcbn22ullbwp30p140tt0p9v25c
  ram_port_1_ctrl_1492
                     ZeroWireload          tcbn22ullbwp30p140tt0p9v25c
  ram_port_1_ctrl_1491
                     ZeroWireload          tcbn22ullbwp30p140tt0p9v25c
  ram_port_1_ctrl_1490
                     ZeroWireload          tcbn22ullbwp30p140tt0p9v25c
  ram_port_1_ctrl_1489
                     ZeroWireload          tcbn22ullbwp30p140tt0p9v25c
  ram_port_1_ctrl_1488
                     ZeroWireload          tcbn22ullbwp30p140tt0p9v25c
  ram_port_1_ctrl_1487
                     ZeroWireload          tcbn22ullbwp30p140tt0p9v25c
  ram_port_1_ctrl_1486
                     ZeroWireload          tcbn22ullbwp30p140tt0p9v25c
  ram_port_1_ctrl_1485
                     ZeroWireload          tcbn22ullbwp30p140tt0p9v25c
  ram_port_1_ctrl_1484
                     ZeroWireload          tcbn22ullbwp30p140tt0p9v25c
  ram_port_1_ctrl_1483
                     ZeroWireload          tcbn22ullbwp30p140tt0p9v25c
  ram_port_1_ctrl_1482
                     ZeroWireload          tcbn22ullbwp30p140tt0p9v25c
  ram_port_1_ctrl_1481
                     ZeroWireload          tcbn22ullbwp30p140tt0p9v25c
  ram_port_1_ctrl_1480
                     ZeroWireload          tcbn22ullbwp30p140tt0p9v25c
  ram_port_1_ctrl_1479
                     ZeroWireload          tcbn22ullbwp30p140tt0p9v25c
  ram_port_1_ctrl_1478
                     ZeroWireload          tcbn22ullbwp30p140tt0p9v25c
  ram_port_1_ctrl_1477
                     ZeroWireload          tcbn22ullbwp30p140tt0p9v25c
  ram_port_1_ctrl_1476
                     ZeroWireload          tcbn22ullbwp30p140tt0p9v25c
  ram_port_1_ctrl_1475
                     ZeroWireload          tcbn22ullbwp30p140tt0p9v25c
  ram_port_1_ctrl_1474
                     ZeroWireload          tcbn22ullbwp30p140tt0p9v25c
  ram_port_1_ctrl_1473
                     ZeroWireload          tcbn22ullbwp30p140tt0p9v25c
  ram_port_1_ctrl_1472
                     ZeroWireload          tcbn22ullbwp30p140tt0p9v25c
  ram_port_1_ctrl_1471
                     ZeroWireload          tcbn22ullbwp30p140tt0p9v25c
  ram_port_1_ctrl_1470
                     ZeroWireload          tcbn22ullbwp30p140tt0p9v25c
  ram_port_1_ctrl_1469
                     ZeroWireload          tcbn22ullbwp30p140tt0p9v25c
  ram_port_1_ctrl_1468
                     ZeroWireload          tcbn22ullbwp30p140tt0p9v25c
  ram_port_1_ctrl_1467
                     ZeroWireload          tcbn22ullbwp30p140tt0p9v25c
  ram_port_1_ctrl_1466
                     ZeroWireload          tcbn22ullbwp30p140tt0p9v25c
  ram_port_1_ctrl_1465
                     ZeroWireload          tcbn22ullbwp30p140tt0p9v25c
  ram_port_1_ctrl_1464
                     ZeroWireload          tcbn22ullbwp30p140tt0p9v25c
  ram_port_1_ctrl_1463
                     ZeroWireload          tcbn22ullbwp30p140tt0p9v25c
  ram_port_1_ctrl_1462
                     ZeroWireload          tcbn22ullbwp30p140tt0p9v25c
  ram_port_1_ctrl_1461
                     ZeroWireload          tcbn22ullbwp30p140tt0p9v25c
  ram_port_1_ctrl_1460
                     ZeroWireload          tcbn22ullbwp30p140tt0p9v25c
  ram_port_1_ctrl_1459
                     ZeroWireload          tcbn22ullbwp30p140tt0p9v25c
  ram_port_1_ctrl_1458
                     ZeroWireload          tcbn22ullbwp30p140tt0p9v25c
  ram_port_1_ctrl_1457
                     ZeroWireload          tcbn22ullbwp30p140tt0p9v25c
  ram_port_1_ctrl_1456
                     ZeroWireload          tcbn22ullbwp30p140tt0p9v25c
  ram_port_1_ctrl_1455
                     ZeroWireload          tcbn22ullbwp30p140tt0p9v25c
  ram_port_1_ctrl_1454
                     ZeroWireload          tcbn22ullbwp30p140tt0p9v25c
  ram_port_1_ctrl_1453
                     ZeroWireload          tcbn22ullbwp30p140tt0p9v25c
  ram_port_1_ctrl_1452
                     ZeroWireload          tcbn22ullbwp30p140tt0p9v25c
  ram_port_1_ctrl_1451
                     ZeroWireload          tcbn22ullbwp30p140tt0p9v25c
  ram_port_1_ctrl_1450
                     ZeroWireload          tcbn22ullbwp30p140tt0p9v25c
  ram_port_1_ctrl_1449
                     ZeroWireload          tcbn22ullbwp30p140tt0p9v25c
  ram_port_1_ctrl_1448
                     ZeroWireload          tcbn22ullbwp30p140tt0p9v25c
  ram_port_1_ctrl_1447
                     ZeroWireload          tcbn22ullbwp30p140tt0p9v25c
  ram_port_1_ctrl_1446
                     ZeroWireload          tcbn22ullbwp30p140tt0p9v25c
  ram_port_1_ctrl_1445
                     ZeroWireload          tcbn22ullbwp30p140tt0p9v25c
  ram_port_1_ctrl_1444
                     ZeroWireload          tcbn22ullbwp30p140tt0p9v25c
  ram_port_1_ctrl_1443
                     ZeroWireload          tcbn22ullbwp30p140tt0p9v25c
  ram_port_1_ctrl_1442
                     ZeroWireload          tcbn22ullbwp30p140tt0p9v25c
  ram_port_1_ctrl_1441
                     ZeroWireload          tcbn22ullbwp30p140tt0p9v25c
  ram_port_1_ctrl_1440
                     ZeroWireload          tcbn22ullbwp30p140tt0p9v25c
  ram_port_1_ctrl_1439
                     ZeroWireload          tcbn22ullbwp30p140tt0p9v25c
  ram_port_1_ctrl_1438
                     ZeroWireload          tcbn22ullbwp30p140tt0p9v25c
  ram_port_1_ctrl_1437
                     ZeroWireload          tcbn22ullbwp30p140tt0p9v25c
  ram_port_1_ctrl_1436
                     ZeroWireload          tcbn22ullbwp30p140tt0p9v25c
  ram_port_1_ctrl_1435
                     ZeroWireload          tcbn22ullbwp30p140tt0p9v25c
  ram_port_1_ctrl_1434
                     ZeroWireload          tcbn22ullbwp30p140tt0p9v25c
  ram_port_1_ctrl_1433
                     ZeroWireload          tcbn22ullbwp30p140tt0p9v25c
  ram_port_1_ctrl_1432
                     ZeroWireload          tcbn22ullbwp30p140tt0p9v25c
  ram_port_1_ctrl_1431
                     ZeroWireload          tcbn22ullbwp30p140tt0p9v25c
  ram_port_1_ctrl_1430
                     ZeroWireload          tcbn22ullbwp30p140tt0p9v25c
  ram_port_1_ctrl_1429
                     ZeroWireload          tcbn22ullbwp30p140tt0p9v25c
  ram_port_1_ctrl_1428
                     ZeroWireload          tcbn22ullbwp30p140tt0p9v25c
  ram_port_1_ctrl_1427
                     ZeroWireload          tcbn22ullbwp30p140tt0p9v25c
  ram_port_1_ctrl_1426
                     ZeroWireload          tcbn22ullbwp30p140tt0p9v25c
  ram_port_1_ctrl_1425
                     ZeroWireload          tcbn22ullbwp30p140tt0p9v25c
  ram_port_1_ctrl_1424
                     ZeroWireload          tcbn22ullbwp30p140tt0p9v25c
  ram_port_1_ctrl_1423
                     ZeroWireload          tcbn22ullbwp30p140tt0p9v25c
  ram_port_1_ctrl_1422
                     ZeroWireload          tcbn22ullbwp30p140tt0p9v25c
  ram_port_1_ctrl_1421
                     ZeroWireload          tcbn22ullbwp30p140tt0p9v25c
  ram_port_1_ctrl_1420
                     ZeroWireload          tcbn22ullbwp30p140tt0p9v25c
  ram_port_1_ctrl_1419
                     ZeroWireload          tcbn22ullbwp30p140tt0p9v25c
  ram_port_1_ctrl_1418
                     ZeroWireload          tcbn22ullbwp30p140tt0p9v25c
  ram_port_1_ctrl_1417
                     ZeroWireload          tcbn22ullbwp30p140tt0p9v25c
  ram_port_1_ctrl_1416
                     ZeroWireload          tcbn22ullbwp30p140tt0p9v25c
  ram_port_1_ctrl_1415
                     ZeroWireload          tcbn22ullbwp30p140tt0p9v25c
  ram_port_1_ctrl_1414
                     ZeroWireload          tcbn22ullbwp30p140tt0p9v25c
  ram_port_1_ctrl_1413
                     ZeroWireload          tcbn22ullbwp30p140tt0p9v25c
  ram_port_1_ctrl_1412
                     ZeroWireload          tcbn22ullbwp30p140tt0p9v25c
  ram_port_1_ctrl_1411
                     ZeroWireload          tcbn22ullbwp30p140tt0p9v25c
  ram_port_1_ctrl_1410
                     ZeroWireload          tcbn22ullbwp30p140tt0p9v25c
  ram_port_1_ctrl_1409
                     ZeroWireload          tcbn22ullbwp30p140tt0p9v25c
  ram_port_1_ctrl_1408
                     ZeroWireload          tcbn22ullbwp30p140tt0p9v25c
  ram_port_1_ctrl_1407
                     ZeroWireload          tcbn22ullbwp30p140tt0p9v25c
  ram_port_1_ctrl_1406
                     ZeroWireload          tcbn22ullbwp30p140tt0p9v25c
  ram_port_1_ctrl_1405
                     ZeroWireload          tcbn22ullbwp30p140tt0p9v25c
  ram_port_1_ctrl_1404
                     ZeroWireload          tcbn22ullbwp30p140tt0p9v25c
  ram_port_1_ctrl_1403
                     ZeroWireload          tcbn22ullbwp30p140tt0p9v25c
  ram_port_1_ctrl_1402
                     ZeroWireload          tcbn22ullbwp30p140tt0p9v25c
  ram_port_1_ctrl_1401
                     ZeroWireload          tcbn22ullbwp30p140tt0p9v25c
  ram_port_1_ctrl_1400
                     ZeroWireload          tcbn22ullbwp30p140tt0p9v25c
  ram_port_1_ctrl_1399
                     ZeroWireload          tcbn22ullbwp30p140tt0p9v25c
  ram_port_1_ctrl_1398
                     ZeroWireload          tcbn22ullbwp30p140tt0p9v25c
  ram_port_1_ctrl_1397
                     ZeroWireload          tcbn22ullbwp30p140tt0p9v25c
  ram_port_1_ctrl_1396
                     ZeroWireload          tcbn22ullbwp30p140tt0p9v25c
  ram_port_1_ctrl_1395
                     ZeroWireload          tcbn22ullbwp30p140tt0p9v25c
  ram_port_1_ctrl_1394
                     ZeroWireload          tcbn22ullbwp30p140tt0p9v25c
  ram_port_1_ctrl_1393
                     ZeroWireload          tcbn22ullbwp30p140tt0p9v25c
  ram_port_1_ctrl_1392
                     ZeroWireload          tcbn22ullbwp30p140tt0p9v25c
  ram_port_1_ctrl_1391
                     ZeroWireload          tcbn22ullbwp30p140tt0p9v25c
  ram_port_1_ctrl_1390
                     ZeroWireload          tcbn22ullbwp30p140tt0p9v25c
  ram_port_1_ctrl_1389
                     ZeroWireload          tcbn22ullbwp30p140tt0p9v25c
  ram_port_1_ctrl_1388
                     ZeroWireload          tcbn22ullbwp30p140tt0p9v25c
  ram_port_1_ctrl_1387
                     ZeroWireload          tcbn22ullbwp30p140tt0p9v25c
  ram_port_1_ctrl_1386
                     ZeroWireload          tcbn22ullbwp30p140tt0p9v25c
  ram_port_1_ctrl_1385
                     ZeroWireload          tcbn22ullbwp30p140tt0p9v25c
  ram_port_1_ctrl_1384
                     ZeroWireload          tcbn22ullbwp30p140tt0p9v25c
  ram_port_1_ctrl_1383
                     ZeroWireload          tcbn22ullbwp30p140tt0p9v25c
  ram_port_1_ctrl_1382
                     ZeroWireload          tcbn22ullbwp30p140tt0p9v25c
  ram_port_1_ctrl_1381
                     ZeroWireload          tcbn22ullbwp30p140tt0p9v25c
  ram_port_1_ctrl_1380
                     ZeroWireload          tcbn22ullbwp30p140tt0p9v25c
  ram_port_1_ctrl_1379
                     ZeroWireload          tcbn22ullbwp30p140tt0p9v25c
  ram_port_1_ctrl_1378
                     ZeroWireload          tcbn22ullbwp30p140tt0p9v25c
  ram_port_1_ctrl_1377
                     ZeroWireload          tcbn22ullbwp30p140tt0p9v25c
  ram_port_1_ctrl_1376
                     ZeroWireload          tcbn22ullbwp30p140tt0p9v25c
  ram_port_1_ctrl_1375
                     ZeroWireload          tcbn22ullbwp30p140tt0p9v25c
  ram_port_1_ctrl_1374
                     ZeroWireload          tcbn22ullbwp30p140tt0p9v25c
  ram_port_1_ctrl_1373
                     ZeroWireload          tcbn22ullbwp30p140tt0p9v25c
  ram_port_1_ctrl_1372
                     ZeroWireload          tcbn22ullbwp30p140tt0p9v25c
  ram_port_1_ctrl_1371
                     ZeroWireload          tcbn22ullbwp30p140tt0p9v25c
  ram_port_1_ctrl_1370
                     ZeroWireload          tcbn22ullbwp30p140tt0p9v25c
  ram_port_1_ctrl_1369
                     ZeroWireload          tcbn22ullbwp30p140tt0p9v25c
  ram_port_1_ctrl_1368
                     ZeroWireload          tcbn22ullbwp30p140tt0p9v25c
  ram_port_1_ctrl_1367
                     ZeroWireload          tcbn22ullbwp30p140tt0p9v25c
  ram_port_1_ctrl_1366
                     ZeroWireload          tcbn22ullbwp30p140tt0p9v25c
  ram_port_1_ctrl_1365
                     ZeroWireload          tcbn22ullbwp30p140tt0p9v25c
  ram_port_1_ctrl_1364
                     ZeroWireload          tcbn22ullbwp30p140tt0p9v25c
  ram_port_1_ctrl_1363
                     ZeroWireload          tcbn22ullbwp30p140tt0p9v25c
  ram_port_1_ctrl_1362
                     ZeroWireload          tcbn22ullbwp30p140tt0p9v25c
  ram_port_1_ctrl_1361
                     ZeroWireload          tcbn22ullbwp30p140tt0p9v25c
  ram_port_1_ctrl_1360
                     ZeroWireload          tcbn22ullbwp30p140tt0p9v25c
  ram_port_1_ctrl_1359
                     ZeroWireload          tcbn22ullbwp30p140tt0p9v25c
  ram_port_1_ctrl_1358
                     ZeroWireload          tcbn22ullbwp30p140tt0p9v25c
  ram_port_1_ctrl_1357
                     ZeroWireload          tcbn22ullbwp30p140tt0p9v25c
  ram_port_1_ctrl_1356
                     ZeroWireload          tcbn22ullbwp30p140tt0p9v25c
  ram_port_1_ctrl_1355
                     ZeroWireload          tcbn22ullbwp30p140tt0p9v25c
  ram_port_1_ctrl_1354
                     ZeroWireload          tcbn22ullbwp30p140tt0p9v25c
  ram_port_1_ctrl_1353
                     ZeroWireload          tcbn22ullbwp30p140tt0p9v25c
  ram_port_1_ctrl_1352
                     ZeroWireload          tcbn22ullbwp30p140tt0p9v25c
  ram_port_1_ctrl_1351
                     ZeroWireload          tcbn22ullbwp30p140tt0p9v25c
  ram_port_1_ctrl_1350
                     ZeroWireload          tcbn22ullbwp30p140tt0p9v25c
  ram_port_1_ctrl_1349
                     ZeroWireload          tcbn22ullbwp30p140tt0p9v25c
  ram_port_1_ctrl_1348
                     ZeroWireload          tcbn22ullbwp30p140tt0p9v25c
  ram_port_1_ctrl_1347
                     ZeroWireload          tcbn22ullbwp30p140tt0p9v25c
  ram_port_1_ctrl_1346
                     ZeroWireload          tcbn22ullbwp30p140tt0p9v25c
  ram_port_1_ctrl_1345
                     ZeroWireload          tcbn22ullbwp30p140tt0p9v25c
  ram_port_1_ctrl_1344
                     ZeroWireload          tcbn22ullbwp30p140tt0p9v25c
  ram_port_1_ctrl_1343
                     ZeroWireload          tcbn22ullbwp30p140tt0p9v25c
  ram_port_1_ctrl_1342
                     ZeroWireload          tcbn22ullbwp30p140tt0p9v25c
  ram_port_1_ctrl_1341
                     ZeroWireload          tcbn22ullbwp30p140tt0p9v25c
  ram_port_1_ctrl_1340
                     ZeroWireload          tcbn22ullbwp30p140tt0p9v25c
  ram_port_1_ctrl_1339
                     ZeroWireload          tcbn22ullbwp30p140tt0p9v25c
  ram_port_1_ctrl_1338
                     ZeroWireload          tcbn22ullbwp30p140tt0p9v25c
  ram_port_1_ctrl_1337
                     ZeroWireload          tcbn22ullbwp30p140tt0p9v25c
  ram_port_1_ctrl_1336
                     ZeroWireload          tcbn22ullbwp30p140tt0p9v25c
  ram_port_1_ctrl_1335
                     ZeroWireload          tcbn22ullbwp30p140tt0p9v25c
  ram_port_1_ctrl_1334
                     ZeroWireload          tcbn22ullbwp30p140tt0p9v25c
  ram_port_1_ctrl_1333
                     ZeroWireload          tcbn22ullbwp30p140tt0p9v25c
  ram_port_1_ctrl_1332
                     ZeroWireload          tcbn22ullbwp30p140tt0p9v25c
  ram_port_1_ctrl_1331
                     ZeroWireload          tcbn22ullbwp30p140tt0p9v25c
  ram_port_1_ctrl_1330
                     ZeroWireload          tcbn22ullbwp30p140tt0p9v25c
  ram_port_1_ctrl_1329
                     ZeroWireload          tcbn22ullbwp30p140tt0p9v25c
  ram_port_1_ctrl_1328
                     ZeroWireload          tcbn22ullbwp30p140tt0p9v25c
  ram_port_1_ctrl_1327
                     ZeroWireload          tcbn22ullbwp30p140tt0p9v25c
  ram_port_1_ctrl_1326
                     ZeroWireload          tcbn22ullbwp30p140tt0p9v25c
  ram_port_1_ctrl_1325
                     ZeroWireload          tcbn22ullbwp30p140tt0p9v25c
  ram_port_1_ctrl_1324
                     ZeroWireload          tcbn22ullbwp30p140tt0p9v25c
  ram_port_1_ctrl_1323
                     ZeroWireload          tcbn22ullbwp30p140tt0p9v25c
  ram_port_1_ctrl_1322
                     ZeroWireload          tcbn22ullbwp30p140tt0p9v25c
  ram_port_1_ctrl_1321
                     ZeroWireload          tcbn22ullbwp30p140tt0p9v25c
  ram_port_1_ctrl_1320
                     ZeroWireload          tcbn22ullbwp30p140tt0p9v25c
  ram_port_1_ctrl_1319
                     ZeroWireload          tcbn22ullbwp30p140tt0p9v25c
  ram_port_1_ctrl_1318
                     ZeroWireload          tcbn22ullbwp30p140tt0p9v25c
  ram_port_1_ctrl_1317
                     ZeroWireload          tcbn22ullbwp30p140tt0p9v25c
  ram_port_1_ctrl_1316
                     ZeroWireload          tcbn22ullbwp30p140tt0p9v25c
  ram_port_1_ctrl_1315
                     ZeroWireload          tcbn22ullbwp30p140tt0p9v25c
  ram_port_1_ctrl_1314
                     ZeroWireload          tcbn22ullbwp30p140tt0p9v25c
  ram_port_1_ctrl_1313
                     ZeroWireload          tcbn22ullbwp30p140tt0p9v25c
  ram_port_1_ctrl_1312
                     ZeroWireload          tcbn22ullbwp30p140tt0p9v25c
  ram_port_1_ctrl_1311
                     ZeroWireload          tcbn22ullbwp30p140tt0p9v25c
  ram_port_1_ctrl_1310
                     ZeroWireload          tcbn22ullbwp30p140tt0p9v25c
  ram_port_1_ctrl_1309
                     ZeroWireload          tcbn22ullbwp30p140tt0p9v25c
  ram_port_1_ctrl_1308
                     ZeroWireload          tcbn22ullbwp30p140tt0p9v25c
  ram_port_1_ctrl_1307
                     ZeroWireload          tcbn22ullbwp30p140tt0p9v25c
  ram_port_1_ctrl_1306
                     ZeroWireload          tcbn22ullbwp30p140tt0p9v25c
  ram_port_1_ctrl_1305
                     ZeroWireload          tcbn22ullbwp30p140tt0p9v25c
  ram_port_1_ctrl_1304
                     ZeroWireload          tcbn22ullbwp30p140tt0p9v25c
  ram_port_1_ctrl_1303
                     ZeroWireload          tcbn22ullbwp30p140tt0p9v25c
  ram_port_1_ctrl_1302
                     ZeroWireload          tcbn22ullbwp30p140tt0p9v25c
  ram_port_1_ctrl_1301
                     ZeroWireload          tcbn22ullbwp30p140tt0p9v25c
  ram_port_1_ctrl_1300
                     ZeroWireload          tcbn22ullbwp30p140tt0p9v25c
  ram_port_1_ctrl_1299
                     ZeroWireload          tcbn22ullbwp30p140tt0p9v25c
  ram_port_1_ctrl_1298
                     ZeroWireload          tcbn22ullbwp30p140tt0p9v25c
  ram_port_1_ctrl_1297
                     ZeroWireload          tcbn22ullbwp30p140tt0p9v25c
  ram_port_1_ctrl_1296
                     ZeroWireload          tcbn22ullbwp30p140tt0p9v25c
  ram_port_1_ctrl_1295
                     ZeroWireload          tcbn22ullbwp30p140tt0p9v25c
  ram_port_1_ctrl_1294
                     ZeroWireload          tcbn22ullbwp30p140tt0p9v25c
  ram_port_1_ctrl_1293
                     ZeroWireload          tcbn22ullbwp30p140tt0p9v25c
  ram_port_1_ctrl_1292
                     ZeroWireload          tcbn22ullbwp30p140tt0p9v25c
  ram_port_1_ctrl_1291
                     ZeroWireload          tcbn22ullbwp30p140tt0p9v25c
  ram_port_1_ctrl_1290
                     ZeroWireload          tcbn22ullbwp30p140tt0p9v25c
  ram_port_1_ctrl_1289
                     ZeroWireload          tcbn22ullbwp30p140tt0p9v25c
  ram_port_1_ctrl_1288
                     ZeroWireload          tcbn22ullbwp30p140tt0p9v25c
  ram_port_1_ctrl_1287
                     ZeroWireload          tcbn22ullbwp30p140tt0p9v25c
  ram_port_1_ctrl_1286
                     ZeroWireload          tcbn22ullbwp30p140tt0p9v25c
  ram_port_1_ctrl_1285
                     ZeroWireload          tcbn22ullbwp30p140tt0p9v25c
  ram_port_1_ctrl_1284
                     ZeroWireload          tcbn22ullbwp30p140tt0p9v25c
  ram_port_1_ctrl_1283
                     ZeroWireload          tcbn22ullbwp30p140tt0p9v25c
  ram_port_1_ctrl_1282
                     ZeroWireload          tcbn22ullbwp30p140tt0p9v25c
  ram_port_1_ctrl_1281
                     ZeroWireload          tcbn22ullbwp30p140tt0p9v25c
  ram_port_1_ctrl_1280
                     ZeroWireload          tcbn22ullbwp30p140tt0p9v25c
  ram_port_1_ctrl_1279
                     ZeroWireload          tcbn22ullbwp30p140tt0p9v25c
  ram_port_1_ctrl_1278
                     ZeroWireload          tcbn22ullbwp30p140tt0p9v25c
  ram_port_1_ctrl_1277
                     ZeroWireload          tcbn22ullbwp30p140tt0p9v25c
  ram_port_1_ctrl_1276
                     ZeroWireload          tcbn22ullbwp30p140tt0p9v25c
  ram_port_1_ctrl_1275
                     ZeroWireload          tcbn22ullbwp30p140tt0p9v25c
  ram_port_1_ctrl_1274
                     ZeroWireload          tcbn22ullbwp30p140tt0p9v25c
  ram_port_1_ctrl_1273
                     ZeroWireload          tcbn22ullbwp30p140tt0p9v25c
  ram_port_1_ctrl_1272
                     ZeroWireload          tcbn22ullbwp30p140tt0p9v25c
  ram_port_1_ctrl_1271
                     ZeroWireload          tcbn22ullbwp30p140tt0p9v25c
  ram_port_1_ctrl_1270
                     ZeroWireload          tcbn22ullbwp30p140tt0p9v25c
  ram_port_1_ctrl_1269
                     ZeroWireload          tcbn22ullbwp30p140tt0p9v25c
  ram_port_1_ctrl_1268
                     ZeroWireload          tcbn22ullbwp30p140tt0p9v25c
  ram_port_1_ctrl_1267
                     ZeroWireload          tcbn22ullbwp30p140tt0p9v25c
  ram_port_1_ctrl_1266
                     ZeroWireload          tcbn22ullbwp30p140tt0p9v25c
  ram_port_1_ctrl_1265
                     ZeroWireload          tcbn22ullbwp30p140tt0p9v25c
  ram_port_1_ctrl_1264
                     ZeroWireload          tcbn22ullbwp30p140tt0p9v25c
  ram_port_1_ctrl_1263
                     ZeroWireload          tcbn22ullbwp30p140tt0p9v25c
  ram_port_1_ctrl_1262
                     ZeroWireload          tcbn22ullbwp30p140tt0p9v25c
  ram_port_1_ctrl_1261
                     ZeroWireload          tcbn22ullbwp30p140tt0p9v25c
  ram_port_1_ctrl_1260
                     ZeroWireload          tcbn22ullbwp30p140tt0p9v25c
  ram_port_1_ctrl_1259
                     ZeroWireload          tcbn22ullbwp30p140tt0p9v25c
  ram_port_1_ctrl_1258
                     ZeroWireload          tcbn22ullbwp30p140tt0p9v25c
  ram_port_1_ctrl_1257
                     ZeroWireload          tcbn22ullbwp30p140tt0p9v25c
  ram_port_1_ctrl_1256
                     ZeroWireload          tcbn22ullbwp30p140tt0p9v25c
  ram_port_1_ctrl_1255
                     ZeroWireload          tcbn22ullbwp30p140tt0p9v25c
  ram_port_1_ctrl_1254
                     ZeroWireload          tcbn22ullbwp30p140tt0p9v25c
  ram_port_1_ctrl_1253
                     ZeroWireload          tcbn22ullbwp30p140tt0p9v25c
  ram_port_1_ctrl_1252
                     ZeroWireload          tcbn22ullbwp30p140tt0p9v25c
  ram_port_1_ctrl_1251
                     ZeroWireload          tcbn22ullbwp30p140tt0p9v25c
  ram_port_1_ctrl_1250
                     ZeroWireload          tcbn22ullbwp30p140tt0p9v25c
  ram_port_1_ctrl_1249
                     ZeroWireload          tcbn22ullbwp30p140tt0p9v25c
  ram_port_1_ctrl_1248
                     ZeroWireload          tcbn22ullbwp30p140tt0p9v25c
  ram_port_1_ctrl_1247
                     ZeroWireload          tcbn22ullbwp30p140tt0p9v25c
  ram_port_1_ctrl_1246
                     ZeroWireload          tcbn22ullbwp30p140tt0p9v25c
  ram_port_1_ctrl_1245
                     ZeroWireload          tcbn22ullbwp30p140tt0p9v25c
  ram_port_1_ctrl_1244
                     ZeroWireload          tcbn22ullbwp30p140tt0p9v25c
  ram_port_1_ctrl_1243
                     ZeroWireload          tcbn22ullbwp30p140tt0p9v25c
  ram_port_1_ctrl_1242
                     ZeroWireload          tcbn22ullbwp30p140tt0p9v25c
  ram_port_1_ctrl_1241
                     ZeroWireload          tcbn22ullbwp30p140tt0p9v25c
  ram_port_1_ctrl_1240
                     ZeroWireload          tcbn22ullbwp30p140tt0p9v25c
  ram_port_1_ctrl_1239
                     ZeroWireload          tcbn22ullbwp30p140tt0p9v25c
  ram_port_1_ctrl_1238
                     ZeroWireload          tcbn22ullbwp30p140tt0p9v25c
  ram_port_1_ctrl_1237
                     ZeroWireload          tcbn22ullbwp30p140tt0p9v25c
  ram_port_1_ctrl_1236
                     ZeroWireload          tcbn22ullbwp30p140tt0p9v25c
  ram_port_1_ctrl_1235
                     ZeroWireload          tcbn22ullbwp30p140tt0p9v25c
  ram_port_1_ctrl_1234
                     ZeroWireload          tcbn22ullbwp30p140tt0p9v25c
  ram_port_1_ctrl_1233
                     ZeroWireload          tcbn22ullbwp30p140tt0p9v25c
  ram_port_1_ctrl_1232
                     ZeroWireload          tcbn22ullbwp30p140tt0p9v25c
  ram_port_1_ctrl_1231
                     ZeroWireload          tcbn22ullbwp30p140tt0p9v25c
  ram_port_1_ctrl_1230
                     ZeroWireload          tcbn22ullbwp30p140tt0p9v25c
  ram_port_1_ctrl_1229
                     ZeroWireload          tcbn22ullbwp30p140tt0p9v25c
  ram_port_1_ctrl_1228
                     ZeroWireload          tcbn22ullbwp30p140tt0p9v25c
  ram_port_1_ctrl_1227
                     ZeroWireload          tcbn22ullbwp30p140tt0p9v25c
  ram_port_1_ctrl_1226
                     ZeroWireload          tcbn22ullbwp30p140tt0p9v25c
  ram_port_1_ctrl_1225
                     ZeroWireload          tcbn22ullbwp30p140tt0p9v25c
  ram_port_1_ctrl_1224
                     ZeroWireload          tcbn22ullbwp30p140tt0p9v25c
  ram_port_1_ctrl_1223
                     ZeroWireload          tcbn22ullbwp30p140tt0p9v25c
  ram_port_1_ctrl_1222
                     ZeroWireload          tcbn22ullbwp30p140tt0p9v25c
  ram_port_1_ctrl_1221
                     ZeroWireload          tcbn22ullbwp30p140tt0p9v25c
  ram_port_1_ctrl_1220
                     ZeroWireload          tcbn22ullbwp30p140tt0p9v25c
  ram_port_1_ctrl_1219
                     ZeroWireload          tcbn22ullbwp30p140tt0p9v25c
  ram_port_1_ctrl_1218
                     ZeroWireload          tcbn22ullbwp30p140tt0p9v25c
  ram_port_1_ctrl_1217
                     ZeroWireload          tcbn22ullbwp30p140tt0p9v25c
  ram_port_1_ctrl_1216
                     ZeroWireload          tcbn22ullbwp30p140tt0p9v25c
  ram_port_1_ctrl_1215
                     ZeroWireload          tcbn22ullbwp30p140tt0p9v25c
  ram_port_1_ctrl_1214
                     ZeroWireload          tcbn22ullbwp30p140tt0p9v25c
  ram_port_1_ctrl_1213
                     ZeroWireload          tcbn22ullbwp30p140tt0p9v25c
  ram_port_1_ctrl_1212
                     ZeroWireload          tcbn22ullbwp30p140tt0p9v25c
  ram_port_1_ctrl_1211
                     ZeroWireload          tcbn22ullbwp30p140tt0p9v25c
  ram_port_1_ctrl_1210
                     ZeroWireload          tcbn22ullbwp30p140tt0p9v25c
  ram_port_1_ctrl_1209
                     ZeroWireload          tcbn22ullbwp30p140tt0p9v25c
  ram_port_1_ctrl_1208
                     ZeroWireload          tcbn22ullbwp30p140tt0p9v25c
  ram_port_1_ctrl_1207
                     ZeroWireload          tcbn22ullbwp30p140tt0p9v25c
  ram_port_1_ctrl_1206
                     ZeroWireload          tcbn22ullbwp30p140tt0p9v25c
  ram_port_1_ctrl_1205
                     ZeroWireload          tcbn22ullbwp30p140tt0p9v25c
  ram_port_1_ctrl_1204
                     ZeroWireload          tcbn22ullbwp30p140tt0p9v25c
  ram_port_1_ctrl_1203
                     ZeroWireload          tcbn22ullbwp30p140tt0p9v25c
  ram_port_1_ctrl_1202
                     ZeroWireload          tcbn22ullbwp30p140tt0p9v25c
  ram_port_1_ctrl_1201
                     ZeroWireload          tcbn22ullbwp30p140tt0p9v25c
  ram_port_1_ctrl_1200
                     ZeroWireload          tcbn22ullbwp30p140tt0p9v25c
  ram_port_1_ctrl_1199
                     ZeroWireload          tcbn22ullbwp30p140tt0p9v25c
  ram_port_1_ctrl_1198
                     ZeroWireload          tcbn22ullbwp30p140tt0p9v25c
  ram_port_1_ctrl_1197
                     ZeroWireload          tcbn22ullbwp30p140tt0p9v25c
  ram_port_1_ctrl_1196
                     ZeroWireload          tcbn22ullbwp30p140tt0p9v25c
  ram_port_1_ctrl_1195
                     ZeroWireload          tcbn22ullbwp30p140tt0p9v25c
  ram_port_1_ctrl_1194
                     ZeroWireload          tcbn22ullbwp30p140tt0p9v25c
  ram_port_1_ctrl_1193
                     ZeroWireload          tcbn22ullbwp30p140tt0p9v25c
  ram_port_1_ctrl_1192
                     ZeroWireload          tcbn22ullbwp30p140tt0p9v25c
  ram_port_1_ctrl_1191
                     ZeroWireload          tcbn22ullbwp30p140tt0p9v25c
  ram_port_1_ctrl_1190
                     ZeroWireload          tcbn22ullbwp30p140tt0p9v25c
  ram_port_1_ctrl_1189
                     ZeroWireload          tcbn22ullbwp30p140tt0p9v25c
  ram_port_1_ctrl_1188
                     ZeroWireload          tcbn22ullbwp30p140tt0p9v25c
  ram_port_1_ctrl_1187
                     ZeroWireload          tcbn22ullbwp30p140tt0p9v25c
  ram_port_1_ctrl_1186
                     ZeroWireload          tcbn22ullbwp30p140tt0p9v25c
  ram_port_1_ctrl_1185
                     ZeroWireload          tcbn22ullbwp30p140tt0p9v25c
  ram_port_1_ctrl_1184
                     ZeroWireload          tcbn22ullbwp30p140tt0p9v25c
  ram_port_1_ctrl_1183
                     ZeroWireload          tcbn22ullbwp30p140tt0p9v25c
  ram_port_1_ctrl_1182
                     ZeroWireload          tcbn22ullbwp30p140tt0p9v25c
  ram_port_1_ctrl_1181
                     ZeroWireload          tcbn22ullbwp30p140tt0p9v25c
  ram_port_1_ctrl_1180
                     ZeroWireload          tcbn22ullbwp30p140tt0p9v25c
  ram_port_1_ctrl_1179
                     ZeroWireload          tcbn22ullbwp30p140tt0p9v25c
  ram_port_1_ctrl_1178
                     ZeroWireload          tcbn22ullbwp30p140tt0p9v25c
  ram_port_1_ctrl_1177
                     ZeroWireload          tcbn22ullbwp30p140tt0p9v25c
  ram_port_1_ctrl_1176
                     ZeroWireload          tcbn22ullbwp30p140tt0p9v25c
  ram_port_1_ctrl_1175
                     ZeroWireload          tcbn22ullbwp30p140tt0p9v25c
  ram_port_1_ctrl_1174
                     ZeroWireload          tcbn22ullbwp30p140tt0p9v25c
  ram_port_1_ctrl_1173
                     ZeroWireload          tcbn22ullbwp30p140tt0p9v25c
  ram_port_1_ctrl_1172
                     ZeroWireload          tcbn22ullbwp30p140tt0p9v25c
  ram_port_1_ctrl_1171
                     ZeroWireload          tcbn22ullbwp30p140tt0p9v25c
  ram_port_1_ctrl_1170
                     ZeroWireload          tcbn22ullbwp30p140tt0p9v25c
  ram_port_1_ctrl_1169
                     ZeroWireload          tcbn22ullbwp30p140tt0p9v25c
  ram_port_1_ctrl_1168
                     ZeroWireload          tcbn22ullbwp30p140tt0p9v25c
  ram_port_1_ctrl_1167
                     ZeroWireload          tcbn22ullbwp30p140tt0p9v25c
  ram_port_1_ctrl_1166
                     ZeroWireload          tcbn22ullbwp30p140tt0p9v25c
  ram_port_1_ctrl_1165
                     ZeroWireload          tcbn22ullbwp30p140tt0p9v25c
  ram_port_1_ctrl_1164
                     ZeroWireload          tcbn22ullbwp30p140tt0p9v25c
  ram_port_1_ctrl_1163
                     ZeroWireload          tcbn22ullbwp30p140tt0p9v25c
  ram_port_1_ctrl_1162
                     ZeroWireload          tcbn22ullbwp30p140tt0p9v25c
  ram_port_1_ctrl_1161
                     ZeroWireload          tcbn22ullbwp30p140tt0p9v25c
  ram_port_1_ctrl_1160
                     ZeroWireload          tcbn22ullbwp30p140tt0p9v25c
  ram_port_1_ctrl_1159
                     ZeroWireload          tcbn22ullbwp30p140tt0p9v25c
  ram_port_1_ctrl_1158
                     ZeroWireload          tcbn22ullbwp30p140tt0p9v25c
  ram_port_1_ctrl_1157
                     ZeroWireload          tcbn22ullbwp30p140tt0p9v25c
  ram_port_1_ctrl_1156
                     ZeroWireload          tcbn22ullbwp30p140tt0p9v25c
  ram_port_1_ctrl_1155
                     ZeroWireload          tcbn22ullbwp30p140tt0p9v25c
  ram_port_1_ctrl_1154
                     ZeroWireload          tcbn22ullbwp30p140tt0p9v25c
  ram_port_1_ctrl_1153
                     ZeroWireload          tcbn22ullbwp30p140tt0p9v25c
  ram_port_1_ctrl_1152
                     ZeroWireload          tcbn22ullbwp30p140tt0p9v25c
  ram_port_1_ctrl_1151
                     ZeroWireload          tcbn22ullbwp30p140tt0p9v25c
  ram_port_1_ctrl_1150
                     ZeroWireload          tcbn22ullbwp30p140tt0p9v25c
  ram_port_1_ctrl_1149
                     ZeroWireload          tcbn22ullbwp30p140tt0p9v25c
  ram_port_1_ctrl_1148
                     ZeroWireload          tcbn22ullbwp30p140tt0p9v25c
  ram_port_1_ctrl_1147
                     ZeroWireload          tcbn22ullbwp30p140tt0p9v25c
  ram_port_1_ctrl_1146
                     ZeroWireload          tcbn22ullbwp30p140tt0p9v25c
  ram_port_1_ctrl_1145
                     ZeroWireload          tcbn22ullbwp30p140tt0p9v25c
  ram_port_1_ctrl_1144
                     ZeroWireload          tcbn22ullbwp30p140tt0p9v25c
  ram_port_1_ctrl_1143
                     ZeroWireload          tcbn22ullbwp30p140tt0p9v25c
  ram_port_1_ctrl_1142
                     ZeroWireload          tcbn22ullbwp30p140tt0p9v25c
  ram_port_1_ctrl_1141
                     ZeroWireload          tcbn22ullbwp30p140tt0p9v25c
  ram_port_1_ctrl_1140
                     ZeroWireload          tcbn22ullbwp30p140tt0p9v25c
  ram_port_1_ctrl_1139
                     ZeroWireload          tcbn22ullbwp30p140tt0p9v25c
  ram_port_1_ctrl_1138
                     ZeroWireload          tcbn22ullbwp30p140tt0p9v25c
  ram_port_1_ctrl_1137
                     ZeroWireload          tcbn22ullbwp30p140tt0p9v25c
  ram_port_1_ctrl_1136
                     ZeroWireload          tcbn22ullbwp30p140tt0p9v25c
  ram_port_1_ctrl_1135
                     ZeroWireload          tcbn22ullbwp30p140tt0p9v25c
  ram_port_1_ctrl_1134
                     ZeroWireload          tcbn22ullbwp30p140tt0p9v25c
  ram_port_1_ctrl_1133
                     ZeroWireload          tcbn22ullbwp30p140tt0p9v25c
  ram_port_1_ctrl_1132
                     ZeroWireload          tcbn22ullbwp30p140tt0p9v25c
  ram_port_1_ctrl_1131
                     ZeroWireload          tcbn22ullbwp30p140tt0p9v25c
  ram_port_1_ctrl_1130
                     ZeroWireload          tcbn22ullbwp30p140tt0p9v25c
  ram_port_1_ctrl_1129
                     ZeroWireload          tcbn22ullbwp30p140tt0p9v25c
  ram_port_1_ctrl_1128
                     ZeroWireload          tcbn22ullbwp30p140tt0p9v25c
  ram_port_1_ctrl_1127
                     ZeroWireload          tcbn22ullbwp30p140tt0p9v25c
  ram_port_1_ctrl_1126
                     ZeroWireload          tcbn22ullbwp30p140tt0p9v25c
  ram_port_1_ctrl_1125
                     ZeroWireload          tcbn22ullbwp30p140tt0p9v25c
  ram_port_1_ctrl_1124
                     ZeroWireload          tcbn22ullbwp30p140tt0p9v25c
  ram_port_1_ctrl_1123
                     ZeroWireload          tcbn22ullbwp30p140tt0p9v25c
  ram_port_1_ctrl_1122
                     ZeroWireload          tcbn22ullbwp30p140tt0p9v25c
  ram_port_1_ctrl_1121
                     ZeroWireload          tcbn22ullbwp30p140tt0p9v25c
  ram_port_1_ctrl_1120
                     ZeroWireload          tcbn22ullbwp30p140tt0p9v25c
  ram_port_1_ctrl_1119
                     ZeroWireload          tcbn22ullbwp30p140tt0p9v25c
  ram_port_1_ctrl_1118
                     ZeroWireload          tcbn22ullbwp30p140tt0p9v25c
  ram_port_1_ctrl_1117
                     ZeroWireload          tcbn22ullbwp30p140tt0p9v25c
  ram_port_1_ctrl_1116
                     ZeroWireload          tcbn22ullbwp30p140tt0p9v25c
  ram_port_1_ctrl_1115
                     ZeroWireload          tcbn22ullbwp30p140tt0p9v25c
  ram_port_1_ctrl_1114
                     ZeroWireload          tcbn22ullbwp30p140tt0p9v25c
  ram_port_1_ctrl_1113
                     ZeroWireload          tcbn22ullbwp30p140tt0p9v25c
  ram_port_1_ctrl_1112
                     ZeroWireload          tcbn22ullbwp30p140tt0p9v25c
  ram_port_1_ctrl_1111
                     ZeroWireload          tcbn22ullbwp30p140tt0p9v25c
  ram_port_1_ctrl_1110
                     ZeroWireload          tcbn22ullbwp30p140tt0p9v25c
  ram_port_1_ctrl_1109
                     ZeroWireload          tcbn22ullbwp30p140tt0p9v25c
  ram_port_1_ctrl_1108
                     ZeroWireload          tcbn22ullbwp30p140tt0p9v25c
  ram_port_1_ctrl_1107
                     ZeroWireload          tcbn22ullbwp30p140tt0p9v25c
  ram_port_1_ctrl_1106
                     ZeroWireload          tcbn22ullbwp30p140tt0p9v25c
  ram_port_1_ctrl_1105
                     ZeroWireload          tcbn22ullbwp30p140tt0p9v25c
  ram_port_1_ctrl_1104
                     ZeroWireload          tcbn22ullbwp30p140tt0p9v25c
  ram_port_1_ctrl_1103
                     ZeroWireload          tcbn22ullbwp30p140tt0p9v25c
  ram_port_1_ctrl_1102
                     ZeroWireload          tcbn22ullbwp30p140tt0p9v25c
  ram_port_1_ctrl_1101
                     ZeroWireload          tcbn22ullbwp30p140tt0p9v25c
  ram_port_1_ctrl_1100
                     ZeroWireload          tcbn22ullbwp30p140tt0p9v25c
  ram_port_1_ctrl_1099
                     ZeroWireload          tcbn22ullbwp30p140tt0p9v25c
  ram_port_1_ctrl_1098
                     ZeroWireload          tcbn22ullbwp30p140tt0p9v25c
  ram_port_1_ctrl_1097
                     ZeroWireload          tcbn22ullbwp30p140tt0p9v25c
  ram_port_1_ctrl_1096
                     ZeroWireload          tcbn22ullbwp30p140tt0p9v25c
  ram_port_1_ctrl_1095
                     ZeroWireload          tcbn22ullbwp30p140tt0p9v25c
  ram_port_1_ctrl_1094
                     ZeroWireload          tcbn22ullbwp30p140tt0p9v25c
  ram_port_1_ctrl_1093
                     ZeroWireload          tcbn22ullbwp30p140tt0p9v25c
  ram_port_1_ctrl_1092
                     ZeroWireload          tcbn22ullbwp30p140tt0p9v25c
  ram_port_1_ctrl_1091
                     ZeroWireload          tcbn22ullbwp30p140tt0p9v25c
  ram_port_1_ctrl_1090
                     ZeroWireload          tcbn22ullbwp30p140tt0p9v25c
  ram_port_1_ctrl_1089
                     ZeroWireload          tcbn22ullbwp30p140tt0p9v25c
  ram_port_1_ctrl_1088
                     ZeroWireload          tcbn22ullbwp30p140tt0p9v25c
  ram_port_1_ctrl_1087
                     ZeroWireload          tcbn22ullbwp30p140tt0p9v25c
  ram_port_1_ctrl_1086
                     ZeroWireload          tcbn22ullbwp30p140tt0p9v25c
  ram_port_1_ctrl_1085
                     ZeroWireload          tcbn22ullbwp30p140tt0p9v25c
  ram_port_1_ctrl_1084
                     ZeroWireload          tcbn22ullbwp30p140tt0p9v25c
  ram_port_1_ctrl_1083
                     ZeroWireload          tcbn22ullbwp30p140tt0p9v25c
  ram_port_1_ctrl_1082
                     ZeroWireload          tcbn22ullbwp30p140tt0p9v25c
  ram_port_1_ctrl_1081
                     ZeroWireload          tcbn22ullbwp30p140tt0p9v25c
  ram_port_1_ctrl_1080
                     ZeroWireload          tcbn22ullbwp30p140tt0p9v25c
  ram_port_1_ctrl_1079
                     ZeroWireload          tcbn22ullbwp30p140tt0p9v25c
  ram_port_1_ctrl_1078
                     ZeroWireload          tcbn22ullbwp30p140tt0p9v25c
  ram_port_1_ctrl_1077
                     ZeroWireload          tcbn22ullbwp30p140tt0p9v25c
  ram_port_1_ctrl_1076
                     ZeroWireload          tcbn22ullbwp30p140tt0p9v25c
  ram_port_1_ctrl_1075
                     ZeroWireload          tcbn22ullbwp30p140tt0p9v25c
  ram_port_1_ctrl_1074
                     ZeroWireload          tcbn22ullbwp30p140tt0p9v25c
  ram_port_1_ctrl_1073
                     ZeroWireload          tcbn22ullbwp30p140tt0p9v25c
  ram_port_1_ctrl_1072
                     ZeroWireload          tcbn22ullbwp30p140tt0p9v25c
  ram_port_1_ctrl_1071
                     ZeroWireload          tcbn22ullbwp30p140tt0p9v25c
  ram_port_1_ctrl_1070
                     ZeroWireload          tcbn22ullbwp30p140tt0p9v25c
  ram_port_1_ctrl_1069
                     ZeroWireload          tcbn22ullbwp30p140tt0p9v25c
  ram_port_1_ctrl_1068
                     ZeroWireload          tcbn22ullbwp30p140tt0p9v25c
  ram_port_1_ctrl_1067
                     ZeroWireload          tcbn22ullbwp30p140tt0p9v25c
  ram_port_1_ctrl_1066
                     ZeroWireload          tcbn22ullbwp30p140tt0p9v25c
  ram_port_1_ctrl_1065
                     ZeroWireload          tcbn22ullbwp30p140tt0p9v25c
  ram_port_1_ctrl_1064
                     ZeroWireload          tcbn22ullbwp30p140tt0p9v25c
  ram_port_1_ctrl_1063
                     ZeroWireload          tcbn22ullbwp30p140tt0p9v25c
  ram_port_1_ctrl_1062
                     ZeroWireload          tcbn22ullbwp30p140tt0p9v25c
  ram_port_1_ctrl_1061
                     ZeroWireload          tcbn22ullbwp30p140tt0p9v25c
  ram_port_1_ctrl_1060
                     ZeroWireload          tcbn22ullbwp30p140tt0p9v25c
  ram_port_1_ctrl_1059
                     ZeroWireload          tcbn22ullbwp30p140tt0p9v25c
  ram_port_1_ctrl_1058
                     ZeroWireload          tcbn22ullbwp30p140tt0p9v25c
  ram_port_1_ctrl_1057
                     ZeroWireload          tcbn22ullbwp30p140tt0p9v25c
  ram_port_1_ctrl_1056
                     ZeroWireload          tcbn22ullbwp30p140tt0p9v25c
  ram_port_1_ctrl_1055
                     ZeroWireload          tcbn22ullbwp30p140tt0p9v25c
  ram_port_1_ctrl_1054
                     ZeroWireload          tcbn22ullbwp30p140tt0p9v25c
  ram_port_1_ctrl_1053
                     ZeroWireload          tcbn22ullbwp30p140tt0p9v25c
  ram_port_1_ctrl_1052
                     ZeroWireload          tcbn22ullbwp30p140tt0p9v25c
  ram_port_1_ctrl_1051
                     ZeroWireload          tcbn22ullbwp30p140tt0p9v25c
  ram_port_1_ctrl_1050
                     ZeroWireload          tcbn22ullbwp30p140tt0p9v25c
  ram_port_1_ctrl_1049
                     ZeroWireload          tcbn22ullbwp30p140tt0p9v25c
  ram_port_1_ctrl_1048
                     ZeroWireload          tcbn22ullbwp30p140tt0p9v25c
  ram_port_1_ctrl_1047
                     ZeroWireload          tcbn22ullbwp30p140tt0p9v25c
  ram_port_1_ctrl_1046
                     ZeroWireload          tcbn22ullbwp30p140tt0p9v25c
  ram_port_1_ctrl_1045
                     ZeroWireload          tcbn22ullbwp30p140tt0p9v25c
  ram_port_1_ctrl_1044
                     ZeroWireload          tcbn22ullbwp30p140tt0p9v25c
  ram_port_1_ctrl_1043
                     ZeroWireload          tcbn22ullbwp30p140tt0p9v25c
  ram_port_1_ctrl_1042
                     ZeroWireload          tcbn22ullbwp30p140tt0p9v25c
  ram_port_1_ctrl_1041
                     ZeroWireload          tcbn22ullbwp30p140tt0p9v25c
  ram_port_1_ctrl_1040
                     ZeroWireload          tcbn22ullbwp30p140tt0p9v25c
  ram_port_1_ctrl_1039
                     ZeroWireload          tcbn22ullbwp30p140tt0p9v25c
  ram_port_1_ctrl_1038
                     ZeroWireload          tcbn22ullbwp30p140tt0p9v25c
  ram_port_1_ctrl_1037
                     ZeroWireload          tcbn22ullbwp30p140tt0p9v25c
  ram_port_1_ctrl_1036
                     ZeroWireload          tcbn22ullbwp30p140tt0p9v25c
  ram_port_1_ctrl_1035
                     ZeroWireload          tcbn22ullbwp30p140tt0p9v25c
  ram_port_1_ctrl_1034
                     ZeroWireload          tcbn22ullbwp30p140tt0p9v25c
  ram_port_1_ctrl_1033
                     ZeroWireload          tcbn22ullbwp30p140tt0p9v25c
  ram_port_1_ctrl_1032
                     ZeroWireload          tcbn22ullbwp30p140tt0p9v25c
  ram_port_1_ctrl_1031
                     ZeroWireload          tcbn22ullbwp30p140tt0p9v25c
  ram_port_1_ctrl_1030
                     ZeroWireload          tcbn22ullbwp30p140tt0p9v25c
  ram_port_1_ctrl_1029
                     ZeroWireload          tcbn22ullbwp30p140tt0p9v25c
  ram_port_1_ctrl_1028
                     ZeroWireload          tcbn22ullbwp30p140tt0p9v25c
  ram_port_1_ctrl_1027
                     ZeroWireload          tcbn22ullbwp30p140tt0p9v25c
  ram_port_1_ctrl_1026
                     ZeroWireload          tcbn22ullbwp30p140tt0p9v25c
  ram_port_1_ctrl_1025
                     ZeroWireload          tcbn22ullbwp30p140tt0p9v25c
  ram_port_1_ctrl_1024
                     ZeroWireload          tcbn22ullbwp30p140tt0p9v25c
  ram_port_1_ctrl_1023
                     ZeroWireload          tcbn22ullbwp30p140tt0p9v25c
  ram_port_1_ctrl_1022
                     ZeroWireload          tcbn22ullbwp30p140tt0p9v25c
  ram_port_1_ctrl_1021
                     ZeroWireload          tcbn22ullbwp30p140tt0p9v25c
  ram_port_1_ctrl_1020
                     ZeroWireload          tcbn22ullbwp30p140tt0p9v25c
  ram_port_1_ctrl_1019
                     ZeroWireload          tcbn22ullbwp30p140tt0p9v25c
  ram_port_1_ctrl_1018
                     ZeroWireload          tcbn22ullbwp30p140tt0p9v25c
  ram_port_1_ctrl_1017
                     ZeroWireload          tcbn22ullbwp30p140tt0p9v25c
  ram_port_1_ctrl_1016
                     ZeroWireload          tcbn22ullbwp30p140tt0p9v25c
  ram_port_1_ctrl_1015
                     ZeroWireload          tcbn22ullbwp30p140tt0p9v25c
  ram_port_1_ctrl_1014
                     ZeroWireload          tcbn22ullbwp30p140tt0p9v25c
  ram_port_1_ctrl_1013
                     ZeroWireload          tcbn22ullbwp30p140tt0p9v25c
  ram_port_1_ctrl_1012
                     ZeroWireload          tcbn22ullbwp30p140tt0p9v25c
  ram_port_1_ctrl_1011
                     ZeroWireload          tcbn22ullbwp30p140tt0p9v25c
  ram_port_1_ctrl_1010
                     ZeroWireload          tcbn22ullbwp30p140tt0p9v25c
  ram_port_1_ctrl_1009
                     ZeroWireload          tcbn22ullbwp30p140tt0p9v25c
  ram_port_1_ctrl_1008
                     ZeroWireload          tcbn22ullbwp30p140tt0p9v25c
  ram_port_1_ctrl_1007
                     ZeroWireload          tcbn22ullbwp30p140tt0p9v25c
  ram_port_1_ctrl_1006
                     ZeroWireload          tcbn22ullbwp30p140tt0p9v25c
  ram_port_1_ctrl_1005
                     ZeroWireload          tcbn22ullbwp30p140tt0p9v25c
  ram_port_1_ctrl_1004
                     ZeroWireload          tcbn22ullbwp30p140tt0p9v25c
  ram_port_1_ctrl_1003
                     ZeroWireload          tcbn22ullbwp30p140tt0p9v25c
  ram_port_1_ctrl_1002
                     ZeroWireload          tcbn22ullbwp30p140tt0p9v25c
  ram_port_1_ctrl_1001
                     ZeroWireload          tcbn22ullbwp30p140tt0p9v25c
  ram_port_1_ctrl_1000
                     ZeroWireload          tcbn22ullbwp30p140tt0p9v25c
  ram_port_1_ctrl_999
                     ZeroWireload          tcbn22ullbwp30p140tt0p9v25c
  ram_port_1_ctrl_998
                     ZeroWireload          tcbn22ullbwp30p140tt0p9v25c
  ram_port_1_ctrl_997
                     ZeroWireload          tcbn22ullbwp30p140tt0p9v25c
  ram_port_1_ctrl_996
                     ZeroWireload          tcbn22ullbwp30p140tt0p9v25c
  ram_port_1_ctrl_995
                     ZeroWireload          tcbn22ullbwp30p140tt0p9v25c
  ram_port_1_ctrl_994
                     ZeroWireload          tcbn22ullbwp30p140tt0p9v25c
  ram_port_1_ctrl_993
                     ZeroWireload          tcbn22ullbwp30p140tt0p9v25c
  ram_port_1_ctrl_992
                     ZeroWireload          tcbn22ullbwp30p140tt0p9v25c
  ram_port_1_ctrl_991
                     ZeroWireload          tcbn22ullbwp30p140tt0p9v25c
  ram_port_1_ctrl_990
                     ZeroWireload          tcbn22ullbwp30p140tt0p9v25c
  ram_port_1_ctrl_989
                     ZeroWireload          tcbn22ullbwp30p140tt0p9v25c
  ram_port_1_ctrl_988
                     ZeroWireload          tcbn22ullbwp30p140tt0p9v25c
  ram_port_1_ctrl_987
                     ZeroWireload          tcbn22ullbwp30p140tt0p9v25c
  ram_port_1_ctrl_986
                     ZeroWireload          tcbn22ullbwp30p140tt0p9v25c
  ram_port_1_ctrl_985
                     ZeroWireload          tcbn22ullbwp30p140tt0p9v25c
  ram_port_1_ctrl_984
                     ZeroWireload          tcbn22ullbwp30p140tt0p9v25c
  ram_port_1_ctrl_983
                     ZeroWireload          tcbn22ullbwp30p140tt0p9v25c
  ram_port_1_ctrl_982
                     ZeroWireload          tcbn22ullbwp30p140tt0p9v25c
  ram_port_1_ctrl_981
                     ZeroWireload          tcbn22ullbwp30p140tt0p9v25c
  ram_port_1_ctrl_980
                     ZeroWireload          tcbn22ullbwp30p140tt0p9v25c
  ram_port_1_ctrl_979
                     ZeroWireload          tcbn22ullbwp30p140tt0p9v25c
  ram_port_1_ctrl_978
                     ZeroWireload          tcbn22ullbwp30p140tt0p9v25c
  ram_port_1_ctrl_977
                     ZeroWireload          tcbn22ullbwp30p140tt0p9v25c
  ram_port_1_ctrl_976
                     ZeroWireload          tcbn22ullbwp30p140tt0p9v25c
  ram_port_1_ctrl_975
                     ZeroWireload          tcbn22ullbwp30p140tt0p9v25c
  ram_port_1_ctrl_974
                     ZeroWireload          tcbn22ullbwp30p140tt0p9v25c
  ram_port_1_ctrl_973
                     ZeroWireload          tcbn22ullbwp30p140tt0p9v25c
  ram_port_1_ctrl_972
                     ZeroWireload          tcbn22ullbwp30p140tt0p9v25c
  ram_port_1_ctrl_971
                     ZeroWireload          tcbn22ullbwp30p140tt0p9v25c
  ram_port_1_ctrl_970
                     ZeroWireload          tcbn22ullbwp30p140tt0p9v25c
  ram_port_1_ctrl_969
                     ZeroWireload          tcbn22ullbwp30p140tt0p9v25c
  ram_port_1_ctrl_968
                     ZeroWireload          tcbn22ullbwp30p140tt0p9v25c
  ram_port_1_ctrl_967
                     ZeroWireload          tcbn22ullbwp30p140tt0p9v25c
  ram_port_1_ctrl_966
                     ZeroWireload          tcbn22ullbwp30p140tt0p9v25c
  ram_port_1_ctrl_965
                     ZeroWireload          tcbn22ullbwp30p140tt0p9v25c
  ram_port_1_ctrl_964
                     ZeroWireload          tcbn22ullbwp30p140tt0p9v25c
  ram_port_1_ctrl_963
                     ZeroWireload          tcbn22ullbwp30p140tt0p9v25c
  ram_port_1_ctrl_962
                     ZeroWireload          tcbn22ullbwp30p140tt0p9v25c
  ram_port_1_ctrl_961
                     ZeroWireload          tcbn22ullbwp30p140tt0p9v25c
  ram_port_1_ctrl_960
                     ZeroWireload          tcbn22ullbwp30p140tt0p9v25c
  ram_port_1_ctrl_959
                     ZeroWireload          tcbn22ullbwp30p140tt0p9v25c
  ram_port_1_ctrl_958
                     ZeroWireload          tcbn22ullbwp30p140tt0p9v25c
  ram_port_1_ctrl_957
                     ZeroWireload          tcbn22ullbwp30p140tt0p9v25c
  ram_port_1_ctrl_956
                     ZeroWireload          tcbn22ullbwp30p140tt0p9v25c
  ram_port_1_ctrl_955
                     ZeroWireload          tcbn22ullbwp30p140tt0p9v25c
  ram_port_1_ctrl_954
                     ZeroWireload          tcbn22ullbwp30p140tt0p9v25c
  ram_port_1_ctrl_953
                     ZeroWireload          tcbn22ullbwp30p140tt0p9v25c
  ram_port_1_ctrl_952
                     ZeroWireload          tcbn22ullbwp30p140tt0p9v25c
  ram_port_1_ctrl_951
                     ZeroWireload          tcbn22ullbwp30p140tt0p9v25c
  ram_port_1_ctrl_950
                     ZeroWireload          tcbn22ullbwp30p140tt0p9v25c
  ram_port_1_ctrl_949
                     ZeroWireload          tcbn22ullbwp30p140tt0p9v25c
  ram_port_1_ctrl_948
                     ZeroWireload          tcbn22ullbwp30p140tt0p9v25c
  ram_port_1_ctrl_947
                     ZeroWireload          tcbn22ullbwp30p140tt0p9v25c
  ram_port_1_ctrl_946
                     ZeroWireload          tcbn22ullbwp30p140tt0p9v25c
  ram_port_1_ctrl_945
                     ZeroWireload          tcbn22ullbwp30p140tt0p9v25c
  ram_port_1_ctrl_944
                     ZeroWireload          tcbn22ullbwp30p140tt0p9v25c
  ram_port_1_ctrl_943
                     ZeroWireload          tcbn22ullbwp30p140tt0p9v25c
  ram_port_1_ctrl_942
                     ZeroWireload          tcbn22ullbwp30p140tt0p9v25c
  ram_port_1_ctrl_941
                     ZeroWireload          tcbn22ullbwp30p140tt0p9v25c
  ram_port_1_ctrl_940
                     ZeroWireload          tcbn22ullbwp30p140tt0p9v25c
  ram_port_1_ctrl_939
                     ZeroWireload          tcbn22ullbwp30p140tt0p9v25c
  ram_port_1_ctrl_938
                     ZeroWireload          tcbn22ullbwp30p140tt0p9v25c
  ram_port_1_ctrl_937
                     ZeroWireload          tcbn22ullbwp30p140tt0p9v25c
  ram_port_1_ctrl_936
                     ZeroWireload          tcbn22ullbwp30p140tt0p9v25c
  ram_port_1_ctrl_935
                     ZeroWireload          tcbn22ullbwp30p140tt0p9v25c
  ram_port_1_ctrl_934
                     ZeroWireload          tcbn22ullbwp30p140tt0p9v25c
  ram_port_1_ctrl_933
                     ZeroWireload          tcbn22ullbwp30p140tt0p9v25c
  ram_port_1_ctrl_932
                     ZeroWireload          tcbn22ullbwp30p140tt0p9v25c
  ram_port_1_ctrl_931
                     ZeroWireload          tcbn22ullbwp30p140tt0p9v25c
  ram_port_1_ctrl_930
                     ZeroWireload          tcbn22ullbwp30p140tt0p9v25c
  ram_port_1_ctrl_929
                     ZeroWireload          tcbn22ullbwp30p140tt0p9v25c
  ram_port_1_ctrl_928
                     ZeroWireload          tcbn22ullbwp30p140tt0p9v25c
  ram_port_1_ctrl_927
                     ZeroWireload          tcbn22ullbwp30p140tt0p9v25c
  ram_port_1_ctrl_926
                     ZeroWireload          tcbn22ullbwp30p140tt0p9v25c
  ram_port_1_ctrl_925
                     ZeroWireload          tcbn22ullbwp30p140tt0p9v25c
  ram_port_1_ctrl_924
                     ZeroWireload          tcbn22ullbwp30p140tt0p9v25c
  ram_port_1_ctrl_923
                     ZeroWireload          tcbn22ullbwp30p140tt0p9v25c
  ram_port_1_ctrl_922
                     ZeroWireload          tcbn22ullbwp30p140tt0p9v25c
  ram_port_1_ctrl_921
                     ZeroWireload          tcbn22ullbwp30p140tt0p9v25c
  ram_port_1_ctrl_920
                     ZeroWireload          tcbn22ullbwp30p140tt0p9v25c
  ram_port_1_ctrl_919
                     ZeroWireload          tcbn22ullbwp30p140tt0p9v25c
  ram_port_1_ctrl_918
                     ZeroWireload          tcbn22ullbwp30p140tt0p9v25c
  ram_port_1_ctrl_917
                     ZeroWireload          tcbn22ullbwp30p140tt0p9v25c
  ram_port_1_ctrl_916
                     ZeroWireload          tcbn22ullbwp30p140tt0p9v25c
  ram_port_1_ctrl_915
                     ZeroWireload          tcbn22ullbwp30p140tt0p9v25c
  ram_port_1_ctrl_914
                     ZeroWireload          tcbn22ullbwp30p140tt0p9v25c
  ram_port_1_ctrl_913
                     ZeroWireload          tcbn22ullbwp30p140tt0p9v25c
  ram_port_1_ctrl_912
                     ZeroWireload          tcbn22ullbwp30p140tt0p9v25c
  ram_port_1_ctrl_911
                     ZeroWireload          tcbn22ullbwp30p140tt0p9v25c
  ram_port_1_ctrl_910
                     ZeroWireload          tcbn22ullbwp30p140tt0p9v25c
  ram_port_1_ctrl_909
                     ZeroWireload          tcbn22ullbwp30p140tt0p9v25c
  ram_port_1_ctrl_908
                     ZeroWireload          tcbn22ullbwp30p140tt0p9v25c
  ram_port_1_ctrl_907
                     ZeroWireload          tcbn22ullbwp30p140tt0p9v25c
  ram_port_1_ctrl_906
                     ZeroWireload          tcbn22ullbwp30p140tt0p9v25c
  ram_port_1_ctrl_905
                     ZeroWireload          tcbn22ullbwp30p140tt0p9v25c
  ram_port_1_ctrl_904
                     ZeroWireload          tcbn22ullbwp30p140tt0p9v25c
  ram_port_1_ctrl_903
                     ZeroWireload          tcbn22ullbwp30p140tt0p9v25c
  ram_port_1_ctrl_902
                     ZeroWireload          tcbn22ullbwp30p140tt0p9v25c
  ram_port_1_ctrl_901
                     ZeroWireload          tcbn22ullbwp30p140tt0p9v25c
  ram_port_1_ctrl_900
                     ZeroWireload          tcbn22ullbwp30p140tt0p9v25c
  ram_port_1_ctrl_899
                     ZeroWireload          tcbn22ullbwp30p140tt0p9v25c
  ram_port_1_ctrl_898
                     ZeroWireload          tcbn22ullbwp30p140tt0p9v25c
  ram_port_1_ctrl_897
                     ZeroWireload          tcbn22ullbwp30p140tt0p9v25c
  ram_port_1_ctrl_896
                     ZeroWireload          tcbn22ullbwp30p140tt0p9v25c
  ram_port_1_ctrl_895
                     ZeroWireload          tcbn22ullbwp30p140tt0p9v25c
  ram_port_1_ctrl_894
                     ZeroWireload          tcbn22ullbwp30p140tt0p9v25c
  ram_port_1_ctrl_893
                     ZeroWireload          tcbn22ullbwp30p140tt0p9v25c
  ram_port_1_ctrl_892
                     ZeroWireload          tcbn22ullbwp30p140tt0p9v25c
  ram_port_1_ctrl_891
                     ZeroWireload          tcbn22ullbwp30p140tt0p9v25c
  ram_port_1_ctrl_890
                     ZeroWireload          tcbn22ullbwp30p140tt0p9v25c
  ram_port_1_ctrl_889
                     ZeroWireload          tcbn22ullbwp30p140tt0p9v25c
  ram_port_1_ctrl_888
                     ZeroWireload          tcbn22ullbwp30p140tt0p9v25c
  ram_port_1_ctrl_887
                     ZeroWireload          tcbn22ullbwp30p140tt0p9v25c
  ram_port_1_ctrl_886
                     ZeroWireload          tcbn22ullbwp30p140tt0p9v25c
  ram_port_1_ctrl_885
                     ZeroWireload          tcbn22ullbwp30p140tt0p9v25c
  ram_port_1_ctrl_884
                     ZeroWireload          tcbn22ullbwp30p140tt0p9v25c
  ram_port_1_ctrl_883
                     ZeroWireload          tcbn22ullbwp30p140tt0p9v25c
  ram_port_1_ctrl_882
                     ZeroWireload          tcbn22ullbwp30p140tt0p9v25c
  ram_port_1_ctrl_881
                     ZeroWireload          tcbn22ullbwp30p140tt0p9v25c
  ram_port_1_ctrl_880
                     ZeroWireload          tcbn22ullbwp30p140tt0p9v25c
  ram_port_1_ctrl_879
                     ZeroWireload          tcbn22ullbwp30p140tt0p9v25c
  ram_port_1_ctrl_878
                     ZeroWireload          tcbn22ullbwp30p140tt0p9v25c
  ram_port_1_ctrl_877
                     ZeroWireload          tcbn22ullbwp30p140tt0p9v25c
  ram_port_1_ctrl_876
                     ZeroWireload          tcbn22ullbwp30p140tt0p9v25c
  ram_port_1_ctrl_875
                     ZeroWireload          tcbn22ullbwp30p140tt0p9v25c
  ram_port_1_ctrl_874
                     ZeroWireload          tcbn22ullbwp30p140tt0p9v25c
  ram_port_1_ctrl_873
                     ZeroWireload          tcbn22ullbwp30p140tt0p9v25c
  ram_port_1_ctrl_872
                     ZeroWireload          tcbn22ullbwp30p140tt0p9v25c
  ram_port_1_ctrl_871
                     ZeroWireload          tcbn22ullbwp30p140tt0p9v25c
  ram_port_1_ctrl_870
                     ZeroWireload          tcbn22ullbwp30p140tt0p9v25c
  ram_port_1_ctrl_869
                     ZeroWireload          tcbn22ullbwp30p140tt0p9v25c
  ram_port_1_ctrl_868
                     ZeroWireload          tcbn22ullbwp30p140tt0p9v25c
  ram_port_1_ctrl_867
                     ZeroWireload          tcbn22ullbwp30p140tt0p9v25c
  ram_port_1_ctrl_866
                     ZeroWireload          tcbn22ullbwp30p140tt0p9v25c
  ram_port_1_ctrl_865
                     ZeroWireload          tcbn22ullbwp30p140tt0p9v25c
  ram_port_1_ctrl_864
                     ZeroWireload          tcbn22ullbwp30p140tt0p9v25c
  ram_port_1_ctrl_863
                     ZeroWireload          tcbn22ullbwp30p140tt0p9v25c
  ram_port_1_ctrl_862
                     ZeroWireload          tcbn22ullbwp30p140tt0p9v25c
  ram_port_1_ctrl_861
                     ZeroWireload          tcbn22ullbwp30p140tt0p9v25c
  ram_port_1_ctrl_860
                     ZeroWireload          tcbn22ullbwp30p140tt0p9v25c
  ram_port_1_ctrl_859
                     ZeroWireload          tcbn22ullbwp30p140tt0p9v25c
  ram_port_1_ctrl_858
                     ZeroWireload          tcbn22ullbwp30p140tt0p9v25c
  ram_port_1_ctrl_857
                     ZeroWireload          tcbn22ullbwp30p140tt0p9v25c
  ram_port_1_ctrl_856
                     ZeroWireload          tcbn22ullbwp30p140tt0p9v25c
  ram_port_1_ctrl_855
                     ZeroWireload          tcbn22ullbwp30p140tt0p9v25c
  ram_port_1_ctrl_854
                     ZeroWireload          tcbn22ullbwp30p140tt0p9v25c
  ram_port_1_ctrl_853
                     ZeroWireload          tcbn22ullbwp30p140tt0p9v25c
  ram_port_1_ctrl_852
                     ZeroWireload          tcbn22ullbwp30p140tt0p9v25c
  ram_port_1_ctrl_851
                     ZeroWireload          tcbn22ullbwp30p140tt0p9v25c
  ram_port_1_ctrl_850
                     ZeroWireload          tcbn22ullbwp30p140tt0p9v25c
  ram_port_1_ctrl_849
                     ZeroWireload          tcbn22ullbwp30p140tt0p9v25c
  ram_port_1_ctrl_848
                     ZeroWireload          tcbn22ullbwp30p140tt0p9v25c
  ram_port_1_ctrl_847
                     ZeroWireload          tcbn22ullbwp30p140tt0p9v25c
  ram_port_1_ctrl_846
                     ZeroWireload          tcbn22ullbwp30p140tt0p9v25c
  ram_port_1_ctrl_845
                     ZeroWireload          tcbn22ullbwp30p140tt0p9v25c
  ram_port_1_ctrl_844
                     ZeroWireload          tcbn22ullbwp30p140tt0p9v25c
  ram_port_1_ctrl_843
                     ZeroWireload          tcbn22ullbwp30p140tt0p9v25c
  ram_port_1_ctrl_842
                     ZeroWireload          tcbn22ullbwp30p140tt0p9v25c
  ram_port_1_ctrl_841
                     ZeroWireload          tcbn22ullbwp30p140tt0p9v25c
  ram_port_1_ctrl_840
                     ZeroWireload          tcbn22ullbwp30p140tt0p9v25c
  ram_port_1_ctrl_839
                     ZeroWireload          tcbn22ullbwp30p140tt0p9v25c
  ram_port_1_ctrl_838
                     ZeroWireload          tcbn22ullbwp30p140tt0p9v25c
  ram_port_1_ctrl_837
                     ZeroWireload          tcbn22ullbwp30p140tt0p9v25c
  ram_port_1_ctrl_836
                     ZeroWireload          tcbn22ullbwp30p140tt0p9v25c
  ram_port_1_ctrl_835
                     ZeroWireload          tcbn22ullbwp30p140tt0p9v25c
  ram_port_1_ctrl_834
                     ZeroWireload          tcbn22ullbwp30p140tt0p9v25c
  ram_port_1_ctrl_833
                     ZeroWireload          tcbn22ullbwp30p140tt0p9v25c
  ram_port_1_ctrl_832
                     ZeroWireload          tcbn22ullbwp30p140tt0p9v25c
  ram_port_1_ctrl_831
                     ZeroWireload          tcbn22ullbwp30p140tt0p9v25c
  ram_port_1_ctrl_830
                     ZeroWireload          tcbn22ullbwp30p140tt0p9v25c
  ram_port_1_ctrl_829
                     ZeroWireload          tcbn22ullbwp30p140tt0p9v25c
  ram_port_1_ctrl_828
                     ZeroWireload          tcbn22ullbwp30p140tt0p9v25c
  ram_port_1_ctrl_827
                     ZeroWireload          tcbn22ullbwp30p140tt0p9v25c
  ram_port_1_ctrl_826
                     ZeroWireload          tcbn22ullbwp30p140tt0p9v25c
  ram_port_1_ctrl_825
                     ZeroWireload          tcbn22ullbwp30p140tt0p9v25c
  ram_port_1_ctrl_824
                     ZeroWireload          tcbn22ullbwp30p140tt0p9v25c
  ram_port_1_ctrl_823
                     ZeroWireload          tcbn22ullbwp30p140tt0p9v25c
  ram_port_1_ctrl_822
                     ZeroWireload          tcbn22ullbwp30p140tt0p9v25c
  ram_port_1_ctrl_821
                     ZeroWireload          tcbn22ullbwp30p140tt0p9v25c
  ram_port_1_ctrl_820
                     ZeroWireload          tcbn22ullbwp30p140tt0p9v25c
  ram_port_1_ctrl_819
                     ZeroWireload          tcbn22ullbwp30p140tt0p9v25c
  ram_port_1_ctrl_818
                     ZeroWireload          tcbn22ullbwp30p140tt0p9v25c
  ram_port_1_ctrl_817
                     ZeroWireload          tcbn22ullbwp30p140tt0p9v25c
  ram_port_1_ctrl_816
                     ZeroWireload          tcbn22ullbwp30p140tt0p9v25c
  ram_port_1_ctrl_815
                     ZeroWireload          tcbn22ullbwp30p140tt0p9v25c
  ram_port_1_ctrl_814
                     ZeroWireload          tcbn22ullbwp30p140tt0p9v25c
  ram_port_1_ctrl_813
                     ZeroWireload          tcbn22ullbwp30p140tt0p9v25c
  ram_port_1_ctrl_812
                     ZeroWireload          tcbn22ullbwp30p140tt0p9v25c
  ram_port_1_ctrl_811
                     ZeroWireload          tcbn22ullbwp30p140tt0p9v25c
  ram_port_1_ctrl_810
                     ZeroWireload          tcbn22ullbwp30p140tt0p9v25c
  ram_port_1_ctrl_809
                     ZeroWireload          tcbn22ullbwp30p140tt0p9v25c
  ram_port_1_ctrl_808
                     ZeroWireload          tcbn22ullbwp30p140tt0p9v25c
  ram_port_1_ctrl_807
                     ZeroWireload          tcbn22ullbwp30p140tt0p9v25c
  ram_port_1_ctrl_806
                     ZeroWireload          tcbn22ullbwp30p140tt0p9v25c
  ram_port_1_ctrl_805
                     ZeroWireload          tcbn22ullbwp30p140tt0p9v25c
  ram_port_1_ctrl_804
                     ZeroWireload          tcbn22ullbwp30p140tt0p9v25c
  ram_port_1_ctrl_803
                     ZeroWireload          tcbn22ullbwp30p140tt0p9v25c
  ram_port_1_ctrl_802
                     ZeroWireload          tcbn22ullbwp30p140tt0p9v25c
  ram_port_1_ctrl_801
                     ZeroWireload          tcbn22ullbwp30p140tt0p9v25c
  ram_port_1_ctrl_800
                     ZeroWireload          tcbn22ullbwp30p140tt0p9v25c
  ram_port_1_ctrl_799
                     ZeroWireload          tcbn22ullbwp30p140tt0p9v25c
  ram_port_1_ctrl_798
                     ZeroWireload          tcbn22ullbwp30p140tt0p9v25c
  ram_port_1_ctrl_797
                     ZeroWireload          tcbn22ullbwp30p140tt0p9v25c
  ram_port_1_ctrl_796
                     ZeroWireload          tcbn22ullbwp30p140tt0p9v25c
  ram_port_1_ctrl_795
                     ZeroWireload          tcbn22ullbwp30p140tt0p9v25c
  ram_port_1_ctrl_794
                     ZeroWireload          tcbn22ullbwp30p140tt0p9v25c
  ram_port_1_ctrl_793
                     ZeroWireload          tcbn22ullbwp30p140tt0p9v25c
  ram_port_1_ctrl_792
                     ZeroWireload          tcbn22ullbwp30p140tt0p9v25c
  ram_port_1_ctrl_791
                     ZeroWireload          tcbn22ullbwp30p140tt0p9v25c
  ram_port_1_ctrl_790
                     ZeroWireload          tcbn22ullbwp30p140tt0p9v25c
  ram_port_1_ctrl_789
                     ZeroWireload          tcbn22ullbwp30p140tt0p9v25c
  ram_port_1_ctrl_788
                     ZeroWireload          tcbn22ullbwp30p140tt0p9v25c
  ram_port_1_ctrl_787
                     ZeroWireload          tcbn22ullbwp30p140tt0p9v25c
  ram_port_1_ctrl_786
                     ZeroWireload          tcbn22ullbwp30p140tt0p9v25c
  ram_port_1_ctrl_785
                     ZeroWireload          tcbn22ullbwp30p140tt0p9v25c
  ram_port_1_ctrl_784
                     ZeroWireload          tcbn22ullbwp30p140tt0p9v25c
  ram_port_1_ctrl_783
                     ZeroWireload          tcbn22ullbwp30p140tt0p9v25c
  ram_port_1_ctrl_782
                     ZeroWireload          tcbn22ullbwp30p140tt0p9v25c
  ram_port_1_ctrl_781
                     ZeroWireload          tcbn22ullbwp30p140tt0p9v25c
  ram_port_1_ctrl_780
                     ZeroWireload          tcbn22ullbwp30p140tt0p9v25c
  ram_port_1_ctrl_779
                     ZeroWireload          tcbn22ullbwp30p140tt0p9v25c
  ram_port_1_ctrl_778
                     ZeroWireload          tcbn22ullbwp30p140tt0p9v25c
  ram_port_1_ctrl_777
                     ZeroWireload          tcbn22ullbwp30p140tt0p9v25c
  ram_port_1_ctrl_776
                     ZeroWireload          tcbn22ullbwp30p140tt0p9v25c
  ram_port_1_ctrl_775
                     ZeroWireload          tcbn22ullbwp30p140tt0p9v25c
  ram_port_1_ctrl_774
                     ZeroWireload          tcbn22ullbwp30p140tt0p9v25c
  ram_port_1_ctrl_773
                     ZeroWireload          tcbn22ullbwp30p140tt0p9v25c
  ram_port_1_ctrl_772
                     ZeroWireload          tcbn22ullbwp30p140tt0p9v25c
  ram_port_1_ctrl_771
                     ZeroWireload          tcbn22ullbwp30p140tt0p9v25c
  ram_port_1_ctrl_770
                     ZeroWireload          tcbn22ullbwp30p140tt0p9v25c
  ram_port_1_ctrl_769
                     ZeroWireload          tcbn22ullbwp30p140tt0p9v25c
  ram_port_1_ctrl_768
                     ZeroWireload          tcbn22ullbwp30p140tt0p9v25c
  ram_port_1_ctrl_767
                     ZeroWireload          tcbn22ullbwp30p140tt0p9v25c
  ram_port_1_ctrl_766
                     ZeroWireload          tcbn22ullbwp30p140tt0p9v25c
  ram_port_1_ctrl_765
                     ZeroWireload          tcbn22ullbwp30p140tt0p9v25c
  ram_port_1_ctrl_764
                     ZeroWireload          tcbn22ullbwp30p140tt0p9v25c
  ram_port_1_ctrl_763
                     ZeroWireload          tcbn22ullbwp30p140tt0p9v25c
  ram_port_1_ctrl_762
                     ZeroWireload          tcbn22ullbwp30p140tt0p9v25c
  ram_port_1_ctrl_761
                     ZeroWireload          tcbn22ullbwp30p140tt0p9v25c
  ram_port_1_ctrl_760
                     ZeroWireload          tcbn22ullbwp30p140tt0p9v25c
  ram_port_1_ctrl_759
                     ZeroWireload          tcbn22ullbwp30p140tt0p9v25c
  ram_port_1_ctrl_758
                     ZeroWireload          tcbn22ullbwp30p140tt0p9v25c
  ram_port_1_ctrl_757
                     ZeroWireload          tcbn22ullbwp30p140tt0p9v25c
  ram_port_1_ctrl_756
                     ZeroWireload          tcbn22ullbwp30p140tt0p9v25c
  ram_port_1_ctrl_755
                     ZeroWireload          tcbn22ullbwp30p140tt0p9v25c
  ram_port_1_ctrl_754
                     ZeroWireload          tcbn22ullbwp30p140tt0p9v25c
  ram_port_1_ctrl_753
                     ZeroWireload          tcbn22ullbwp30p140tt0p9v25c
  ram_port_1_ctrl_752
                     ZeroWireload          tcbn22ullbwp30p140tt0p9v25c
  ram_port_1_ctrl_751
                     ZeroWireload          tcbn22ullbwp30p140tt0p9v25c
  ram_port_1_ctrl_750
                     ZeroWireload          tcbn22ullbwp30p140tt0p9v25c
  ram_port_1_ctrl_749
                     ZeroWireload          tcbn22ullbwp30p140tt0p9v25c
  ram_port_1_ctrl_748
                     ZeroWireload          tcbn22ullbwp30p140tt0p9v25c
  ram_port_1_ctrl_747
                     ZeroWireload          tcbn22ullbwp30p140tt0p9v25c
  ram_port_1_ctrl_746
                     ZeroWireload          tcbn22ullbwp30p140tt0p9v25c
  ram_port_1_ctrl_745
                     ZeroWireload          tcbn22ullbwp30p140tt0p9v25c
  ram_port_1_ctrl_744
                     ZeroWireload          tcbn22ullbwp30p140tt0p9v25c
  ram_port_1_ctrl_743
                     ZeroWireload          tcbn22ullbwp30p140tt0p9v25c
  ram_port_1_ctrl_742
                     ZeroWireload          tcbn22ullbwp30p140tt0p9v25c
  ram_port_1_ctrl_741
                     ZeroWireload          tcbn22ullbwp30p140tt0p9v25c
  ram_port_1_ctrl_740
                     ZeroWireload          tcbn22ullbwp30p140tt0p9v25c
  ram_port_1_ctrl_739
                     ZeroWireload          tcbn22ullbwp30p140tt0p9v25c
  ram_port_1_ctrl_738
                     ZeroWireload          tcbn22ullbwp30p140tt0p9v25c
  ram_port_1_ctrl_737
                     ZeroWireload          tcbn22ullbwp30p140tt0p9v25c
  ram_port_1_ctrl_736
                     ZeroWireload          tcbn22ullbwp30p140tt0p9v25c
  ram_port_1_ctrl_735
                     ZeroWireload          tcbn22ullbwp30p140tt0p9v25c
  ram_port_1_ctrl_734
                     ZeroWireload          tcbn22ullbwp30p140tt0p9v25c
  ram_port_1_ctrl_733
                     ZeroWireload          tcbn22ullbwp30p140tt0p9v25c
  ram_port_1_ctrl_732
                     ZeroWireload          tcbn22ullbwp30p140tt0p9v25c
  ram_port_1_ctrl_731
                     ZeroWireload          tcbn22ullbwp30p140tt0p9v25c
  ram_port_1_ctrl_730
                     ZeroWireload          tcbn22ullbwp30p140tt0p9v25c
  ram_port_1_ctrl_729
                     ZeroWireload          tcbn22ullbwp30p140tt0p9v25c
  ram_port_1_ctrl_728
                     ZeroWireload          tcbn22ullbwp30p140tt0p9v25c
  ram_port_1_ctrl_727
                     ZeroWireload          tcbn22ullbwp30p140tt0p9v25c
  ram_port_1_ctrl_726
                     ZeroWireload          tcbn22ullbwp30p140tt0p9v25c
  ram_port_1_ctrl_725
                     ZeroWireload          tcbn22ullbwp30p140tt0p9v25c
  ram_port_1_ctrl_724
                     ZeroWireload          tcbn22ullbwp30p140tt0p9v25c
  ram_port_1_ctrl_723
                     ZeroWireload          tcbn22ullbwp30p140tt0p9v25c
  ram_port_1_ctrl_722
                     ZeroWireload          tcbn22ullbwp30p140tt0p9v25c
  ram_port_1_ctrl_721
                     ZeroWireload          tcbn22ullbwp30p140tt0p9v25c
  ram_port_1_ctrl_720
                     ZeroWireload          tcbn22ullbwp30p140tt0p9v25c
  ram_port_1_ctrl_719
                     ZeroWireload          tcbn22ullbwp30p140tt0p9v25c
  ram_port_1_ctrl_718
                     ZeroWireload          tcbn22ullbwp30p140tt0p9v25c
  ram_port_1_ctrl_717
                     ZeroWireload          tcbn22ullbwp30p140tt0p9v25c
  ram_port_1_ctrl_716
                     ZeroWireload          tcbn22ullbwp30p140tt0p9v25c
  ram_port_1_ctrl_715
                     ZeroWireload          tcbn22ullbwp30p140tt0p9v25c
  ram_port_1_ctrl_714
                     ZeroWireload          tcbn22ullbwp30p140tt0p9v25c
  ram_port_1_ctrl_713
                     ZeroWireload          tcbn22ullbwp30p140tt0p9v25c
  ram_port_1_ctrl_712
                     ZeroWireload          tcbn22ullbwp30p140tt0p9v25c
  ram_port_1_ctrl_711
                     ZeroWireload          tcbn22ullbwp30p140tt0p9v25c
  ram_port_1_ctrl_710
                     ZeroWireload          tcbn22ullbwp30p140tt0p9v25c
  ram_port_1_ctrl_709
                     ZeroWireload          tcbn22ullbwp30p140tt0p9v25c
  ram_port_1_ctrl_708
                     ZeroWireload          tcbn22ullbwp30p140tt0p9v25c
  ram_port_1_ctrl_707
                     ZeroWireload          tcbn22ullbwp30p140tt0p9v25c
  ram_port_1_ctrl_706
                     ZeroWireload          tcbn22ullbwp30p140tt0p9v25c
  ram_port_1_ctrl_705
                     ZeroWireload          tcbn22ullbwp30p140tt0p9v25c
  ram_port_1_ctrl_704
                     ZeroWireload          tcbn22ullbwp30p140tt0p9v25c
  ram_port_1_ctrl_703
                     ZeroWireload          tcbn22ullbwp30p140tt0p9v25c
  ram_port_1_ctrl_702
                     ZeroWireload          tcbn22ullbwp30p140tt0p9v25c
  ram_port_1_ctrl_701
                     ZeroWireload          tcbn22ullbwp30p140tt0p9v25c
  ram_port_1_ctrl_700
                     ZeroWireload          tcbn22ullbwp30p140tt0p9v25c
  ram_port_1_ctrl_699
                     ZeroWireload          tcbn22ullbwp30p140tt0p9v25c
  ram_port_1_ctrl_698
                     ZeroWireload          tcbn22ullbwp30p140tt0p9v25c
  ram_port_1_ctrl_697
                     ZeroWireload          tcbn22ullbwp30p140tt0p9v25c
  ram_port_1_ctrl_696
                     ZeroWireload          tcbn22ullbwp30p140tt0p9v25c
  ram_port_1_ctrl_695
                     ZeroWireload          tcbn22ullbwp30p140tt0p9v25c
  ram_port_1_ctrl_694
                     ZeroWireload          tcbn22ullbwp30p140tt0p9v25c
  ram_port_1_ctrl_693
                     ZeroWireload          tcbn22ullbwp30p140tt0p9v25c
  ram_port_1_ctrl_692
                     ZeroWireload          tcbn22ullbwp30p140tt0p9v25c
  ram_port_1_ctrl_691
                     ZeroWireload          tcbn22ullbwp30p140tt0p9v25c
  ram_port_1_ctrl_690
                     ZeroWireload          tcbn22ullbwp30p140tt0p9v25c
  ram_port_1_ctrl_689
                     ZeroWireload          tcbn22ullbwp30p140tt0p9v25c
  ram_port_1_ctrl_688
                     ZeroWireload          tcbn22ullbwp30p140tt0p9v25c
  ram_port_1_ctrl_687
                     ZeroWireload          tcbn22ullbwp30p140tt0p9v25c
  ram_port_1_ctrl_686
                     ZeroWireload          tcbn22ullbwp30p140tt0p9v25c
  ram_port_1_ctrl_685
                     ZeroWireload          tcbn22ullbwp30p140tt0p9v25c
  ram_port_1_ctrl_684
                     ZeroWireload          tcbn22ullbwp30p140tt0p9v25c
  ram_port_1_ctrl_683
                     ZeroWireload          tcbn22ullbwp30p140tt0p9v25c
  ram_port_1_ctrl_682
                     ZeroWireload          tcbn22ullbwp30p140tt0p9v25c
  ram_port_1_ctrl_681
                     ZeroWireload          tcbn22ullbwp30p140tt0p9v25c
  ram_port_1_ctrl_680
                     ZeroWireload          tcbn22ullbwp30p140tt0p9v25c
  ram_port_1_ctrl_679
                     ZeroWireload          tcbn22ullbwp30p140tt0p9v25c
  ram_port_1_ctrl_678
                     ZeroWireload          tcbn22ullbwp30p140tt0p9v25c
  ram_port_1_ctrl_677
                     ZeroWireload          tcbn22ullbwp30p140tt0p9v25c
  ram_port_1_ctrl_676
                     ZeroWireload          tcbn22ullbwp30p140tt0p9v25c
  ram_port_1_ctrl_675
                     ZeroWireload          tcbn22ullbwp30p140tt0p9v25c
  ram_port_1_ctrl_674
                     ZeroWireload          tcbn22ullbwp30p140tt0p9v25c
  ram_port_1_ctrl_673
                     ZeroWireload          tcbn22ullbwp30p140tt0p9v25c
  ram_port_1_ctrl_672
                     ZeroWireload          tcbn22ullbwp30p140tt0p9v25c
  ram_port_1_ctrl_671
                     ZeroWireload          tcbn22ullbwp30p140tt0p9v25c
  ram_port_1_ctrl_670
                     ZeroWireload          tcbn22ullbwp30p140tt0p9v25c
  ram_port_1_ctrl_669
                     ZeroWireload          tcbn22ullbwp30p140tt0p9v25c
  ram_port_1_ctrl_668
                     ZeroWireload          tcbn22ullbwp30p140tt0p9v25c
  ram_port_1_ctrl_667
                     ZeroWireload          tcbn22ullbwp30p140tt0p9v25c
  ram_port_1_ctrl_666
                     ZeroWireload          tcbn22ullbwp30p140tt0p9v25c
  ram_port_1_ctrl_665
                     ZeroWireload          tcbn22ullbwp30p140tt0p9v25c
  ram_port_1_ctrl_664
                     ZeroWireload          tcbn22ullbwp30p140tt0p9v25c
  ram_port_1_ctrl_663
                     ZeroWireload          tcbn22ullbwp30p140tt0p9v25c
  ram_port_1_ctrl_662
                     ZeroWireload          tcbn22ullbwp30p140tt0p9v25c
  ram_port_1_ctrl_661
                     ZeroWireload          tcbn22ullbwp30p140tt0p9v25c
  ram_port_1_ctrl_660
                     ZeroWireload          tcbn22ullbwp30p140tt0p9v25c
  ram_port_1_ctrl_659
                     ZeroWireload          tcbn22ullbwp30p140tt0p9v25c
  ram_port_1_ctrl_658
                     ZeroWireload          tcbn22ullbwp30p140tt0p9v25c
  ram_port_1_ctrl_657
                     ZeroWireload          tcbn22ullbwp30p140tt0p9v25c
  ram_port_1_ctrl_656
                     ZeroWireload          tcbn22ullbwp30p140tt0p9v25c
  ram_port_1_ctrl_655
                     ZeroWireload          tcbn22ullbwp30p140tt0p9v25c
  ram_port_1_ctrl_654
                     ZeroWireload          tcbn22ullbwp30p140tt0p9v25c
  ram_port_1_ctrl_653
                     ZeroWireload          tcbn22ullbwp30p140tt0p9v25c
  ram_port_1_ctrl_652
                     ZeroWireload          tcbn22ullbwp30p140tt0p9v25c
  ram_port_1_ctrl_651
                     ZeroWireload          tcbn22ullbwp30p140tt0p9v25c
  ram_port_1_ctrl_650
                     ZeroWireload          tcbn22ullbwp30p140tt0p9v25c
  ram_port_1_ctrl_649
                     ZeroWireload          tcbn22ullbwp30p140tt0p9v25c
  ram_port_1_ctrl_648
                     ZeroWireload          tcbn22ullbwp30p140tt0p9v25c
  ram_port_1_ctrl_647
                     ZeroWireload          tcbn22ullbwp30p140tt0p9v25c
  ram_port_1_ctrl_646
                     ZeroWireload          tcbn22ullbwp30p140tt0p9v25c
  ram_port_1_ctrl_645
                     ZeroWireload          tcbn22ullbwp30p140tt0p9v25c
  ram_port_1_ctrl_644
                     ZeroWireload          tcbn22ullbwp30p140tt0p9v25c
  ram_port_1_ctrl_643
                     ZeroWireload          tcbn22ullbwp30p140tt0p9v25c
  ram_port_1_ctrl_642
                     ZeroWireload          tcbn22ullbwp30p140tt0p9v25c
  ram_port_1_ctrl_641
                     ZeroWireload          tcbn22ullbwp30p140tt0p9v25c
  ram_port_1_ctrl_640
                     ZeroWireload          tcbn22ullbwp30p140tt0p9v25c
  ram_port_1_ctrl_639
                     ZeroWireload          tcbn22ullbwp30p140tt0p9v25c
  ram_port_1_ctrl_638
                     ZeroWireload          tcbn22ullbwp30p140tt0p9v25c
  ram_port_1_ctrl_637
                     ZeroWireload          tcbn22ullbwp30p140tt0p9v25c
  ram_port_1_ctrl_636
                     ZeroWireload          tcbn22ullbwp30p140tt0p9v25c
  ram_port_1_ctrl_635
                     ZeroWireload          tcbn22ullbwp30p140tt0p9v25c
  ram_port_1_ctrl_634
                     ZeroWireload          tcbn22ullbwp30p140tt0p9v25c
  ram_port_1_ctrl_633
                     ZeroWireload          tcbn22ullbwp30p140tt0p9v25c
  ram_port_1_ctrl_632
                     ZeroWireload          tcbn22ullbwp30p140tt0p9v25c
  ram_port_1_ctrl_631
                     ZeroWireload          tcbn22ullbwp30p140tt0p9v25c
  ram_port_1_ctrl_630
                     ZeroWireload          tcbn22ullbwp30p140tt0p9v25c
  ram_port_1_ctrl_629
                     ZeroWireload          tcbn22ullbwp30p140tt0p9v25c
  ram_port_1_ctrl_628
                     ZeroWireload          tcbn22ullbwp30p140tt0p9v25c
  ram_port_1_ctrl_627
                     ZeroWireload          tcbn22ullbwp30p140tt0p9v25c
  ram_port_1_ctrl_626
                     ZeroWireload          tcbn22ullbwp30p140tt0p9v25c
  ram_port_1_ctrl_625
                     ZeroWireload          tcbn22ullbwp30p140tt0p9v25c
  ram_port_1_ctrl_624
                     ZeroWireload          tcbn22ullbwp30p140tt0p9v25c
  ram_port_1_ctrl_623
                     ZeroWireload          tcbn22ullbwp30p140tt0p9v25c
  ram_port_1_ctrl_622
                     ZeroWireload          tcbn22ullbwp30p140tt0p9v25c
  ram_port_1_ctrl_621
                     ZeroWireload          tcbn22ullbwp30p140tt0p9v25c
  ram_port_1_ctrl_620
                     ZeroWireload          tcbn22ullbwp30p140tt0p9v25c
  ram_port_1_ctrl_619
                     ZeroWireload          tcbn22ullbwp30p140tt0p9v25c
  ram_port_1_ctrl_618
                     ZeroWireload          tcbn22ullbwp30p140tt0p9v25c
  ram_port_1_ctrl_617
                     ZeroWireload          tcbn22ullbwp30p140tt0p9v25c
  ram_port_1_ctrl_616
                     ZeroWireload          tcbn22ullbwp30p140tt0p9v25c
  ram_port_1_ctrl_615
                     ZeroWireload          tcbn22ullbwp30p140tt0p9v25c
  ram_port_1_ctrl_614
                     ZeroWireload          tcbn22ullbwp30p140tt0p9v25c
  ram_port_1_ctrl_613
                     ZeroWireload          tcbn22ullbwp30p140tt0p9v25c
  ram_port_1_ctrl_612
                     ZeroWireload          tcbn22ullbwp30p140tt0p9v25c
  ram_port_1_ctrl_611
                     ZeroWireload          tcbn22ullbwp30p140tt0p9v25c
  ram_port_1_ctrl_610
                     ZeroWireload          tcbn22ullbwp30p140tt0p9v25c
  ram_port_1_ctrl_609
                     ZeroWireload          tcbn22ullbwp30p140tt0p9v25c
  ram_port_1_ctrl_608
                     ZeroWireload          tcbn22ullbwp30p140tt0p9v25c
  ram_port_1_ctrl_607
                     ZeroWireload          tcbn22ullbwp30p140tt0p9v25c
  ram_port_1_ctrl_606
                     ZeroWireload          tcbn22ullbwp30p140tt0p9v25c
  ram_port_1_ctrl_605
                     ZeroWireload          tcbn22ullbwp30p140tt0p9v25c
  ram_port_1_ctrl_604
                     ZeroWireload          tcbn22ullbwp30p140tt0p9v25c
  ram_port_1_ctrl_603
                     ZeroWireload          tcbn22ullbwp30p140tt0p9v25c
  ram_port_1_ctrl_602
                     ZeroWireload          tcbn22ullbwp30p140tt0p9v25c
  ram_port_1_ctrl_601
                     ZeroWireload          tcbn22ullbwp30p140tt0p9v25c
  ram_port_1_ctrl_600
                     ZeroWireload          tcbn22ullbwp30p140tt0p9v25c
  ram_port_1_ctrl_599
                     ZeroWireload          tcbn22ullbwp30p140tt0p9v25c
  ram_port_1_ctrl_598
                     ZeroWireload          tcbn22ullbwp30p140tt0p9v25c
  ram_port_1_ctrl_597
                     ZeroWireload          tcbn22ullbwp30p140tt0p9v25c
  ram_port_1_ctrl_596
                     ZeroWireload          tcbn22ullbwp30p140tt0p9v25c
  ram_port_1_ctrl_595
                     ZeroWireload          tcbn22ullbwp30p140tt0p9v25c
  ram_port_1_ctrl_594
                     ZeroWireload          tcbn22ullbwp30p140tt0p9v25c
  ram_port_1_ctrl_593
                     ZeroWireload          tcbn22ullbwp30p140tt0p9v25c
  ram_port_1_ctrl_592
                     ZeroWireload          tcbn22ullbwp30p140tt0p9v25c
  ram_port_1_ctrl_591
                     ZeroWireload          tcbn22ullbwp30p140tt0p9v25c
  ram_port_1_ctrl_590
                     ZeroWireload          tcbn22ullbwp30p140tt0p9v25c
  ram_port_1_ctrl_589
                     ZeroWireload          tcbn22ullbwp30p140tt0p9v25c
  ram_port_1_ctrl_588
                     ZeroWireload          tcbn22ullbwp30p140tt0p9v25c
  ram_port_1_ctrl_587
                     ZeroWireload          tcbn22ullbwp30p140tt0p9v25c
  ram_port_1_ctrl_586
                     ZeroWireload          tcbn22ullbwp30p140tt0p9v25c
  ram_port_1_ctrl_585
                     ZeroWireload          tcbn22ullbwp30p140tt0p9v25c
  ram_port_1_ctrl_584
                     ZeroWireload          tcbn22ullbwp30p140tt0p9v25c
  ram_port_1_ctrl_583
                     ZeroWireload          tcbn22ullbwp30p140tt0p9v25c
  ram_port_1_ctrl_582
                     ZeroWireload          tcbn22ullbwp30p140tt0p9v25c
  ram_port_1_ctrl_581
                     ZeroWireload          tcbn22ullbwp30p140tt0p9v25c
  ram_port_1_ctrl_580
                     ZeroWireload          tcbn22ullbwp30p140tt0p9v25c
  ram_port_1_ctrl_579
                     ZeroWireload          tcbn22ullbwp30p140tt0p9v25c
  ram_port_1_ctrl_578
                     ZeroWireload          tcbn22ullbwp30p140tt0p9v25c
  ram_port_1_ctrl_577
                     ZeroWireload          tcbn22ullbwp30p140tt0p9v25c
  ram_port_1_ctrl_576
                     ZeroWireload          tcbn22ullbwp30p140tt0p9v25c
  ram_port_1_ctrl_575
                     ZeroWireload          tcbn22ullbwp30p140tt0p9v25c
  ram_port_1_ctrl_574
                     ZeroWireload          tcbn22ullbwp30p140tt0p9v25c
  ram_port_1_ctrl_573
                     ZeroWireload          tcbn22ullbwp30p140tt0p9v25c
  ram_port_1_ctrl_572
                     ZeroWireload          tcbn22ullbwp30p140tt0p9v25c
  ram_port_1_ctrl_571
                     ZeroWireload          tcbn22ullbwp30p140tt0p9v25c
  ram_port_1_ctrl_570
                     ZeroWireload          tcbn22ullbwp30p140tt0p9v25c
  ram_port_1_ctrl_569
                     ZeroWireload          tcbn22ullbwp30p140tt0p9v25c
  ram_port_1_ctrl_568
                     ZeroWireload          tcbn22ullbwp30p140tt0p9v25c
  ram_port_1_ctrl_567
                     ZeroWireload          tcbn22ullbwp30p140tt0p9v25c
  ram_port_1_ctrl_566
                     ZeroWireload          tcbn22ullbwp30p140tt0p9v25c
  ram_port_1_ctrl_565
                     ZeroWireload          tcbn22ullbwp30p140tt0p9v25c
  ram_port_1_ctrl_564
                     ZeroWireload          tcbn22ullbwp30p140tt0p9v25c
  ram_port_1_ctrl_563
                     ZeroWireload          tcbn22ullbwp30p140tt0p9v25c
  ram_port_1_ctrl_562
                     ZeroWireload          tcbn22ullbwp30p140tt0p9v25c
  ram_port_1_ctrl_561
                     ZeroWireload          tcbn22ullbwp30p140tt0p9v25c
  ram_port_1_ctrl_560
                     ZeroWireload          tcbn22ullbwp30p140tt0p9v25c
  ram_port_1_ctrl_559
                     ZeroWireload          tcbn22ullbwp30p140tt0p9v25c
  ram_port_1_ctrl_558
                     ZeroWireload          tcbn22ullbwp30p140tt0p9v25c
  ram_port_1_ctrl_557
                     ZeroWireload          tcbn22ullbwp30p140tt0p9v25c
  ram_port_1_ctrl_556
                     ZeroWireload          tcbn22ullbwp30p140tt0p9v25c
  ram_port_1_ctrl_555
                     ZeroWireload          tcbn22ullbwp30p140tt0p9v25c
  ram_port_1_ctrl_554
                     ZeroWireload          tcbn22ullbwp30p140tt0p9v25c
  ram_port_1_ctrl_553
                     ZeroWireload          tcbn22ullbwp30p140tt0p9v25c
  ram_port_1_ctrl_552
                     ZeroWireload          tcbn22ullbwp30p140tt0p9v25c
  ram_port_1_ctrl_551
                     ZeroWireload          tcbn22ullbwp30p140tt0p9v25c
  ram_port_1_ctrl_550
                     ZeroWireload          tcbn22ullbwp30p140tt0p9v25c
  ram_port_1_ctrl_549
                     ZeroWireload          tcbn22ullbwp30p140tt0p9v25c
  ram_port_1_ctrl_548
                     ZeroWireload          tcbn22ullbwp30p140tt0p9v25c
  ram_port_1_ctrl_547
                     ZeroWireload          tcbn22ullbwp30p140tt0p9v25c
  ram_port_1_ctrl_546
                     ZeroWireload          tcbn22ullbwp30p140tt0p9v25c
  ram_port_1_ctrl_545
                     ZeroWireload          tcbn22ullbwp30p140tt0p9v25c
  ram_port_1_ctrl_544
                     ZeroWireload          tcbn22ullbwp30p140tt0p9v25c
  ram_port_1_ctrl_543
                     ZeroWireload          tcbn22ullbwp30p140tt0p9v25c
  ram_port_1_ctrl_542
                     ZeroWireload          tcbn22ullbwp30p140tt0p9v25c
  ram_port_1_ctrl_541
                     ZeroWireload          tcbn22ullbwp30p140tt0p9v25c
  ram_port_1_ctrl_540
                     ZeroWireload          tcbn22ullbwp30p140tt0p9v25c
  ram_port_1_ctrl_539
                     ZeroWireload          tcbn22ullbwp30p140tt0p9v25c
  ram_port_1_ctrl_538
                     ZeroWireload          tcbn22ullbwp30p140tt0p9v25c
  ram_port_1_ctrl_537
                     ZeroWireload          tcbn22ullbwp30p140tt0p9v25c
  ram_port_1_ctrl_536
                     ZeroWireload          tcbn22ullbwp30p140tt0p9v25c
  ram_port_1_ctrl_535
                     ZeroWireload          tcbn22ullbwp30p140tt0p9v25c
  ram_port_1_ctrl_534
                     ZeroWireload          tcbn22ullbwp30p140tt0p9v25c
  ram_port_1_ctrl_533
                     ZeroWireload          tcbn22ullbwp30p140tt0p9v25c
  ram_port_1_ctrl_532
                     ZeroWireload          tcbn22ullbwp30p140tt0p9v25c
  ram_port_1_ctrl_531
                     ZeroWireload          tcbn22ullbwp30p140tt0p9v25c
  ram_port_1_ctrl_530
                     ZeroWireload          tcbn22ullbwp30p140tt0p9v25c
  ram_port_1_ctrl_529
                     ZeroWireload          tcbn22ullbwp30p140tt0p9v25c
  ram_port_1_ctrl_528
                     ZeroWireload          tcbn22ullbwp30p140tt0p9v25c
  ram_port_1_ctrl_527
                     ZeroWireload          tcbn22ullbwp30p140tt0p9v25c
  ram_port_1_ctrl_526
                     ZeroWireload          tcbn22ullbwp30p140tt0p9v25c
  ram_port_1_ctrl_525
                     ZeroWireload          tcbn22ullbwp30p140tt0p9v25c
  ram_port_1_ctrl_524
                     ZeroWireload          tcbn22ullbwp30p140tt0p9v25c
  ram_port_1_ctrl_523
                     ZeroWireload          tcbn22ullbwp30p140tt0p9v25c
  ram_port_1_ctrl_522
                     ZeroWireload          tcbn22ullbwp30p140tt0p9v25c
  ram_port_1_ctrl_521
                     ZeroWireload          tcbn22ullbwp30p140tt0p9v25c
  ram_port_1_ctrl_520
                     ZeroWireload          tcbn22ullbwp30p140tt0p9v25c
  ram_port_1_ctrl_519
                     ZeroWireload          tcbn22ullbwp30p140tt0p9v25c
  ram_port_1_ctrl_518
                     ZeroWireload          tcbn22ullbwp30p140tt0p9v25c
  ram_port_1_ctrl_517
                     ZeroWireload          tcbn22ullbwp30p140tt0p9v25c
  ram_port_1_ctrl_516
                     ZeroWireload          tcbn22ullbwp30p140tt0p9v25c
  ram_port_1_ctrl_515
                     ZeroWireload          tcbn22ullbwp30p140tt0p9v25c
  ram_port_1_ctrl_514
                     ZeroWireload          tcbn22ullbwp30p140tt0p9v25c
  ram_port_1_ctrl_513
                     ZeroWireload          tcbn22ullbwp30p140tt0p9v25c
  ram_port_1_ctrl_512
                     ZeroWireload          tcbn22ullbwp30p140tt0p9v25c
  ram_port_1_ctrl_511
                     ZeroWireload          tcbn22ullbwp30p140tt0p9v25c
  ram_port_1_ctrl_510
                     ZeroWireload          tcbn22ullbwp30p140tt0p9v25c
  ram_port_1_ctrl_509
                     ZeroWireload          tcbn22ullbwp30p140tt0p9v25c
  ram_port_1_ctrl_508
                     ZeroWireload          tcbn22ullbwp30p140tt0p9v25c
  ram_port_1_ctrl_507
                     ZeroWireload          tcbn22ullbwp30p140tt0p9v25c
  ram_port_1_ctrl_506
                     ZeroWireload          tcbn22ullbwp30p140tt0p9v25c
  ram_port_1_ctrl_505
                     ZeroWireload          tcbn22ullbwp30p140tt0p9v25c
  ram_port_1_ctrl_504
                     ZeroWireload          tcbn22ullbwp30p140tt0p9v25c
  ram_port_1_ctrl_503
                     ZeroWireload          tcbn22ullbwp30p140tt0p9v25c
  ram_port_1_ctrl_502
                     ZeroWireload          tcbn22ullbwp30p140tt0p9v25c
  ram_port_1_ctrl_501
                     ZeroWireload          tcbn22ullbwp30p140tt0p9v25c
  ram_port_1_ctrl_500
                     ZeroWireload          tcbn22ullbwp30p140tt0p9v25c
  ram_port_1_ctrl_499
                     ZeroWireload          tcbn22ullbwp30p140tt0p9v25c
  ram_port_1_ctrl_498
                     ZeroWireload          tcbn22ullbwp30p140tt0p9v25c
  ram_port_1_ctrl_497
                     ZeroWireload          tcbn22ullbwp30p140tt0p9v25c
  ram_port_1_ctrl_496
                     ZeroWireload          tcbn22ullbwp30p140tt0p9v25c
  ram_port_1_ctrl_495
                     ZeroWireload          tcbn22ullbwp30p140tt0p9v25c
  ram_port_1_ctrl_494
                     ZeroWireload          tcbn22ullbwp30p140tt0p9v25c
  ram_port_1_ctrl_493
                     ZeroWireload          tcbn22ullbwp30p140tt0p9v25c
  ram_port_1_ctrl_492
                     ZeroWireload          tcbn22ullbwp30p140tt0p9v25c
  ram_port_1_ctrl_491
                     ZeroWireload          tcbn22ullbwp30p140tt0p9v25c
  ram_port_1_ctrl_490
                     ZeroWireload          tcbn22ullbwp30p140tt0p9v25c
  ram_port_1_ctrl_489
                     ZeroWireload          tcbn22ullbwp30p140tt0p9v25c
  ram_port_1_ctrl_488
                     ZeroWireload          tcbn22ullbwp30p140tt0p9v25c
  ram_port_1_ctrl_487
                     ZeroWireload          tcbn22ullbwp30p140tt0p9v25c
  ram_port_1_ctrl_486
                     ZeroWireload          tcbn22ullbwp30p140tt0p9v25c
  ram_port_1_ctrl_485
                     ZeroWireload          tcbn22ullbwp30p140tt0p9v25c
  ram_port_1_ctrl_484
                     ZeroWireload          tcbn22ullbwp30p140tt0p9v25c
  ram_port_1_ctrl_483
                     ZeroWireload          tcbn22ullbwp30p140tt0p9v25c
  ram_port_1_ctrl_482
                     ZeroWireload          tcbn22ullbwp30p140tt0p9v25c
  ram_port_1_ctrl_481
                     ZeroWireload          tcbn22ullbwp30p140tt0p9v25c
  ram_port_1_ctrl_480
                     ZeroWireload          tcbn22ullbwp30p140tt0p9v25c
  ram_port_1_ctrl_479
                     ZeroWireload          tcbn22ullbwp30p140tt0p9v25c
  ram_port_1_ctrl_478
                     ZeroWireload          tcbn22ullbwp30p140tt0p9v25c
  ram_port_1_ctrl_477
                     ZeroWireload          tcbn22ullbwp30p140tt0p9v25c
  ram_port_1_ctrl_476
                     ZeroWireload          tcbn22ullbwp30p140tt0p9v25c
  ram_port_1_ctrl_475
                     ZeroWireload          tcbn22ullbwp30p140tt0p9v25c
  ram_port_1_ctrl_474
                     ZeroWireload          tcbn22ullbwp30p140tt0p9v25c
  ram_port_1_ctrl_473
                     ZeroWireload          tcbn22ullbwp30p140tt0p9v25c
  ram_port_1_ctrl_472
                     ZeroWireload          tcbn22ullbwp30p140tt0p9v25c
  ram_port_1_ctrl_471
                     ZeroWireload          tcbn22ullbwp30p140tt0p9v25c
  ram_port_1_ctrl_470
                     ZeroWireload          tcbn22ullbwp30p140tt0p9v25c
  ram_port_1_ctrl_469
                     ZeroWireload          tcbn22ullbwp30p140tt0p9v25c
  ram_port_1_ctrl_468
                     ZeroWireload          tcbn22ullbwp30p140tt0p9v25c
  ram_port_1_ctrl_467
                     ZeroWireload          tcbn22ullbwp30p140tt0p9v25c
  ram_port_1_ctrl_466
                     ZeroWireload          tcbn22ullbwp30p140tt0p9v25c
  ram_port_1_ctrl_465
                     ZeroWireload          tcbn22ullbwp30p140tt0p9v25c
  ram_port_1_ctrl_464
                     ZeroWireload          tcbn22ullbwp30p140tt0p9v25c
  ram_port_1_ctrl_463
                     ZeroWireload          tcbn22ullbwp30p140tt0p9v25c
  ram_port_1_ctrl_462
                     ZeroWireload          tcbn22ullbwp30p140tt0p9v25c
  ram_port_1_ctrl_461
                     ZeroWireload          tcbn22ullbwp30p140tt0p9v25c
  ram_port_1_ctrl_460
                     ZeroWireload          tcbn22ullbwp30p140tt0p9v25c
  ram_port_1_ctrl_459
                     ZeroWireload          tcbn22ullbwp30p140tt0p9v25c
  ram_port_1_ctrl_458
                     ZeroWireload          tcbn22ullbwp30p140tt0p9v25c
  ram_port_1_ctrl_457
                     ZeroWireload          tcbn22ullbwp30p140tt0p9v25c
  ram_port_1_ctrl_456
                     ZeroWireload          tcbn22ullbwp30p140tt0p9v25c
  ram_port_1_ctrl_455
                     ZeroWireload          tcbn22ullbwp30p140tt0p9v25c
  ram_port_1_ctrl_454
                     ZeroWireload          tcbn22ullbwp30p140tt0p9v25c
  ram_port_1_ctrl_453
                     ZeroWireload          tcbn22ullbwp30p140tt0p9v25c
  ram_port_1_ctrl_452
                     ZeroWireload          tcbn22ullbwp30p140tt0p9v25c
  ram_port_1_ctrl_451
                     ZeroWireload          tcbn22ullbwp30p140tt0p9v25c
  ram_port_1_ctrl_450
                     ZeroWireload          tcbn22ullbwp30p140tt0p9v25c
  ram_port_1_ctrl_449
                     ZeroWireload          tcbn22ullbwp30p140tt0p9v25c
  ram_port_1_ctrl_448
                     ZeroWireload          tcbn22ullbwp30p140tt0p9v25c
  ram_port_1_ctrl_447
                     ZeroWireload          tcbn22ullbwp30p140tt0p9v25c
  ram_port_1_ctrl_446
                     ZeroWireload          tcbn22ullbwp30p140tt0p9v25c
  ram_port_1_ctrl_445
                     ZeroWireload          tcbn22ullbwp30p140tt0p9v25c
  ram_port_1_ctrl_444
                     ZeroWireload          tcbn22ullbwp30p140tt0p9v25c
  ram_port_1_ctrl_443
                     ZeroWireload          tcbn22ullbwp30p140tt0p9v25c
  ram_port_1_ctrl_442
                     ZeroWireload          tcbn22ullbwp30p140tt0p9v25c
  ram_port_1_ctrl_441
                     ZeroWireload          tcbn22ullbwp30p140tt0p9v25c
  ram_port_1_ctrl_440
                     ZeroWireload          tcbn22ullbwp30p140tt0p9v25c
  ram_port_1_ctrl_439
                     ZeroWireload          tcbn22ullbwp30p140tt0p9v25c
  ram_port_1_ctrl_438
                     ZeroWireload          tcbn22ullbwp30p140tt0p9v25c
  ram_port_1_ctrl_437
                     ZeroWireload          tcbn22ullbwp30p140tt0p9v25c
  ram_port_1_ctrl_436
                     ZeroWireload          tcbn22ullbwp30p140tt0p9v25c
  ram_port_1_ctrl_435
                     ZeroWireload          tcbn22ullbwp30p140tt0p9v25c
  ram_port_1_ctrl_434
                     ZeroWireload          tcbn22ullbwp30p140tt0p9v25c
  ram_port_1_ctrl_433
                     ZeroWireload          tcbn22ullbwp30p140tt0p9v25c
  ram_port_1_ctrl_432
                     ZeroWireload          tcbn22ullbwp30p140tt0p9v25c
  ram_port_1_ctrl_431
                     ZeroWireload          tcbn22ullbwp30p140tt0p9v25c
  ram_port_1_ctrl_430
                     ZeroWireload          tcbn22ullbwp30p140tt0p9v25c
  ram_port_1_ctrl_429
                     ZeroWireload          tcbn22ullbwp30p140tt0p9v25c
  ram_port_1_ctrl_428
                     ZeroWireload          tcbn22ullbwp30p140tt0p9v25c
  ram_port_1_ctrl_427
                     ZeroWireload          tcbn22ullbwp30p140tt0p9v25c
  ram_port_1_ctrl_426
                     ZeroWireload          tcbn22ullbwp30p140tt0p9v25c
  ram_port_1_ctrl_425
                     ZeroWireload          tcbn22ullbwp30p140tt0p9v25c
  ram_port_1_ctrl_424
                     ZeroWireload          tcbn22ullbwp30p140tt0p9v25c
  ram_port_1_ctrl_423
                     ZeroWireload          tcbn22ullbwp30p140tt0p9v25c
  ram_port_1_ctrl_422
                     ZeroWireload          tcbn22ullbwp30p140tt0p9v25c
  ram_port_1_ctrl_421
                     ZeroWireload          tcbn22ullbwp30p140tt0p9v25c
  ram_port_1_ctrl_420
                     ZeroWireload          tcbn22ullbwp30p140tt0p9v25c
  ram_port_1_ctrl_419
                     ZeroWireload          tcbn22ullbwp30p140tt0p9v25c
  ram_port_1_ctrl_418
                     ZeroWireload          tcbn22ullbwp30p140tt0p9v25c
  ram_port_1_ctrl_417
                     ZeroWireload          tcbn22ullbwp30p140tt0p9v25c
  ram_port_1_ctrl_416
                     ZeroWireload          tcbn22ullbwp30p140tt0p9v25c
  ram_port_1_ctrl_415
                     ZeroWireload          tcbn22ullbwp30p140tt0p9v25c
  ram_port_1_ctrl_414
                     ZeroWireload          tcbn22ullbwp30p140tt0p9v25c
  ram_port_1_ctrl_413
                     ZeroWireload          tcbn22ullbwp30p140tt0p9v25c
  ram_port_1_ctrl_412
                     ZeroWireload          tcbn22ullbwp30p140tt0p9v25c
  ram_port_1_ctrl_411
                     ZeroWireload          tcbn22ullbwp30p140tt0p9v25c
  ram_port_1_ctrl_410
                     ZeroWireload          tcbn22ullbwp30p140tt0p9v25c
  ram_port_1_ctrl_409
                     ZeroWireload          tcbn22ullbwp30p140tt0p9v25c
  ram_port_1_ctrl_408
                     ZeroWireload          tcbn22ullbwp30p140tt0p9v25c
  ram_port_1_ctrl_407
                     ZeroWireload          tcbn22ullbwp30p140tt0p9v25c
  ram_port_1_ctrl_406
                     ZeroWireload          tcbn22ullbwp30p140tt0p9v25c
  ram_port_1_ctrl_405
                     ZeroWireload          tcbn22ullbwp30p140tt0p9v25c
  ram_port_1_ctrl_404
                     ZeroWireload          tcbn22ullbwp30p140tt0p9v25c
  ram_port_1_ctrl_403
                     ZeroWireload          tcbn22ullbwp30p140tt0p9v25c
  ram_port_1_ctrl_402
                     ZeroWireload          tcbn22ullbwp30p140tt0p9v25c
  ram_port_1_ctrl_401
                     ZeroWireload          tcbn22ullbwp30p140tt0p9v25c
  ram_port_1_ctrl_400
                     ZeroWireload          tcbn22ullbwp30p140tt0p9v25c
  ram_port_1_ctrl_399
                     ZeroWireload          tcbn22ullbwp30p140tt0p9v25c
  ram_port_1_ctrl_398
                     ZeroWireload          tcbn22ullbwp30p140tt0p9v25c
  ram_port_1_ctrl_397
                     ZeroWireload          tcbn22ullbwp30p140tt0p9v25c
  ram_port_1_ctrl_396
                     ZeroWireload          tcbn22ullbwp30p140tt0p9v25c
  ram_port_1_ctrl_395
                     ZeroWireload          tcbn22ullbwp30p140tt0p9v25c
  ram_port_1_ctrl_394
                     ZeroWireload          tcbn22ullbwp30p140tt0p9v25c
  ram_port_1_ctrl_393
                     ZeroWireload          tcbn22ullbwp30p140tt0p9v25c
  ram_port_1_ctrl_392
                     ZeroWireload          tcbn22ullbwp30p140tt0p9v25c
  ram_port_1_ctrl_391
                     ZeroWireload          tcbn22ullbwp30p140tt0p9v25c
  ram_port_1_ctrl_390
                     ZeroWireload          tcbn22ullbwp30p140tt0p9v25c
  ram_port_1_ctrl_389
                     ZeroWireload          tcbn22ullbwp30p140tt0p9v25c
  ram_port_1_ctrl_388
                     ZeroWireload          tcbn22ullbwp30p140tt0p9v25c
  ram_port_1_ctrl_387
                     ZeroWireload          tcbn22ullbwp30p140tt0p9v25c
  ram_port_1_ctrl_386
                     ZeroWireload          tcbn22ullbwp30p140tt0p9v25c
  ram_port_1_ctrl_385
                     ZeroWireload          tcbn22ullbwp30p140tt0p9v25c
  ram_port_1_ctrl_384
                     ZeroWireload          tcbn22ullbwp30p140tt0p9v25c
  ram_port_1_ctrl_383
                     ZeroWireload          tcbn22ullbwp30p140tt0p9v25c
  ram_port_1_ctrl_382
                     ZeroWireload          tcbn22ullbwp30p140tt0p9v25c
  ram_port_1_ctrl_381
                     ZeroWireload          tcbn22ullbwp30p140tt0p9v25c
  ram_port_1_ctrl_380
                     ZeroWireload          tcbn22ullbwp30p140tt0p9v25c
  ram_port_1_ctrl_379
                     ZeroWireload          tcbn22ullbwp30p140tt0p9v25c
  ram_port_1_ctrl_378
                     ZeroWireload          tcbn22ullbwp30p140tt0p9v25c
  ram_port_1_ctrl_377
                     ZeroWireload          tcbn22ullbwp30p140tt0p9v25c
  ram_port_1_ctrl_376
                     ZeroWireload          tcbn22ullbwp30p140tt0p9v25c
  ram_port_1_ctrl_375
                     ZeroWireload          tcbn22ullbwp30p140tt0p9v25c
  ram_port_1_ctrl_374
                     ZeroWireload          tcbn22ullbwp30p140tt0p9v25c
  ram_port_1_ctrl_373
                     ZeroWireload          tcbn22ullbwp30p140tt0p9v25c
  ram_port_1_ctrl_372
                     ZeroWireload          tcbn22ullbwp30p140tt0p9v25c
  ram_port_1_ctrl_371
                     ZeroWireload          tcbn22ullbwp30p140tt0p9v25c
  ram_port_1_ctrl_370
                     ZeroWireload          tcbn22ullbwp30p140tt0p9v25c
  ram_port_1_ctrl_369
                     ZeroWireload          tcbn22ullbwp30p140tt0p9v25c
  ram_port_1_ctrl_368
                     ZeroWireload          tcbn22ullbwp30p140tt0p9v25c
  ram_port_1_ctrl_367
                     ZeroWireload          tcbn22ullbwp30p140tt0p9v25c
  ram_port_1_ctrl_366
                     ZeroWireload          tcbn22ullbwp30p140tt0p9v25c
  ram_port_1_ctrl_365
                     ZeroWireload          tcbn22ullbwp30p140tt0p9v25c
  ram_port_1_ctrl_364
                     ZeroWireload          tcbn22ullbwp30p140tt0p9v25c
  ram_port_1_ctrl_363
                     ZeroWireload          tcbn22ullbwp30p140tt0p9v25c
  ram_port_1_ctrl_362
                     ZeroWireload          tcbn22ullbwp30p140tt0p9v25c
  ram_port_1_ctrl_361
                     ZeroWireload          tcbn22ullbwp30p140tt0p9v25c
  ram_port_1_ctrl_360
                     ZeroWireload          tcbn22ullbwp30p140tt0p9v25c
  ram_port_1_ctrl_359
                     ZeroWireload          tcbn22ullbwp30p140tt0p9v25c
  ram_port_1_ctrl_358
                     ZeroWireload          tcbn22ullbwp30p140tt0p9v25c
  ram_port_1_ctrl_357
                     ZeroWireload          tcbn22ullbwp30p140tt0p9v25c
  ram_port_1_ctrl_356
                     ZeroWireload          tcbn22ullbwp30p140tt0p9v25c
  ram_port_1_ctrl_355
                     ZeroWireload          tcbn22ullbwp30p140tt0p9v25c
  ram_port_1_ctrl_354
                     ZeroWireload          tcbn22ullbwp30p140tt0p9v25c
  ram_port_1_ctrl_353
                     ZeroWireload          tcbn22ullbwp30p140tt0p9v25c
  ram_port_1_ctrl_352
                     ZeroWireload          tcbn22ullbwp30p140tt0p9v25c
  ram_port_1_ctrl_351
                     ZeroWireload          tcbn22ullbwp30p140tt0p9v25c
  ram_port_1_ctrl_350
                     ZeroWireload          tcbn22ullbwp30p140tt0p9v25c
  ram_port_1_ctrl_349
                     ZeroWireload          tcbn22ullbwp30p140tt0p9v25c
  ram_port_1_ctrl_348
                     ZeroWireload          tcbn22ullbwp30p140tt0p9v25c
  ram_port_1_ctrl_347
                     ZeroWireload          tcbn22ullbwp30p140tt0p9v25c
  ram_port_1_ctrl_346
                     ZeroWireload          tcbn22ullbwp30p140tt0p9v25c
  ram_port_1_ctrl_345
                     ZeroWireload          tcbn22ullbwp30p140tt0p9v25c
  ram_port_1_ctrl_344
                     ZeroWireload          tcbn22ullbwp30p140tt0p9v25c
  ram_port_1_ctrl_343
                     ZeroWireload          tcbn22ullbwp30p140tt0p9v25c
  ram_port_1_ctrl_342
                     ZeroWireload          tcbn22ullbwp30p140tt0p9v25c
  ram_port_1_ctrl_341
                     ZeroWireload          tcbn22ullbwp30p140tt0p9v25c
  ram_port_1_ctrl_340
                     ZeroWireload          tcbn22ullbwp30p140tt0p9v25c
  ram_port_1_ctrl_339
                     ZeroWireload          tcbn22ullbwp30p140tt0p9v25c
  ram_port_1_ctrl_338
                     ZeroWireload          tcbn22ullbwp30p140tt0p9v25c
  ram_port_1_ctrl_337
                     ZeroWireload          tcbn22ullbwp30p140tt0p9v25c
  ram_port_1_ctrl_336
                     ZeroWireload          tcbn22ullbwp30p140tt0p9v25c
  ram_port_1_ctrl_335
                     ZeroWireload          tcbn22ullbwp30p140tt0p9v25c
  ram_port_1_ctrl_334
                     ZeroWireload          tcbn22ullbwp30p140tt0p9v25c
  ram_port_1_ctrl_333
                     ZeroWireload          tcbn22ullbwp30p140tt0p9v25c
  ram_port_1_ctrl_332
                     ZeroWireload          tcbn22ullbwp30p140tt0p9v25c
  ram_port_1_ctrl_331
                     ZeroWireload          tcbn22ullbwp30p140tt0p9v25c
  ram_port_1_ctrl_330
                     ZeroWireload          tcbn22ullbwp30p140tt0p9v25c
  ram_port_1_ctrl_329
                     ZeroWireload          tcbn22ullbwp30p140tt0p9v25c
  ram_port_1_ctrl_328
                     ZeroWireload          tcbn22ullbwp30p140tt0p9v25c
  ram_port_1_ctrl_327
                     ZeroWireload          tcbn22ullbwp30p140tt0p9v25c
  ram_port_1_ctrl_326
                     ZeroWireload          tcbn22ullbwp30p140tt0p9v25c
  ram_port_1_ctrl_325
                     ZeroWireload          tcbn22ullbwp30p140tt0p9v25c
  ram_port_1_ctrl_324
                     ZeroWireload          tcbn22ullbwp30p140tt0p9v25c
  ram_port_1_ctrl_323
                     ZeroWireload          tcbn22ullbwp30p140tt0p9v25c
  ram_port_1_ctrl_322
                     ZeroWireload          tcbn22ullbwp30p140tt0p9v25c
  ram_port_1_ctrl_321
                     ZeroWireload          tcbn22ullbwp30p140tt0p9v25c
  ram_port_1_ctrl_320
                     ZeroWireload          tcbn22ullbwp30p140tt0p9v25c
  ram_port_1_ctrl_319
                     ZeroWireload          tcbn22ullbwp30p140tt0p9v25c
  ram_port_1_ctrl_318
                     ZeroWireload          tcbn22ullbwp30p140tt0p9v25c
  ram_port_1_ctrl_317
                     ZeroWireload          tcbn22ullbwp30p140tt0p9v25c
  ram_port_1_ctrl_316
                     ZeroWireload          tcbn22ullbwp30p140tt0p9v25c
  ram_port_1_ctrl_315
                     ZeroWireload          tcbn22ullbwp30p140tt0p9v25c
  ram_port_1_ctrl_314
                     ZeroWireload          tcbn22ullbwp30p140tt0p9v25c
  ram_port_1_ctrl_313
                     ZeroWireload          tcbn22ullbwp30p140tt0p9v25c
  ram_port_1_ctrl_312
                     ZeroWireload          tcbn22ullbwp30p140tt0p9v25c
  ram_port_1_ctrl_311
                     ZeroWireload          tcbn22ullbwp30p140tt0p9v25c
  ram_port_1_ctrl_310
                     ZeroWireload          tcbn22ullbwp30p140tt0p9v25c
  ram_port_1_ctrl_309
                     ZeroWireload          tcbn22ullbwp30p140tt0p9v25c
  ram_port_1_ctrl_308
                     ZeroWireload          tcbn22ullbwp30p140tt0p9v25c
  ram_port_1_ctrl_307
                     ZeroWireload          tcbn22ullbwp30p140tt0p9v25c
  ram_port_1_ctrl_306
                     ZeroWireload          tcbn22ullbwp30p140tt0p9v25c
  ram_port_1_ctrl_305
                     ZeroWireload          tcbn22ullbwp30p140tt0p9v25c
  ram_port_1_ctrl_304
                     ZeroWireload          tcbn22ullbwp30p140tt0p9v25c
  ram_port_1_ctrl_303
                     ZeroWireload          tcbn22ullbwp30p140tt0p9v25c
  ram_port_1_ctrl_302
                     ZeroWireload          tcbn22ullbwp30p140tt0p9v25c
  ram_port_1_ctrl_301
                     ZeroWireload          tcbn22ullbwp30p140tt0p9v25c
  ram_port_1_ctrl_300
                     ZeroWireload          tcbn22ullbwp30p140tt0p9v25c
  ram_port_1_ctrl_299
                     ZeroWireload          tcbn22ullbwp30p140tt0p9v25c
  ram_port_1_ctrl_298
                     ZeroWireload          tcbn22ullbwp30p140tt0p9v25c
  ram_port_1_ctrl_297
                     ZeroWireload          tcbn22ullbwp30p140tt0p9v25c
  ram_port_1_ctrl_296
                     ZeroWireload          tcbn22ullbwp30p140tt0p9v25c
  ram_port_1_ctrl_295
                     ZeroWireload          tcbn22ullbwp30p140tt0p9v25c
  ram_port_1_ctrl_294
                     ZeroWireload          tcbn22ullbwp30p140tt0p9v25c
  ram_port_1_ctrl_293
                     ZeroWireload          tcbn22ullbwp30p140tt0p9v25c
  ram_port_1_ctrl_292
                     ZeroWireload          tcbn22ullbwp30p140tt0p9v25c
  ram_port_1_ctrl_291
                     ZeroWireload          tcbn22ullbwp30p140tt0p9v25c
  ram_port_1_ctrl_290
                     ZeroWireload          tcbn22ullbwp30p140tt0p9v25c
  ram_port_1_ctrl_289
                     ZeroWireload          tcbn22ullbwp30p140tt0p9v25c
  ram_port_1_ctrl_288
                     ZeroWireload          tcbn22ullbwp30p140tt0p9v25c
  ram_port_1_ctrl_287
                     ZeroWireload          tcbn22ullbwp30p140tt0p9v25c
  ram_port_1_ctrl_286
                     ZeroWireload          tcbn22ullbwp30p140tt0p9v25c
  ram_port_1_ctrl_285
                     ZeroWireload          tcbn22ullbwp30p140tt0p9v25c
  ram_port_1_ctrl_284
                     ZeroWireload          tcbn22ullbwp30p140tt0p9v25c
  ram_port_1_ctrl_283
                     ZeroWireload          tcbn22ullbwp30p140tt0p9v25c
  ram_port_1_ctrl_282
                     ZeroWireload          tcbn22ullbwp30p140tt0p9v25c
  ram_port_1_ctrl_281
                     ZeroWireload          tcbn22ullbwp30p140tt0p9v25c
  ram_port_1_ctrl_280
                     ZeroWireload          tcbn22ullbwp30p140tt0p9v25c
  ram_port_1_ctrl_279
                     ZeroWireload          tcbn22ullbwp30p140tt0p9v25c
  ram_port_1_ctrl_278
                     ZeroWireload          tcbn22ullbwp30p140tt0p9v25c
  ram_port_1_ctrl_277
                     ZeroWireload          tcbn22ullbwp30p140tt0p9v25c
  ram_port_1_ctrl_276
                     ZeroWireload          tcbn22ullbwp30p140tt0p9v25c
  ram_port_1_ctrl_275
                     ZeroWireload          tcbn22ullbwp30p140tt0p9v25c
  ram_port_1_ctrl_274
                     ZeroWireload          tcbn22ullbwp30p140tt0p9v25c
  ram_port_1_ctrl_273
                     ZeroWireload          tcbn22ullbwp30p140tt0p9v25c
  ram_port_1_ctrl_272
                     ZeroWireload          tcbn22ullbwp30p140tt0p9v25c
  ram_port_1_ctrl_271
                     ZeroWireload          tcbn22ullbwp30p140tt0p9v25c
  ram_port_1_ctrl_270
                     ZeroWireload          tcbn22ullbwp30p140tt0p9v25c
  ram_port_1_ctrl_269
                     ZeroWireload          tcbn22ullbwp30p140tt0p9v25c
  ram_port_1_ctrl_268
                     ZeroWireload          tcbn22ullbwp30p140tt0p9v25c
  ram_port_1_ctrl_267
                     ZeroWireload          tcbn22ullbwp30p140tt0p9v25c
  ram_port_1_ctrl_266
                     ZeroWireload          tcbn22ullbwp30p140tt0p9v25c
  ram_port_1_ctrl_265
                     ZeroWireload          tcbn22ullbwp30p140tt0p9v25c
  ram_port_1_ctrl_264
                     ZeroWireload          tcbn22ullbwp30p140tt0p9v25c
  ram_port_1_ctrl_263
                     ZeroWireload          tcbn22ullbwp30p140tt0p9v25c
  ram_port_1_ctrl_262
                     ZeroWireload          tcbn22ullbwp30p140tt0p9v25c
  ram_port_1_ctrl_261
                     ZeroWireload          tcbn22ullbwp30p140tt0p9v25c
  ram_port_1_ctrl_260
                     ZeroWireload          tcbn22ullbwp30p140tt0p9v25c
  ram_port_1_ctrl_259
                     ZeroWireload          tcbn22ullbwp30p140tt0p9v25c
  ram_port_1_ctrl_258
                     ZeroWireload          tcbn22ullbwp30p140tt0p9v25c
  ram_port_1_ctrl_257
                     ZeroWireload          tcbn22ullbwp30p140tt0p9v25c
  ram_port_1_ctrl_256
                     ZeroWireload          tcbn22ullbwp30p140tt0p9v25c
  ram_port_1_ctrl_255
                     ZeroWireload          tcbn22ullbwp30p140tt0p9v25c
  ram_port_1_ctrl_254
                     ZeroWireload          tcbn22ullbwp30p140tt0p9v25c
  ram_port_1_ctrl_253
                     ZeroWireload          tcbn22ullbwp30p140tt0p9v25c
  ram_port_1_ctrl_252
                     ZeroWireload          tcbn22ullbwp30p140tt0p9v25c
  ram_port_1_ctrl_251
                     ZeroWireload          tcbn22ullbwp30p140tt0p9v25c
  ram_port_1_ctrl_250
                     ZeroWireload          tcbn22ullbwp30p140tt0p9v25c
  ram_port_1_ctrl_249
                     ZeroWireload          tcbn22ullbwp30p140tt0p9v25c
  ram_port_1_ctrl_248
                     ZeroWireload          tcbn22ullbwp30p140tt0p9v25c
  ram_port_1_ctrl_247
                     ZeroWireload          tcbn22ullbwp30p140tt0p9v25c
  ram_port_1_ctrl_246
                     ZeroWireload          tcbn22ullbwp30p140tt0p9v25c
  ram_port_1_ctrl_245
                     ZeroWireload          tcbn22ullbwp30p140tt0p9v25c
  ram_port_1_ctrl_244
                     ZeroWireload          tcbn22ullbwp30p140tt0p9v25c
  ram_port_1_ctrl_243
                     ZeroWireload          tcbn22ullbwp30p140tt0p9v25c
  ram_port_1_ctrl_242
                     ZeroWireload          tcbn22ullbwp30p140tt0p9v25c
  ram_port_1_ctrl_241
                     ZeroWireload          tcbn22ullbwp30p140tt0p9v25c
  ram_port_1_ctrl_240
                     ZeroWireload          tcbn22ullbwp30p140tt0p9v25c
  ram_port_1_ctrl_239
                     ZeroWireload          tcbn22ullbwp30p140tt0p9v25c
  ram_port_1_ctrl_238
                     ZeroWireload          tcbn22ullbwp30p140tt0p9v25c
  ram_port_1_ctrl_237
                     ZeroWireload          tcbn22ullbwp30p140tt0p9v25c
  ram_port_1_ctrl_236
                     ZeroWireload          tcbn22ullbwp30p140tt0p9v25c
  ram_port_1_ctrl_235
                     ZeroWireload          tcbn22ullbwp30p140tt0p9v25c
  ram_port_1_ctrl_234
                     ZeroWireload          tcbn22ullbwp30p140tt0p9v25c
  ram_port_1_ctrl_233
                     ZeroWireload          tcbn22ullbwp30p140tt0p9v25c
  ram_port_1_ctrl_232
                     ZeroWireload          tcbn22ullbwp30p140tt0p9v25c
  ram_port_1_ctrl_231
                     ZeroWireload          tcbn22ullbwp30p140tt0p9v25c
  ram_port_1_ctrl_230
                     ZeroWireload          tcbn22ullbwp30p140tt0p9v25c
  ram_port_1_ctrl_229
                     ZeroWireload          tcbn22ullbwp30p140tt0p9v25c
  ram_port_1_ctrl_228
                     ZeroWireload          tcbn22ullbwp30p140tt0p9v25c
  ram_port_1_ctrl_227
                     ZeroWireload          tcbn22ullbwp30p140tt0p9v25c
  ram_port_1_ctrl_226
                     ZeroWireload          tcbn22ullbwp30p140tt0p9v25c
  ram_port_1_ctrl_225
                     ZeroWireload          tcbn22ullbwp30p140tt0p9v25c
  ram_port_1_ctrl_224
                     ZeroWireload          tcbn22ullbwp30p140tt0p9v25c
  ram_port_1_ctrl_223
                     ZeroWireload          tcbn22ullbwp30p140tt0p9v25c
  ram_port_1_ctrl_222
                     ZeroWireload          tcbn22ullbwp30p140tt0p9v25c
  ram_port_1_ctrl_221
                     ZeroWireload          tcbn22ullbwp30p140tt0p9v25c
  ram_port_1_ctrl_220
                     ZeroWireload          tcbn22ullbwp30p140tt0p9v25c
  ram_port_1_ctrl_219
                     ZeroWireload          tcbn22ullbwp30p140tt0p9v25c
  ram_port_1_ctrl_218
                     ZeroWireload          tcbn22ullbwp30p140tt0p9v25c
  ram_port_1_ctrl_217
                     ZeroWireload          tcbn22ullbwp30p140tt0p9v25c
  ram_port_1_ctrl_216
                     ZeroWireload          tcbn22ullbwp30p140tt0p9v25c
  ram_port_1_ctrl_215
                     ZeroWireload          tcbn22ullbwp30p140tt0p9v25c
  ram_port_1_ctrl_214
                     ZeroWireload          tcbn22ullbwp30p140tt0p9v25c
  ram_port_1_ctrl_213
                     ZeroWireload          tcbn22ullbwp30p140tt0p9v25c
  ram_port_1_ctrl_212
                     ZeroWireload          tcbn22ullbwp30p140tt0p9v25c
  ram_port_1_ctrl_211
                     ZeroWireload          tcbn22ullbwp30p140tt0p9v25c
  ram_port_1_ctrl_210
                     ZeroWireload          tcbn22ullbwp30p140tt0p9v25c
  ram_port_1_ctrl_209
                     ZeroWireload          tcbn22ullbwp30p140tt0p9v25c
  ram_port_1_ctrl_208
                     ZeroWireload          tcbn22ullbwp30p140tt0p9v25c
  ram_port_1_ctrl_207
                     ZeroWireload          tcbn22ullbwp30p140tt0p9v25c
  ram_port_1_ctrl_206
                     ZeroWireload          tcbn22ullbwp30p140tt0p9v25c
  ram_port_1_ctrl_205
                     ZeroWireload          tcbn22ullbwp30p140tt0p9v25c
  ram_port_1_ctrl_204
                     ZeroWireload          tcbn22ullbwp30p140tt0p9v25c
  ram_port_1_ctrl_203
                     ZeroWireload          tcbn22ullbwp30p140tt0p9v25c
  ram_port_1_ctrl_202
                     ZeroWireload          tcbn22ullbwp30p140tt0p9v25c
  ram_port_1_ctrl_201
                     ZeroWireload          tcbn22ullbwp30p140tt0p9v25c
  ram_port_1_ctrl_200
                     ZeroWireload          tcbn22ullbwp30p140tt0p9v25c
  ram_port_1_ctrl_199
                     ZeroWireload          tcbn22ullbwp30p140tt0p9v25c
  ram_port_1_ctrl_198
                     ZeroWireload          tcbn22ullbwp30p140tt0p9v25c
  ram_port_1_ctrl_197
                     ZeroWireload          tcbn22ullbwp30p140tt0p9v25c
  ram_port_1_ctrl_196
                     ZeroWireload          tcbn22ullbwp30p140tt0p9v25c
  ram_port_1_ctrl_195
                     ZeroWireload          tcbn22ullbwp30p140tt0p9v25c
  ram_port_1_ctrl_194
                     ZeroWireload          tcbn22ullbwp30p140tt0p9v25c
  ram_port_1_ctrl_193
                     ZeroWireload          tcbn22ullbwp30p140tt0p9v25c
  ram_port_1_ctrl_192
                     ZeroWireload          tcbn22ullbwp30p140tt0p9v25c
  ram_port_1_ctrl_191
                     ZeroWireload          tcbn22ullbwp30p140tt0p9v25c
  ram_port_1_ctrl_190
                     ZeroWireload          tcbn22ullbwp30p140tt0p9v25c
  ram_port_1_ctrl_189
                     ZeroWireload          tcbn22ullbwp30p140tt0p9v25c
  ram_port_1_ctrl_188
                     ZeroWireload          tcbn22ullbwp30p140tt0p9v25c
  ram_port_1_ctrl_187
                     ZeroWireload          tcbn22ullbwp30p140tt0p9v25c
  ram_port_1_ctrl_186
                     ZeroWireload          tcbn22ullbwp30p140tt0p9v25c
  ram_port_1_ctrl_185
                     ZeroWireload          tcbn22ullbwp30p140tt0p9v25c
  ram_port_1_ctrl_184
                     ZeroWireload          tcbn22ullbwp30p140tt0p9v25c
  ram_port_1_ctrl_183
                     ZeroWireload          tcbn22ullbwp30p140tt0p9v25c
  ram_port_1_ctrl_182
                     ZeroWireload          tcbn22ullbwp30p140tt0p9v25c
  ram_port_1_ctrl_181
                     ZeroWireload          tcbn22ullbwp30p140tt0p9v25c
  ram_port_1_ctrl_180
                     ZeroWireload          tcbn22ullbwp30p140tt0p9v25c
  ram_port_1_ctrl_179
                     ZeroWireload          tcbn22ullbwp30p140tt0p9v25c
  ram_port_1_ctrl_178
                     ZeroWireload          tcbn22ullbwp30p140tt0p9v25c
  ram_port_1_ctrl_177
                     ZeroWireload          tcbn22ullbwp30p140tt0p9v25c
  ram_port_1_ctrl_176
                     ZeroWireload          tcbn22ullbwp30p140tt0p9v25c
  ram_port_1_ctrl_175
                     ZeroWireload          tcbn22ullbwp30p140tt0p9v25c
  ram_port_1_ctrl_174
                     ZeroWireload          tcbn22ullbwp30p140tt0p9v25c
  ram_port_1_ctrl_173
                     ZeroWireload          tcbn22ullbwp30p140tt0p9v25c
  ram_port_1_ctrl_172
                     ZeroWireload          tcbn22ullbwp30p140tt0p9v25c
  ram_port_1_ctrl_171
                     ZeroWireload          tcbn22ullbwp30p140tt0p9v25c
  ram_port_1_ctrl_170
                     ZeroWireload          tcbn22ullbwp30p140tt0p9v25c
  ram_port_1_ctrl_169
                     ZeroWireload          tcbn22ullbwp30p140tt0p9v25c
  ram_port_1_ctrl_168
                     ZeroWireload          tcbn22ullbwp30p140tt0p9v25c
  ram_port_1_ctrl_167
                     ZeroWireload          tcbn22ullbwp30p140tt0p9v25c
  ram_port_1_ctrl_166
                     ZeroWireload          tcbn22ullbwp30p140tt0p9v25c
  ram_port_1_ctrl_165
                     ZeroWireload          tcbn22ullbwp30p140tt0p9v25c
  ram_port_1_ctrl_164
                     ZeroWireload          tcbn22ullbwp30p140tt0p9v25c
  ram_port_1_ctrl_163
                     ZeroWireload          tcbn22ullbwp30p140tt0p9v25c
  ram_port_1_ctrl_162
                     ZeroWireload          tcbn22ullbwp30p140tt0p9v25c
  ram_port_1_ctrl_161
                     ZeroWireload          tcbn22ullbwp30p140tt0p9v25c
  ram_port_1_ctrl_160
                     ZeroWireload          tcbn22ullbwp30p140tt0p9v25c
  ram_port_1_ctrl_159
                     ZeroWireload          tcbn22ullbwp30p140tt0p9v25c
  ram_port_1_ctrl_158
                     ZeroWireload          tcbn22ullbwp30p140tt0p9v25c
  ram_port_1_ctrl_157
                     ZeroWireload          tcbn22ullbwp30p140tt0p9v25c
  ram_port_1_ctrl_156
                     ZeroWireload          tcbn22ullbwp30p140tt0p9v25c
  ram_port_1_ctrl_155
                     ZeroWireload          tcbn22ullbwp30p140tt0p9v25c
  ram_port_1_ctrl_154
                     ZeroWireload          tcbn22ullbwp30p140tt0p9v25c
  ram_port_1_ctrl_153
                     ZeroWireload          tcbn22ullbwp30p140tt0p9v25c
  ram_port_1_ctrl_152
                     ZeroWireload          tcbn22ullbwp30p140tt0p9v25c
  ram_port_1_ctrl_151
                     ZeroWireload          tcbn22ullbwp30p140tt0p9v25c
  ram_port_1_ctrl_150
                     ZeroWireload          tcbn22ullbwp30p140tt0p9v25c
  ram_port_1_ctrl_149
                     ZeroWireload          tcbn22ullbwp30p140tt0p9v25c
  ram_port_1_ctrl_148
                     ZeroWireload          tcbn22ullbwp30p140tt0p9v25c
  ram_port_1_ctrl_147
                     ZeroWireload          tcbn22ullbwp30p140tt0p9v25c
  ram_port_1_ctrl_146
                     ZeroWireload          tcbn22ullbwp30p140tt0p9v25c
  ram_port_1_ctrl_145
                     ZeroWireload          tcbn22ullbwp30p140tt0p9v25c
  ram_port_1_ctrl_144
                     ZeroWireload          tcbn22ullbwp30p140tt0p9v25c
  ram_port_1_ctrl_143
                     ZeroWireload          tcbn22ullbwp30p140tt0p9v25c
  ram_port_1_ctrl_142
                     ZeroWireload          tcbn22ullbwp30p140tt0p9v25c
  ram_port_1_ctrl_141
                     ZeroWireload          tcbn22ullbwp30p140tt0p9v25c
  ram_port_1_ctrl_140
                     ZeroWireload          tcbn22ullbwp30p140tt0p9v25c
  ram_port_1_ctrl_139
                     ZeroWireload          tcbn22ullbwp30p140tt0p9v25c
  ram_port_1_ctrl_138
                     ZeroWireload          tcbn22ullbwp30p140tt0p9v25c
  ram_port_1_ctrl_137
                     ZeroWireload          tcbn22ullbwp30p140tt0p9v25c
  ram_port_1_ctrl_136
                     ZeroWireload          tcbn22ullbwp30p140tt0p9v25c
  ram_port_1_ctrl_135
                     ZeroWireload          tcbn22ullbwp30p140tt0p9v25c
  ram_port_1_ctrl_134
                     ZeroWireload          tcbn22ullbwp30p140tt0p9v25c
  ram_port_1_ctrl_133
                     ZeroWireload          tcbn22ullbwp30p140tt0p9v25c
  ram_port_1_ctrl_132
                     ZeroWireload          tcbn22ullbwp30p140tt0p9v25c
  ram_port_1_ctrl_131
                     ZeroWireload          tcbn22ullbwp30p140tt0p9v25c
  ram_port_1_ctrl_130
                     ZeroWireload          tcbn22ullbwp30p140tt0p9v25c
  ram_port_1_ctrl_129
                     ZeroWireload          tcbn22ullbwp30p140tt0p9v25c
  ram_port_1_ctrl_128
                     ZeroWireload          tcbn22ullbwp30p140tt0p9v25c
  ram_port_1_ctrl_127
                     ZeroWireload          tcbn22ullbwp30p140tt0p9v25c
  ram_port_1_ctrl_126
                     ZeroWireload          tcbn22ullbwp30p140tt0p9v25c
  ram_port_1_ctrl_125
                     ZeroWireload          tcbn22ullbwp30p140tt0p9v25c
  ram_port_1_ctrl_124
                     ZeroWireload          tcbn22ullbwp30p140tt0p9v25c
  ram_port_1_ctrl_123
                     ZeroWireload          tcbn22ullbwp30p140tt0p9v25c
  ram_port_1_ctrl_122
                     ZeroWireload          tcbn22ullbwp30p140tt0p9v25c
  ram_port_1_ctrl_121
                     ZeroWireload          tcbn22ullbwp30p140tt0p9v25c
  ram_port_1_ctrl_120
                     ZeroWireload          tcbn22ullbwp30p140tt0p9v25c
  ram_port_1_ctrl_119
                     ZeroWireload          tcbn22ullbwp30p140tt0p9v25c
  ram_port_1_ctrl_118
                     ZeroWireload          tcbn22ullbwp30p140tt0p9v25c
  ram_port_1_ctrl_117
                     ZeroWireload          tcbn22ullbwp30p140tt0p9v25c
  ram_port_1_ctrl_116
                     ZeroWireload          tcbn22ullbwp30p140tt0p9v25c
  ram_port_1_ctrl_115
                     ZeroWireload          tcbn22ullbwp30p140tt0p9v25c
  ram_port_1_ctrl_114
                     ZeroWireload          tcbn22ullbwp30p140tt0p9v25c
  ram_port_1_ctrl_113
                     ZeroWireload          tcbn22ullbwp30p140tt0p9v25c
  ram_port_1_ctrl_112
                     ZeroWireload          tcbn22ullbwp30p140tt0p9v25c
  ram_port_1_ctrl_111
                     ZeroWireload          tcbn22ullbwp30p140tt0p9v25c
  ram_port_1_ctrl_110
                     ZeroWireload          tcbn22ullbwp30p140tt0p9v25c
  ram_port_1_ctrl_109
                     ZeroWireload          tcbn22ullbwp30p140tt0p9v25c
  ram_port_1_ctrl_108
                     ZeroWireload          tcbn22ullbwp30p140tt0p9v25c
  ram_port_1_ctrl_107
                     ZeroWireload          tcbn22ullbwp30p140tt0p9v25c
  ram_port_1_ctrl_106
                     ZeroWireload          tcbn22ullbwp30p140tt0p9v25c
  ram_port_1_ctrl_105
                     ZeroWireload          tcbn22ullbwp30p140tt0p9v25c
  ram_port_1_ctrl_104
                     ZeroWireload          tcbn22ullbwp30p140tt0p9v25c
  ram_port_1_ctrl_103
                     ZeroWireload          tcbn22ullbwp30p140tt0p9v25c
  ram_port_1_ctrl_102
                     ZeroWireload          tcbn22ullbwp30p140tt0p9v25c
  ram_port_1_ctrl_101
                     ZeroWireload          tcbn22ullbwp30p140tt0p9v25c
  ram_port_1_ctrl_100
                     ZeroWireload          tcbn22ullbwp30p140tt0p9v25c
  ram_port_1_ctrl_99 ZeroWireload          tcbn22ullbwp30p140tt0p9v25c
  ram_port_1_ctrl_98 ZeroWireload          tcbn22ullbwp30p140tt0p9v25c
  ram_port_1_ctrl_97 ZeroWireload          tcbn22ullbwp30p140tt0p9v25c
  ram_port_1_ctrl_96 ZeroWireload          tcbn22ullbwp30p140tt0p9v25c
  ram_port_1_ctrl_95 ZeroWireload          tcbn22ullbwp30p140tt0p9v25c
  ram_port_1_ctrl_94 ZeroWireload          tcbn22ullbwp30p140tt0p9v25c
  ram_port_1_ctrl_93 ZeroWireload          tcbn22ullbwp30p140tt0p9v25c
  ram_port_1_ctrl_92 ZeroWireload          tcbn22ullbwp30p140tt0p9v25c
  ram_port_1_ctrl_91 ZeroWireload          tcbn22ullbwp30p140tt0p9v25c
  ram_port_1_ctrl_90 ZeroWireload          tcbn22ullbwp30p140tt0p9v25c
  ram_port_1_ctrl_89 ZeroWireload          tcbn22ullbwp30p140tt0p9v25c
  ram_port_1_ctrl_88 ZeroWireload          tcbn22ullbwp30p140tt0p9v25c
  ram_port_1_ctrl_87 ZeroWireload          tcbn22ullbwp30p140tt0p9v25c
  ram_port_1_ctrl_86 ZeroWireload          tcbn22ullbwp30p140tt0p9v25c
  ram_port_1_ctrl_85 ZeroWireload          tcbn22ullbwp30p140tt0p9v25c
  ram_port_1_ctrl_84 ZeroWireload          tcbn22ullbwp30p140tt0p9v25c
  ram_port_1_ctrl_83 ZeroWireload          tcbn22ullbwp30p140tt0p9v25c
  ram_port_1_ctrl_82 ZeroWireload          tcbn22ullbwp30p140tt0p9v25c
  ram_port_1_ctrl_81 ZeroWireload          tcbn22ullbwp30p140tt0p9v25c
  ram_port_1_ctrl_80 ZeroWireload          tcbn22ullbwp30p140tt0p9v25c
  ram_port_1_ctrl_79 ZeroWireload          tcbn22ullbwp30p140tt0p9v25c
  ram_port_1_ctrl_78 ZeroWireload          tcbn22ullbwp30p140tt0p9v25c
  ram_port_1_ctrl_77 ZeroWireload          tcbn22ullbwp30p140tt0p9v25c
  ram_port_1_ctrl_76 ZeroWireload          tcbn22ullbwp30p140tt0p9v25c
  ram_port_1_ctrl_75 ZeroWireload          tcbn22ullbwp30p140tt0p9v25c
  ram_port_1_ctrl_74 ZeroWireload          tcbn22ullbwp30p140tt0p9v25c
  ram_port_1_ctrl_73 ZeroWireload          tcbn22ullbwp30p140tt0p9v25c
  ram_port_1_ctrl_72 ZeroWireload          tcbn22ullbwp30p140tt0p9v25c
  ram_port_1_ctrl_71 ZeroWireload          tcbn22ullbwp30p140tt0p9v25c
  ram_port_1_ctrl_70 ZeroWireload          tcbn22ullbwp30p140tt0p9v25c
  ram_port_1_ctrl_69 ZeroWireload          tcbn22ullbwp30p140tt0p9v25c
  ram_port_1_ctrl_68 ZeroWireload          tcbn22ullbwp30p140tt0p9v25c
  ram_port_1_ctrl_67 ZeroWireload          tcbn22ullbwp30p140tt0p9v25c
  ram_port_1_ctrl_66 ZeroWireload          tcbn22ullbwp30p140tt0p9v25c
  ram_port_1_ctrl_65 ZeroWireload          tcbn22ullbwp30p140tt0p9v25c
  ram_port_1_ctrl_64 ZeroWireload          tcbn22ullbwp30p140tt0p9v25c
  ram_port_1_ctrl_63 ZeroWireload          tcbn22ullbwp30p140tt0p9v25c
  ram_port_1_ctrl_62 ZeroWireload          tcbn22ullbwp30p140tt0p9v25c
  ram_port_1_ctrl_61 ZeroWireload          tcbn22ullbwp30p140tt0p9v25c
  ram_port_1_ctrl_60 ZeroWireload          tcbn22ullbwp30p140tt0p9v25c
  ram_port_1_ctrl_59 ZeroWireload          tcbn22ullbwp30p140tt0p9v25c
  ram_port_1_ctrl_58 ZeroWireload          tcbn22ullbwp30p140tt0p9v25c
  ram_port_1_ctrl_57 ZeroWireload          tcbn22ullbwp30p140tt0p9v25c
  ram_port_1_ctrl_56 ZeroWireload          tcbn22ullbwp30p140tt0p9v25c
  ram_port_1_ctrl_55 ZeroWireload          tcbn22ullbwp30p140tt0p9v25c
  ram_port_1_ctrl_54 ZeroWireload          tcbn22ullbwp30p140tt0p9v25c
  ram_port_1_ctrl_53 ZeroWireload          tcbn22ullbwp30p140tt0p9v25c
  ram_port_1_ctrl_52 ZeroWireload          tcbn22ullbwp30p140tt0p9v25c
  ram_port_1_ctrl_51 ZeroWireload          tcbn22ullbwp30p140tt0p9v25c
  ram_port_1_ctrl_50 ZeroWireload          tcbn22ullbwp30p140tt0p9v25c
  ram_port_1_ctrl_49 ZeroWireload          tcbn22ullbwp30p140tt0p9v25c
  ram_port_1_ctrl_48 ZeroWireload          tcbn22ullbwp30p140tt0p9v25c
  ram_port_1_ctrl_47 ZeroWireload          tcbn22ullbwp30p140tt0p9v25c
  ram_port_1_ctrl_46 ZeroWireload          tcbn22ullbwp30p140tt0p9v25c
  ram_port_1_ctrl_45 ZeroWireload          tcbn22ullbwp30p140tt0p9v25c
  ram_port_1_ctrl_44 ZeroWireload          tcbn22ullbwp30p140tt0p9v25c
  ram_port_1_ctrl_43 ZeroWireload          tcbn22ullbwp30p140tt0p9v25c
  ram_port_1_ctrl_42 ZeroWireload          tcbn22ullbwp30p140tt0p9v25c
  ram_port_1_ctrl_41 ZeroWireload          tcbn22ullbwp30p140tt0p9v25c
  ram_port_1_ctrl_40 ZeroWireload          tcbn22ullbwp30p140tt0p9v25c
  ram_port_1_ctrl_39 ZeroWireload          tcbn22ullbwp30p140tt0p9v25c
  ram_port_1_ctrl_38 ZeroWireload          tcbn22ullbwp30p140tt0p9v25c
  ram_port_1_ctrl_37 ZeroWireload          tcbn22ullbwp30p140tt0p9v25c
  ram_port_1_ctrl_36 ZeroWireload          tcbn22ullbwp30p140tt0p9v25c
  ram_port_1_ctrl_35 ZeroWireload          tcbn22ullbwp30p140tt0p9v25c
  ram_port_1_ctrl_34 ZeroWireload          tcbn22ullbwp30p140tt0p9v25c
  ram_port_1_ctrl_33 ZeroWireload          tcbn22ullbwp30p140tt0p9v25c
  ram_port_1_ctrl_32 ZeroWireload          tcbn22ullbwp30p140tt0p9v25c
  ram_port_1_ctrl_31 ZeroWireload          tcbn22ullbwp30p140tt0p9v25c
  ram_port_1_ctrl_30 ZeroWireload          tcbn22ullbwp30p140tt0p9v25c
  ram_port_1_ctrl_29 ZeroWireload          tcbn22ullbwp30p140tt0p9v25c
  ram_port_1_ctrl_28 ZeroWireload          tcbn22ullbwp30p140tt0p9v25c
  ram_port_1_ctrl_27 ZeroWireload          tcbn22ullbwp30p140tt0p9v25c
  ram_port_1_ctrl_26 ZeroWireload          tcbn22ullbwp30p140tt0p9v25c
  ram_port_1_ctrl_25 ZeroWireload          tcbn22ullbwp30p140tt0p9v25c
  ram_port_1_ctrl_24 ZeroWireload          tcbn22ullbwp30p140tt0p9v25c
  ram_port_1_ctrl_23 ZeroWireload          tcbn22ullbwp30p140tt0p9v25c
  ram_port_1_ctrl_22 ZeroWireload          tcbn22ullbwp30p140tt0p9v25c
  ram_port_1_ctrl_21 ZeroWireload          tcbn22ullbwp30p140tt0p9v25c
  ram_port_1_ctrl_20 ZeroWireload          tcbn22ullbwp30p140tt0p9v25c
  ram_port_1_ctrl_19 ZeroWireload          tcbn22ullbwp30p140tt0p9v25c
  ram_port_1_ctrl_18 ZeroWireload          tcbn22ullbwp30p140tt0p9v25c
  ram_port_1_ctrl_17 ZeroWireload          tcbn22ullbwp30p140tt0p9v25c
  ram_port_1_ctrl_16 ZeroWireload          tcbn22ullbwp30p140tt0p9v25c
  ram_port_1_ctrl_15 ZeroWireload          tcbn22ullbwp30p140tt0p9v25c
  ram_port_1_ctrl_14 ZeroWireload          tcbn22ullbwp30p140tt0p9v25c
  ram_port_1_ctrl_13 ZeroWireload          tcbn22ullbwp30p140tt0p9v25c
  ram_port_1_ctrl_12 ZeroWireload          tcbn22ullbwp30p140tt0p9v25c
  ram_port_1_ctrl_11 ZeroWireload          tcbn22ullbwp30p140tt0p9v25c
  ram_port_1_ctrl_10 ZeroWireload          tcbn22ullbwp30p140tt0p9v25c
  ram_port_1_ctrl_9  ZeroWireload          tcbn22ullbwp30p140tt0p9v25c
  ram_port_1_ctrl_8  ZeroWireload          tcbn22ullbwp30p140tt0p9v25c
  ram_port_1_ctrl_7  ZeroWireload          tcbn22ullbwp30p140tt0p9v25c
  ram_port_1_ctrl_6  ZeroWireload          tcbn22ullbwp30p140tt0p9v25c
  ram_port_1_ctrl_5  ZeroWireload          tcbn22ullbwp30p140tt0p9v25c
  ram_port_1_ctrl_4  ZeroWireload          tcbn22ullbwp30p140tt0p9v25c
  ram_port_1_ctrl_3  ZeroWireload          tcbn22ullbwp30p140tt0p9v25c
  ram_port_1_ctrl_2  ZeroWireload          tcbn22ullbwp30p140tt0p9v25c
  ram_port_1_ctrl_1  ZeroWireload          tcbn22ullbwp30p140tt0p9v25c
  ram_port_1_ctrl_0  ZeroWireload          tcbn22ullbwp30p140tt0p9v25c
  org_read_531       ZeroWireload          tcbn22ullbwp30p140tt0p9v25c
  org_read_530       ZeroWireload          tcbn22ullbwp30p140tt0p9v25c
  org_read_529       ZeroWireload          tcbn22ullbwp30p140tt0p9v25c
  org_read_528       ZeroWireload          tcbn22ullbwp30p140tt0p9v25c
  org_read_527       ZeroWireload          tcbn22ullbwp30p140tt0p9v25c
  org_read_526       ZeroWireload          tcbn22ullbwp30p140tt0p9v25c
  org_read_525       ZeroWireload          tcbn22ullbwp30p140tt0p9v25c
  org_read_524       ZeroWireload          tcbn22ullbwp30p140tt0p9v25c
  org_read_523       ZeroWireload          tcbn22ullbwp30p140tt0p9v25c
  org_read_522       ZeroWireload          tcbn22ullbwp30p140tt0p9v25c
  org_read_521       ZeroWireload          tcbn22ullbwp30p140tt0p9v25c
  org_read_520       ZeroWireload          tcbn22ullbwp30p140tt0p9v25c
  org_read_519       ZeroWireload          tcbn22ullbwp30p140tt0p9v25c
  org_read_518       ZeroWireload          tcbn22ullbwp30p140tt0p9v25c
  org_read_517       ZeroWireload          tcbn22ullbwp30p140tt0p9v25c
  org_read_516       ZeroWireload          tcbn22ullbwp30p140tt0p9v25c
  org_read_515       ZeroWireload          tcbn22ullbwp30p140tt0p9v25c
  org_read_514       ZeroWireload          tcbn22ullbwp30p140tt0p9v25c
  org_read_513       ZeroWireload          tcbn22ullbwp30p140tt0p9v25c
  org_read_512       ZeroWireload          tcbn22ullbwp30p140tt0p9v25c
  org_read_511       ZeroWireload          tcbn22ullbwp30p140tt0p9v25c
  org_read_510       ZeroWireload          tcbn22ullbwp30p140tt0p9v25c
  org_read_509       ZeroWireload          tcbn22ullbwp30p140tt0p9v25c
  org_read_508       ZeroWireload          tcbn22ullbwp30p140tt0p9v25c
  org_read_507       ZeroWireload          tcbn22ullbwp30p140tt0p9v25c
  org_read_506       ZeroWireload          tcbn22ullbwp30p140tt0p9v25c
  org_read_505       ZeroWireload          tcbn22ullbwp30p140tt0p9v25c
  org_read_504       ZeroWireload          tcbn22ullbwp30p140tt0p9v25c
  org_read_503       ZeroWireload          tcbn22ullbwp30p140tt0p9v25c
  org_read_502       ZeroWireload          tcbn22ullbwp30p140tt0p9v25c
  org_read_501       ZeroWireload          tcbn22ullbwp30p140tt0p9v25c
  org_read_500       ZeroWireload          tcbn22ullbwp30p140tt0p9v25c
  org_read_499       ZeroWireload          tcbn22ullbwp30p140tt0p9v25c
  org_read_498       ZeroWireload          tcbn22ullbwp30p140tt0p9v25c
  org_read_497       ZeroWireload          tcbn22ullbwp30p140tt0p9v25c
  org_read_496       ZeroWireload          tcbn22ullbwp30p140tt0p9v25c
  org_read_495       ZeroWireload          tcbn22ullbwp30p140tt0p9v25c
  org_read_494       ZeroWireload          tcbn22ullbwp30p140tt0p9v25c
  org_read_493       ZeroWireload          tcbn22ullbwp30p140tt0p9v25c
  org_read_492       ZeroWireload          tcbn22ullbwp30p140tt0p9v25c
  org_read_491       ZeroWireload          tcbn22ullbwp30p140tt0p9v25c
  org_read_490       ZeroWireload          tcbn22ullbwp30p140tt0p9v25c
  org_read_489       ZeroWireload          tcbn22ullbwp30p140tt0p9v25c
  org_read_488       ZeroWireload          tcbn22ullbwp30p140tt0p9v25c
  org_read_487       ZeroWireload          tcbn22ullbwp30p140tt0p9v25c
  org_read_486       ZeroWireload          tcbn22ullbwp30p140tt0p9v25c
  org_read_485       ZeroWireload          tcbn22ullbwp30p140tt0p9v25c
  org_read_484       ZeroWireload          tcbn22ullbwp30p140tt0p9v25c
  org_read_483       ZeroWireload          tcbn22ullbwp30p140tt0p9v25c
  org_read_482       ZeroWireload          tcbn22ullbwp30p140tt0p9v25c
  org_read_481       ZeroWireload          tcbn22ullbwp30p140tt0p9v25c
  org_read_480       ZeroWireload          tcbn22ullbwp30p140tt0p9v25c
  org_read_479       ZeroWireload          tcbn22ullbwp30p140tt0p9v25c
  org_read_478       ZeroWireload          tcbn22ullbwp30p140tt0p9v25c
  org_read_477       ZeroWireload          tcbn22ullbwp30p140tt0p9v25c
  org_read_476       ZeroWireload          tcbn22ullbwp30p140tt0p9v25c
  org_read_475       ZeroWireload          tcbn22ullbwp30p140tt0p9v25c
  org_read_474       ZeroWireload          tcbn22ullbwp30p140tt0p9v25c
  org_read_473       ZeroWireload          tcbn22ullbwp30p140tt0p9v25c
  org_read_472       ZeroWireload          tcbn22ullbwp30p140tt0p9v25c
  org_read_471       ZeroWireload          tcbn22ullbwp30p140tt0p9v25c
  org_read_470       ZeroWireload          tcbn22ullbwp30p140tt0p9v25c
  org_read_469       ZeroWireload          tcbn22ullbwp30p140tt0p9v25c
  org_read_468       ZeroWireload          tcbn22ullbwp30p140tt0p9v25c
  org_read_467       ZeroWireload          tcbn22ullbwp30p140tt0p9v25c
  org_read_466       ZeroWireload          tcbn22ullbwp30p140tt0p9v25c
  org_read_465       ZeroWireload          tcbn22ullbwp30p140tt0p9v25c
  org_read_464       ZeroWireload          tcbn22ullbwp30p140tt0p9v25c
  org_read_463       ZeroWireload          tcbn22ullbwp30p140tt0p9v25c
  org_read_462       ZeroWireload          tcbn22ullbwp30p140tt0p9v25c
  org_read_461       ZeroWireload          tcbn22ullbwp30p140tt0p9v25c
  org_read_460       ZeroWireload          tcbn22ullbwp30p140tt0p9v25c
  org_read_459       ZeroWireload          tcbn22ullbwp30p140tt0p9v25c
  org_read_458       ZeroWireload          tcbn22ullbwp30p140tt0p9v25c
  org_read_457       ZeroWireload          tcbn22ullbwp30p140tt0p9v25c
  org_read_456       ZeroWireload          tcbn22ullbwp30p140tt0p9v25c
  org_read_455       ZeroWireload          tcbn22ullbwp30p140tt0p9v25c
  org_read_454       ZeroWireload          tcbn22ullbwp30p140tt0p9v25c
  org_read_453       ZeroWireload          tcbn22ullbwp30p140tt0p9v25c
  org_read_452       ZeroWireload          tcbn22ullbwp30p140tt0p9v25c
  org_read_451       ZeroWireload          tcbn22ullbwp30p140tt0p9v25c
  org_read_450       ZeroWireload          tcbn22ullbwp30p140tt0p9v25c
  org_read_449       ZeroWireload          tcbn22ullbwp30p140tt0p9v25c
  org_read_448       ZeroWireload          tcbn22ullbwp30p140tt0p9v25c
  org_read_447       ZeroWireload          tcbn22ullbwp30p140tt0p9v25c
  org_read_446       ZeroWireload          tcbn22ullbwp30p140tt0p9v25c
  org_read_445       ZeroWireload          tcbn22ullbwp30p140tt0p9v25c
  org_read_444       ZeroWireload          tcbn22ullbwp30p140tt0p9v25c
  org_read_443       ZeroWireload          tcbn22ullbwp30p140tt0p9v25c
  org_read_442       ZeroWireload          tcbn22ullbwp30p140tt0p9v25c
  org_read_441       ZeroWireload          tcbn22ullbwp30p140tt0p9v25c
  org_read_440       ZeroWireload          tcbn22ullbwp30p140tt0p9v25c
  org_read_439       ZeroWireload          tcbn22ullbwp30p140tt0p9v25c
  org_read_438       ZeroWireload          tcbn22ullbwp30p140tt0p9v25c
  org_read_437       ZeroWireload          tcbn22ullbwp30p140tt0p9v25c
  org_read_436       ZeroWireload          tcbn22ullbwp30p140tt0p9v25c
  org_read_435       ZeroWireload          tcbn22ullbwp30p140tt0p9v25c
  org_read_434       ZeroWireload          tcbn22ullbwp30p140tt0p9v25c
  org_read_433       ZeroWireload          tcbn22ullbwp30p140tt0p9v25c
  org_read_432       ZeroWireload          tcbn22ullbwp30p140tt0p9v25c
  org_read_431       ZeroWireload          tcbn22ullbwp30p140tt0p9v25c
  org_read_430       ZeroWireload          tcbn22ullbwp30p140tt0p9v25c
  org_read_429       ZeroWireload          tcbn22ullbwp30p140tt0p9v25c
  org_read_428       ZeroWireload          tcbn22ullbwp30p140tt0p9v25c
  org_read_427       ZeroWireload          tcbn22ullbwp30p140tt0p9v25c
  org_read_426       ZeroWireload          tcbn22ullbwp30p140tt0p9v25c
  org_read_425       ZeroWireload          tcbn22ullbwp30p140tt0p9v25c
  org_read_424       ZeroWireload          tcbn22ullbwp30p140tt0p9v25c
  org_read_423       ZeroWireload          tcbn22ullbwp30p140tt0p9v25c
  org_read_422       ZeroWireload          tcbn22ullbwp30p140tt0p9v25c
  org_read_421       ZeroWireload          tcbn22ullbwp30p140tt0p9v25c
  org_read_420       ZeroWireload          tcbn22ullbwp30p140tt0p9v25c
  org_read_419       ZeroWireload          tcbn22ullbwp30p140tt0p9v25c
  org_read_418       ZeroWireload          tcbn22ullbwp30p140tt0p9v25c
  org_read_417       ZeroWireload          tcbn22ullbwp30p140tt0p9v25c
  org_read_416       ZeroWireload          tcbn22ullbwp30p140tt0p9v25c
  org_read_415       ZeroWireload          tcbn22ullbwp30p140tt0p9v25c
  org_read_414       ZeroWireload          tcbn22ullbwp30p140tt0p9v25c
  org_read_413       ZeroWireload          tcbn22ullbwp30p140tt0p9v25c
  org_read_412       ZeroWireload          tcbn22ullbwp30p140tt0p9v25c
  org_read_411       ZeroWireload          tcbn22ullbwp30p140tt0p9v25c
  org_read_410       ZeroWireload          tcbn22ullbwp30p140tt0p9v25c
  org_read_409       ZeroWireload          tcbn22ullbwp30p140tt0p9v25c
  org_read_408       ZeroWireload          tcbn22ullbwp30p140tt0p9v25c
  org_read_407       ZeroWireload          tcbn22ullbwp30p140tt0p9v25c
  org_read_406       ZeroWireload          tcbn22ullbwp30p140tt0p9v25c
  org_read_405       ZeroWireload          tcbn22ullbwp30p140tt0p9v25c
  org_read_404       ZeroWireload          tcbn22ullbwp30p140tt0p9v25c
  org_read_403       ZeroWireload          tcbn22ullbwp30p140tt0p9v25c
  org_read_402       ZeroWireload          tcbn22ullbwp30p140tt0p9v25c
  org_read_401       ZeroWireload          tcbn22ullbwp30p140tt0p9v25c
  org_read_400       ZeroWireload          tcbn22ullbwp30p140tt0p9v25c
  org_read_399       ZeroWireload          tcbn22ullbwp30p140tt0p9v25c
  org_read_398       ZeroWireload          tcbn22ullbwp30p140tt0p9v25c
  org_read_397       ZeroWireload          tcbn22ullbwp30p140tt0p9v25c
  org_read_396       ZeroWireload          tcbn22ullbwp30p140tt0p9v25c
  org_read_395       ZeroWireload          tcbn22ullbwp30p140tt0p9v25c
  org_read_394       ZeroWireload          tcbn22ullbwp30p140tt0p9v25c
  org_read_393       ZeroWireload          tcbn22ullbwp30p140tt0p9v25c
  org_read_392       ZeroWireload          tcbn22ullbwp30p140tt0p9v25c
  org_read_391       ZeroWireload          tcbn22ullbwp30p140tt0p9v25c
  org_read_390       ZeroWireload          tcbn22ullbwp30p140tt0p9v25c
  org_read_389       ZeroWireload          tcbn22ullbwp30p140tt0p9v25c
  org_read_388       ZeroWireload          tcbn22ullbwp30p140tt0p9v25c
  org_read_387       ZeroWireload          tcbn22ullbwp30p140tt0p9v25c
  org_read_386       ZeroWireload          tcbn22ullbwp30p140tt0p9v25c
  org_read_385       ZeroWireload          tcbn22ullbwp30p140tt0p9v25c
  org_read_384       ZeroWireload          tcbn22ullbwp30p140tt0p9v25c
  org_read_383       ZeroWireload          tcbn22ullbwp30p140tt0p9v25c
  org_read_382       ZeroWireload          tcbn22ullbwp30p140tt0p9v25c
  org_read_381       ZeroWireload          tcbn22ullbwp30p140tt0p9v25c
  org_read_380       ZeroWireload          tcbn22ullbwp30p140tt0p9v25c
  org_read_379       ZeroWireload          tcbn22ullbwp30p140tt0p9v25c
  org_read_378       ZeroWireload          tcbn22ullbwp30p140tt0p9v25c
  org_read_377       ZeroWireload          tcbn22ullbwp30p140tt0p9v25c
  org_read_376       ZeroWireload          tcbn22ullbwp30p140tt0p9v25c
  org_read_375       ZeroWireload          tcbn22ullbwp30p140tt0p9v25c
  org_read_374       ZeroWireload          tcbn22ullbwp30p140tt0p9v25c
  org_read_373       ZeroWireload          tcbn22ullbwp30p140tt0p9v25c
  org_read_372       ZeroWireload          tcbn22ullbwp30p140tt0p9v25c
  org_read_371       ZeroWireload          tcbn22ullbwp30p140tt0p9v25c
  org_read_370       ZeroWireload          tcbn22ullbwp30p140tt0p9v25c
  org_read_369       ZeroWireload          tcbn22ullbwp30p140tt0p9v25c
  org_read_368       ZeroWireload          tcbn22ullbwp30p140tt0p9v25c
  org_read_367       ZeroWireload          tcbn22ullbwp30p140tt0p9v25c
  org_read_366       ZeroWireload          tcbn22ullbwp30p140tt0p9v25c
  org_read_365       ZeroWireload          tcbn22ullbwp30p140tt0p9v25c
  org_read_364       ZeroWireload          tcbn22ullbwp30p140tt0p9v25c
  org_read_363       ZeroWireload          tcbn22ullbwp30p140tt0p9v25c
  org_read_362       ZeroWireload          tcbn22ullbwp30p140tt0p9v25c
  org_read_361       ZeroWireload          tcbn22ullbwp30p140tt0p9v25c
  org_read_360       ZeroWireload          tcbn22ullbwp30p140tt0p9v25c
  org_read_359       ZeroWireload          tcbn22ullbwp30p140tt0p9v25c
  org_read_358       ZeroWireload          tcbn22ullbwp30p140tt0p9v25c
  org_read_357       ZeroWireload          tcbn22ullbwp30p140tt0p9v25c
  org_read_356       ZeroWireload          tcbn22ullbwp30p140tt0p9v25c
  org_read_355       ZeroWireload          tcbn22ullbwp30p140tt0p9v25c
  org_read_354       ZeroWireload          tcbn22ullbwp30p140tt0p9v25c
  org_read_353       ZeroWireload          tcbn22ullbwp30p140tt0p9v25c
  org_read_352       ZeroWireload          tcbn22ullbwp30p140tt0p9v25c
  org_read_351       ZeroWireload          tcbn22ullbwp30p140tt0p9v25c
  org_read_350       ZeroWireload          tcbn22ullbwp30p140tt0p9v25c
  org_read_349       ZeroWireload          tcbn22ullbwp30p140tt0p9v25c
  org_read_348       ZeroWireload          tcbn22ullbwp30p140tt0p9v25c
  org_read_347       ZeroWireload          tcbn22ullbwp30p140tt0p9v25c
  org_read_346       ZeroWireload          tcbn22ullbwp30p140tt0p9v25c
  org_read_345       ZeroWireload          tcbn22ullbwp30p140tt0p9v25c
  org_read_344       ZeroWireload          tcbn22ullbwp30p140tt0p9v25c
  org_read_343       ZeroWireload          tcbn22ullbwp30p140tt0p9v25c
  org_read_342       ZeroWireload          tcbn22ullbwp30p140tt0p9v25c
  org_read_341       ZeroWireload          tcbn22ullbwp30p140tt0p9v25c
  org_read_340       ZeroWireload          tcbn22ullbwp30p140tt0p9v25c
  org_read_339       ZeroWireload          tcbn22ullbwp30p140tt0p9v25c
  org_read_338       ZeroWireload          tcbn22ullbwp30p140tt0p9v25c
  org_read_337       ZeroWireload          tcbn22ullbwp30p140tt0p9v25c
  org_read_336       ZeroWireload          tcbn22ullbwp30p140tt0p9v25c
  org_read_335       ZeroWireload          tcbn22ullbwp30p140tt0p9v25c
  org_read_334       ZeroWireload          tcbn22ullbwp30p140tt0p9v25c
  org_read_333       ZeroWireload          tcbn22ullbwp30p140tt0p9v25c
  org_read_332       ZeroWireload          tcbn22ullbwp30p140tt0p9v25c
  org_read_331       ZeroWireload          tcbn22ullbwp30p140tt0p9v25c
  org_read_330       ZeroWireload          tcbn22ullbwp30p140tt0p9v25c
  org_read_329       ZeroWireload          tcbn22ullbwp30p140tt0p9v25c
  org_read_328       ZeroWireload          tcbn22ullbwp30p140tt0p9v25c
  org_read_327       ZeroWireload          tcbn22ullbwp30p140tt0p9v25c
  org_read_326       ZeroWireload          tcbn22ullbwp30p140tt0p9v25c
  org_read_325       ZeroWireload          tcbn22ullbwp30p140tt0p9v25c
  org_read_324       ZeroWireload          tcbn22ullbwp30p140tt0p9v25c
  org_read_323       ZeroWireload          tcbn22ullbwp30p140tt0p9v25c
  org_read_322       ZeroWireload          tcbn22ullbwp30p140tt0p9v25c
  org_read_321       ZeroWireload          tcbn22ullbwp30p140tt0p9v25c
  org_read_320       ZeroWireload          tcbn22ullbwp30p140tt0p9v25c
  org_read_319       ZeroWireload          tcbn22ullbwp30p140tt0p9v25c
  org_read_318       ZeroWireload          tcbn22ullbwp30p140tt0p9v25c
  org_read_317       ZeroWireload          tcbn22ullbwp30p140tt0p9v25c
  org_read_316       ZeroWireload          tcbn22ullbwp30p140tt0p9v25c
  org_read_315       ZeroWireload          tcbn22ullbwp30p140tt0p9v25c
  org_read_314       ZeroWireload          tcbn22ullbwp30p140tt0p9v25c
  org_read_313       ZeroWireload          tcbn22ullbwp30p140tt0p9v25c
  org_read_312       ZeroWireload          tcbn22ullbwp30p140tt0p9v25c
  org_read_311       ZeroWireload          tcbn22ullbwp30p140tt0p9v25c
  org_read_310       ZeroWireload          tcbn22ullbwp30p140tt0p9v25c
  org_read_309       ZeroWireload          tcbn22ullbwp30p140tt0p9v25c
  org_read_308       ZeroWireload          tcbn22ullbwp30p140tt0p9v25c
  org_read_307       ZeroWireload          tcbn22ullbwp30p140tt0p9v25c
  org_read_306       ZeroWireload          tcbn22ullbwp30p140tt0p9v25c
  org_read_305       ZeroWireload          tcbn22ullbwp30p140tt0p9v25c
  org_read_304       ZeroWireload          tcbn22ullbwp30p140tt0p9v25c
  org_read_303       ZeroWireload          tcbn22ullbwp30p140tt0p9v25c
  org_read_302       ZeroWireload          tcbn22ullbwp30p140tt0p9v25c
  org_read_301       ZeroWireload          tcbn22ullbwp30p140tt0p9v25c
  org_read_300       ZeroWireload          tcbn22ullbwp30p140tt0p9v25c
  org_read_299       ZeroWireload          tcbn22ullbwp30p140tt0p9v25c
  org_read_298       ZeroWireload          tcbn22ullbwp30p140tt0p9v25c
  org_read_297       ZeroWireload          tcbn22ullbwp30p140tt0p9v25c
  org_read_296       ZeroWireload          tcbn22ullbwp30p140tt0p9v25c
  org_read_295       ZeroWireload          tcbn22ullbwp30p140tt0p9v25c
  org_read_294       ZeroWireload          tcbn22ullbwp30p140tt0p9v25c
  org_read_293       ZeroWireload          tcbn22ullbwp30p140tt0p9v25c
  org_read_292       ZeroWireload          tcbn22ullbwp30p140tt0p9v25c
  org_read_291       ZeroWireload          tcbn22ullbwp30p140tt0p9v25c
  org_read_290       ZeroWireload          tcbn22ullbwp30p140tt0p9v25c
  org_read_289       ZeroWireload          tcbn22ullbwp30p140tt0p9v25c
  org_read_288       ZeroWireload          tcbn22ullbwp30p140tt0p9v25c
  org_read_287       ZeroWireload          tcbn22ullbwp30p140tt0p9v25c
  org_read_286       ZeroWireload          tcbn22ullbwp30p140tt0p9v25c
  org_read_285       ZeroWireload          tcbn22ullbwp30p140tt0p9v25c
  org_read_284       ZeroWireload          tcbn22ullbwp30p140tt0p9v25c
  org_read_283       ZeroWireload          tcbn22ullbwp30p140tt0p9v25c
  org_read_282       ZeroWireload          tcbn22ullbwp30p140tt0p9v25c
  org_read_281       ZeroWireload          tcbn22ullbwp30p140tt0p9v25c
  org_read_280       ZeroWireload          tcbn22ullbwp30p140tt0p9v25c
  org_read_279       ZeroWireload          tcbn22ullbwp30p140tt0p9v25c
  org_read_278       ZeroWireload          tcbn22ullbwp30p140tt0p9v25c
  org_read_277       ZeroWireload          tcbn22ullbwp30p140tt0p9v25c
  org_read_276       ZeroWireload          tcbn22ullbwp30p140tt0p9v25c
  org_read_275       ZeroWireload          tcbn22ullbwp30p140tt0p9v25c
  org_read_274       ZeroWireload          tcbn22ullbwp30p140tt0p9v25c
  org_read_273       ZeroWireload          tcbn22ullbwp30p140tt0p9v25c
  org_read_272       ZeroWireload          tcbn22ullbwp30p140tt0p9v25c
  org_read_271       ZeroWireload          tcbn22ullbwp30p140tt0p9v25c
  org_read_270       ZeroWireload          tcbn22ullbwp30p140tt0p9v25c
  org_read_269       ZeroWireload          tcbn22ullbwp30p140tt0p9v25c
  org_read_268       ZeroWireload          tcbn22ullbwp30p140tt0p9v25c
  org_read_267       ZeroWireload          tcbn22ullbwp30p140tt0p9v25c
  org_read_266       ZeroWireload          tcbn22ullbwp30p140tt0p9v25c
  org_read_265       ZeroWireload          tcbn22ullbwp30p140tt0p9v25c
  org_read_264       ZeroWireload          tcbn22ullbwp30p140tt0p9v25c
  org_read_263       ZeroWireload          tcbn22ullbwp30p140tt0p9v25c
  org_read_262       ZeroWireload          tcbn22ullbwp30p140tt0p9v25c
  org_read_261       ZeroWireload          tcbn22ullbwp30p140tt0p9v25c
  org_read_260       ZeroWireload          tcbn22ullbwp30p140tt0p9v25c
  org_read_259       ZeroWireload          tcbn22ullbwp30p140tt0p9v25c
  org_read_258       ZeroWireload          tcbn22ullbwp30p140tt0p9v25c
  org_read_257       ZeroWireload          tcbn22ullbwp30p140tt0p9v25c
  org_read_256       ZeroWireload          tcbn22ullbwp30p140tt0p9v25c
  org_read_255       ZeroWireload          tcbn22ullbwp30p140tt0p9v25c
  org_read_254       ZeroWireload          tcbn22ullbwp30p140tt0p9v25c
  org_read_253       ZeroWireload          tcbn22ullbwp30p140tt0p9v25c
  org_read_252       ZeroWireload          tcbn22ullbwp30p140tt0p9v25c
  org_read_251       ZeroWireload          tcbn22ullbwp30p140tt0p9v25c
  org_read_250       ZeroWireload          tcbn22ullbwp30p140tt0p9v25c
  org_read_249       ZeroWireload          tcbn22ullbwp30p140tt0p9v25c
  org_read_248       ZeroWireload          tcbn22ullbwp30p140tt0p9v25c
  org_read_247       ZeroWireload          tcbn22ullbwp30p140tt0p9v25c
  org_read_246       ZeroWireload          tcbn22ullbwp30p140tt0p9v25c
  org_read_245       ZeroWireload          tcbn22ullbwp30p140tt0p9v25c
  org_read_244       ZeroWireload          tcbn22ullbwp30p140tt0p9v25c
  org_read_243       ZeroWireload          tcbn22ullbwp30p140tt0p9v25c
  org_read_242       ZeroWireload          tcbn22ullbwp30p140tt0p9v25c
  org_read_241       ZeroWireload          tcbn22ullbwp30p140tt0p9v25c
  org_read_240       ZeroWireload          tcbn22ullbwp30p140tt0p9v25c
  org_read_239       ZeroWireload          tcbn22ullbwp30p140tt0p9v25c
  org_read_238       ZeroWireload          tcbn22ullbwp30p140tt0p9v25c
  org_read_237       ZeroWireload          tcbn22ullbwp30p140tt0p9v25c
  org_read_236       ZeroWireload          tcbn22ullbwp30p140tt0p9v25c
  org_read_235       ZeroWireload          tcbn22ullbwp30p140tt0p9v25c
  org_read_234       ZeroWireload          tcbn22ullbwp30p140tt0p9v25c
  org_read_233       ZeroWireload          tcbn22ullbwp30p140tt0p9v25c
  org_read_232       ZeroWireload          tcbn22ullbwp30p140tt0p9v25c
  org_read_231       ZeroWireload          tcbn22ullbwp30p140tt0p9v25c
  org_read_230       ZeroWireload          tcbn22ullbwp30p140tt0p9v25c
  org_read_229       ZeroWireload          tcbn22ullbwp30p140tt0p9v25c
  org_read_228       ZeroWireload          tcbn22ullbwp30p140tt0p9v25c
  org_read_227       ZeroWireload          tcbn22ullbwp30p140tt0p9v25c
  org_read_226       ZeroWireload          tcbn22ullbwp30p140tt0p9v25c
  org_read_225       ZeroWireload          tcbn22ullbwp30p140tt0p9v25c
  org_read_224       ZeroWireload          tcbn22ullbwp30p140tt0p9v25c
  org_read_223       ZeroWireload          tcbn22ullbwp30p140tt0p9v25c
  org_read_222       ZeroWireload          tcbn22ullbwp30p140tt0p9v25c
  org_read_221       ZeroWireload          tcbn22ullbwp30p140tt0p9v25c
  org_read_220       ZeroWireload          tcbn22ullbwp30p140tt0p9v25c
  org_read_219       ZeroWireload          tcbn22ullbwp30p140tt0p9v25c
  org_read_218       ZeroWireload          tcbn22ullbwp30p140tt0p9v25c
  org_read_217       ZeroWireload          tcbn22ullbwp30p140tt0p9v25c
  org_read_216       ZeroWireload          tcbn22ullbwp30p140tt0p9v25c
  org_read_215       ZeroWireload          tcbn22ullbwp30p140tt0p9v25c
  org_read_214       ZeroWireload          tcbn22ullbwp30p140tt0p9v25c
  org_read_213       ZeroWireload          tcbn22ullbwp30p140tt0p9v25c
  org_read_212       ZeroWireload          tcbn22ullbwp30p140tt0p9v25c
  org_read_211       ZeroWireload          tcbn22ullbwp30p140tt0p9v25c
  org_read_210       ZeroWireload          tcbn22ullbwp30p140tt0p9v25c
  org_read_209       ZeroWireload          tcbn22ullbwp30p140tt0p9v25c
  org_read_208       ZeroWireload          tcbn22ullbwp30p140tt0p9v25c
  org_read_207       ZeroWireload          tcbn22ullbwp30p140tt0p9v25c
  org_read_206       ZeroWireload          tcbn22ullbwp30p140tt0p9v25c
  org_read_205       ZeroWireload          tcbn22ullbwp30p140tt0p9v25c
  org_read_204       ZeroWireload          tcbn22ullbwp30p140tt0p9v25c
  org_read_203       ZeroWireload          tcbn22ullbwp30p140tt0p9v25c
  org_read_202       ZeroWireload          tcbn22ullbwp30p140tt0p9v25c
  org_read_201       ZeroWireload          tcbn22ullbwp30p140tt0p9v25c
  org_read_200       ZeroWireload          tcbn22ullbwp30p140tt0p9v25c
  org_read_199       ZeroWireload          tcbn22ullbwp30p140tt0p9v25c
  org_read_198       ZeroWireload          tcbn22ullbwp30p140tt0p9v25c
  org_read_197       ZeroWireload          tcbn22ullbwp30p140tt0p9v25c
  org_read_196       ZeroWireload          tcbn22ullbwp30p140tt0p9v25c
  org_read_195       ZeroWireload          tcbn22ullbwp30p140tt0p9v25c
  org_read_194       ZeroWireload          tcbn22ullbwp30p140tt0p9v25c
  org_read_193       ZeroWireload          tcbn22ullbwp30p140tt0p9v25c
  org_read_192       ZeroWireload          tcbn22ullbwp30p140tt0p9v25c
  org_read_191       ZeroWireload          tcbn22ullbwp30p140tt0p9v25c
  org_read_190       ZeroWireload          tcbn22ullbwp30p140tt0p9v25c
  org_read_189       ZeroWireload          tcbn22ullbwp30p140tt0p9v25c
  org_read_188       ZeroWireload          tcbn22ullbwp30p140tt0p9v25c
  org_read_187       ZeroWireload          tcbn22ullbwp30p140tt0p9v25c
  org_read_186       ZeroWireload          tcbn22ullbwp30p140tt0p9v25c
  org_read_185       ZeroWireload          tcbn22ullbwp30p140tt0p9v25c
  org_read_184       ZeroWireload          tcbn22ullbwp30p140tt0p9v25c
  org_read_183       ZeroWireload          tcbn22ullbwp30p140tt0p9v25c
  org_read_182       ZeroWireload          tcbn22ullbwp30p140tt0p9v25c
  org_read_181       ZeroWireload          tcbn22ullbwp30p140tt0p9v25c
  org_read_180       ZeroWireload          tcbn22ullbwp30p140tt0p9v25c
  org_read_179       ZeroWireload          tcbn22ullbwp30p140tt0p9v25c
  org_read_178       ZeroWireload          tcbn22ullbwp30p140tt0p9v25c
  org_read_177       ZeroWireload          tcbn22ullbwp30p140tt0p9v25c
  org_read_176       ZeroWireload          tcbn22ullbwp30p140tt0p9v25c
  org_read_175       ZeroWireload          tcbn22ullbwp30p140tt0p9v25c
  org_read_174       ZeroWireload          tcbn22ullbwp30p140tt0p9v25c
  org_read_173       ZeroWireload          tcbn22ullbwp30p140tt0p9v25c
  org_read_172       ZeroWireload          tcbn22ullbwp30p140tt0p9v25c
  org_read_171       ZeroWireload          tcbn22ullbwp30p140tt0p9v25c
  org_read_170       ZeroWireload          tcbn22ullbwp30p140tt0p9v25c
  org_read_169       ZeroWireload          tcbn22ullbwp30p140tt0p9v25c
  org_read_168       ZeroWireload          tcbn22ullbwp30p140tt0p9v25c
  org_read_167       ZeroWireload          tcbn22ullbwp30p140tt0p9v25c
  org_read_166       ZeroWireload          tcbn22ullbwp30p140tt0p9v25c
  org_read_165       ZeroWireload          tcbn22ullbwp30p140tt0p9v25c
  org_read_164       ZeroWireload          tcbn22ullbwp30p140tt0p9v25c
  org_read_163       ZeroWireload          tcbn22ullbwp30p140tt0p9v25c
  org_read_162       ZeroWireload          tcbn22ullbwp30p140tt0p9v25c
  org_read_161       ZeroWireload          tcbn22ullbwp30p140tt0p9v25c
  org_read_160       ZeroWireload          tcbn22ullbwp30p140tt0p9v25c
  org_read_159       ZeroWireload          tcbn22ullbwp30p140tt0p9v25c
  org_read_158       ZeroWireload          tcbn22ullbwp30p140tt0p9v25c
  org_read_157       ZeroWireload          tcbn22ullbwp30p140tt0p9v25c
  org_read_156       ZeroWireload          tcbn22ullbwp30p140tt0p9v25c
  org_read_155       ZeroWireload          tcbn22ullbwp30p140tt0p9v25c
  org_read_154       ZeroWireload          tcbn22ullbwp30p140tt0p9v25c
  org_read_153       ZeroWireload          tcbn22ullbwp30p140tt0p9v25c
  org_read_152       ZeroWireload          tcbn22ullbwp30p140tt0p9v25c
  org_read_151       ZeroWireload          tcbn22ullbwp30p140tt0p9v25c
  org_read_150       ZeroWireload          tcbn22ullbwp30p140tt0p9v25c
  org_read_149       ZeroWireload          tcbn22ullbwp30p140tt0p9v25c
  org_read_148       ZeroWireload          tcbn22ullbwp30p140tt0p9v25c
  org_read_147       ZeroWireload          tcbn22ullbwp30p140tt0p9v25c
  org_read_146       ZeroWireload          tcbn22ullbwp30p140tt0p9v25c
  org_read_145       ZeroWireload          tcbn22ullbwp30p140tt0p9v25c
  org_read_144       ZeroWireload          tcbn22ullbwp30p140tt0p9v25c
  org_read_143       ZeroWireload          tcbn22ullbwp30p140tt0p9v25c
  org_read_142       ZeroWireload          tcbn22ullbwp30p140tt0p9v25c
  org_read_141       ZeroWireload          tcbn22ullbwp30p140tt0p9v25c
  org_read_140       ZeroWireload          tcbn22ullbwp30p140tt0p9v25c
  org_read_139       ZeroWireload          tcbn22ullbwp30p140tt0p9v25c
  org_read_138       ZeroWireload          tcbn22ullbwp30p140tt0p9v25c
  org_read_137       ZeroWireload          tcbn22ullbwp30p140tt0p9v25c
  org_read_136       ZeroWireload          tcbn22ullbwp30p140tt0p9v25c
  org_read_135       ZeroWireload          tcbn22ullbwp30p140tt0p9v25c
  org_read_134       ZeroWireload          tcbn22ullbwp30p140tt0p9v25c
  org_read_133       ZeroWireload          tcbn22ullbwp30p140tt0p9v25c
  org_read_132       ZeroWireload          tcbn22ullbwp30p140tt0p9v25c
  org_read_131       ZeroWireload          tcbn22ullbwp30p140tt0p9v25c
  org_read_130       ZeroWireload          tcbn22ullbwp30p140tt0p9v25c
  org_read_129       ZeroWireload          tcbn22ullbwp30p140tt0p9v25c
  org_read_128       ZeroWireload          tcbn22ullbwp30p140tt0p9v25c
  org_read_127       ZeroWireload          tcbn22ullbwp30p140tt0p9v25c
  org_read_126       ZeroWireload          tcbn22ullbwp30p140tt0p9v25c
  org_read_125       ZeroWireload          tcbn22ullbwp30p140tt0p9v25c
  org_read_124       ZeroWireload          tcbn22ullbwp30p140tt0p9v25c
  org_read_123       ZeroWireload          tcbn22ullbwp30p140tt0p9v25c
  org_read_122       ZeroWireload          tcbn22ullbwp30p140tt0p9v25c
  org_read_121       ZeroWireload          tcbn22ullbwp30p140tt0p9v25c
  org_read_120       ZeroWireload          tcbn22ullbwp30p140tt0p9v25c
  org_read_119       ZeroWireload          tcbn22ullbwp30p140tt0p9v25c
  org_read_118       ZeroWireload          tcbn22ullbwp30p140tt0p9v25c
  org_read_117       ZeroWireload          tcbn22ullbwp30p140tt0p9v25c
  org_read_116       ZeroWireload          tcbn22ullbwp30p140tt0p9v25c
  org_read_115       ZeroWireload          tcbn22ullbwp30p140tt0p9v25c
  org_read_114       ZeroWireload          tcbn22ullbwp30p140tt0p9v25c
  org_read_113       ZeroWireload          tcbn22ullbwp30p140tt0p9v25c
  org_read_112       ZeroWireload          tcbn22ullbwp30p140tt0p9v25c
  org_read_111       ZeroWireload          tcbn22ullbwp30p140tt0p9v25c
  org_read_110       ZeroWireload          tcbn22ullbwp30p140tt0p9v25c
  org_read_109       ZeroWireload          tcbn22ullbwp30p140tt0p9v25c
  org_read_108       ZeroWireload          tcbn22ullbwp30p140tt0p9v25c
  org_read_107       ZeroWireload          tcbn22ullbwp30p140tt0p9v25c
  org_read_106       ZeroWireload          tcbn22ullbwp30p140tt0p9v25c
  org_read_105       ZeroWireload          tcbn22ullbwp30p140tt0p9v25c
  org_read_104       ZeroWireload          tcbn22ullbwp30p140tt0p9v25c
  org_read_103       ZeroWireload          tcbn22ullbwp30p140tt0p9v25c
  org_read_102       ZeroWireload          tcbn22ullbwp30p140tt0p9v25c
  org_read_101       ZeroWireload          tcbn22ullbwp30p140tt0p9v25c
  org_read_100       ZeroWireload          tcbn22ullbwp30p140tt0p9v25c
  org_read_99        ZeroWireload          tcbn22ullbwp30p140tt0p9v25c
  org_read_98        ZeroWireload          tcbn22ullbwp30p140tt0p9v25c
  org_read_97        ZeroWireload          tcbn22ullbwp30p140tt0p9v25c
  org_read_96        ZeroWireload          tcbn22ullbwp30p140tt0p9v25c
  org_read_95        ZeroWireload          tcbn22ullbwp30p140tt0p9v25c
  org_read_94        ZeroWireload          tcbn22ullbwp30p140tt0p9v25c
  org_read_93        ZeroWireload          tcbn22ullbwp30p140tt0p9v25c
  org_read_92        ZeroWireload          tcbn22ullbwp30p140tt0p9v25c
  org_read_91        ZeroWireload          tcbn22ullbwp30p140tt0p9v25c
  org_read_90        ZeroWireload          tcbn22ullbwp30p140tt0p9v25c
  org_read_89        ZeroWireload          tcbn22ullbwp30p140tt0p9v25c
  org_read_88        ZeroWireload          tcbn22ullbwp30p140tt0p9v25c
  org_read_87        ZeroWireload          tcbn22ullbwp30p140tt0p9v25c
  org_read_86        ZeroWireload          tcbn22ullbwp30p140tt0p9v25c
  org_read_85        ZeroWireload          tcbn22ullbwp30p140tt0p9v25c
  org_read_84        ZeroWireload          tcbn22ullbwp30p140tt0p9v25c
  org_read_83        ZeroWireload          tcbn22ullbwp30p140tt0p9v25c
  org_read_82        ZeroWireload          tcbn22ullbwp30p140tt0p9v25c
  org_read_81        ZeroWireload          tcbn22ullbwp30p140tt0p9v25c
  org_read_80        ZeroWireload          tcbn22ullbwp30p140tt0p9v25c
  org_read_79        ZeroWireload          tcbn22ullbwp30p140tt0p9v25c
  org_read_78        ZeroWireload          tcbn22ullbwp30p140tt0p9v25c
  org_read_77        ZeroWireload          tcbn22ullbwp30p140tt0p9v25c
  org_read_76        ZeroWireload          tcbn22ullbwp30p140tt0p9v25c
  org_read_75        ZeroWireload          tcbn22ullbwp30p140tt0p9v25c
  org_read_74        ZeroWireload          tcbn22ullbwp30p140tt0p9v25c
  org_read_73        ZeroWireload          tcbn22ullbwp30p140tt0p9v25c
  org_read_72        ZeroWireload          tcbn22ullbwp30p140tt0p9v25c
  org_read_71        ZeroWireload          tcbn22ullbwp30p140tt0p9v25c
  org_read_70        ZeroWireload          tcbn22ullbwp30p140tt0p9v25c
  org_read_69        ZeroWireload          tcbn22ullbwp30p140tt0p9v25c
  org_read_68        ZeroWireload          tcbn22ullbwp30p140tt0p9v25c
  org_read_67        ZeroWireload          tcbn22ullbwp30p140tt0p9v25c
  org_read_66        ZeroWireload          tcbn22ullbwp30p140tt0p9v25c
  org_read_65        ZeroWireload          tcbn22ullbwp30p140tt0p9v25c
  org_read_64        ZeroWireload          tcbn22ullbwp30p140tt0p9v25c
  org_read_63        ZeroWireload          tcbn22ullbwp30p140tt0p9v25c
  org_read_62        ZeroWireload          tcbn22ullbwp30p140tt0p9v25c
  org_read_61        ZeroWireload          tcbn22ullbwp30p140tt0p9v25c
  org_read_60        ZeroWireload          tcbn22ullbwp30p140tt0p9v25c
  org_read_59        ZeroWireload          tcbn22ullbwp30p140tt0p9v25c
  org_read_58        ZeroWireload          tcbn22ullbwp30p140tt0p9v25c
  org_read_57        ZeroWireload          tcbn22ullbwp30p140tt0p9v25c
  org_read_56        ZeroWireload          tcbn22ullbwp30p140tt0p9v25c
  org_read_55        ZeroWireload          tcbn22ullbwp30p140tt0p9v25c
  org_read_54        ZeroWireload          tcbn22ullbwp30p140tt0p9v25c
  org_read_53        ZeroWireload          tcbn22ullbwp30p140tt0p9v25c
  org_read_52        ZeroWireload          tcbn22ullbwp30p140tt0p9v25c
  org_read_51        ZeroWireload          tcbn22ullbwp30p140tt0p9v25c
  org_read_50        ZeroWireload          tcbn22ullbwp30p140tt0p9v25c
  org_read_49        ZeroWireload          tcbn22ullbwp30p140tt0p9v25c
  org_read_48        ZeroWireload          tcbn22ullbwp30p140tt0p9v25c
  org_read_47        ZeroWireload          tcbn22ullbwp30p140tt0p9v25c
  org_read_46        ZeroWireload          tcbn22ullbwp30p140tt0p9v25c
  org_read_45        ZeroWireload          tcbn22ullbwp30p140tt0p9v25c
  org_read_44        ZeroWireload          tcbn22ullbwp30p140tt0p9v25c
  org_read_43        ZeroWireload          tcbn22ullbwp30p140tt0p9v25c
  org_read_42        ZeroWireload          tcbn22ullbwp30p140tt0p9v25c
  org_read_41        ZeroWireload          tcbn22ullbwp30p140tt0p9v25c
  org_read_40        ZeroWireload          tcbn22ullbwp30p140tt0p9v25c
  org_read_39        ZeroWireload          tcbn22ullbwp30p140tt0p9v25c
  org_read_38        ZeroWireload          tcbn22ullbwp30p140tt0p9v25c
  org_read_37        ZeroWireload          tcbn22ullbwp30p140tt0p9v25c
  org_read_36        ZeroWireload          tcbn22ullbwp30p140tt0p9v25c
  org_read_35        ZeroWireload          tcbn22ullbwp30p140tt0p9v25c
  org_read_34        ZeroWireload          tcbn22ullbwp30p140tt0p9v25c
  org_read_33        ZeroWireload          tcbn22ullbwp30p140tt0p9v25c
  org_read_32        ZeroWireload          tcbn22ullbwp30p140tt0p9v25c
  org_read_31        ZeroWireload          tcbn22ullbwp30p140tt0p9v25c
  org_read_30        ZeroWireload          tcbn22ullbwp30p140tt0p9v25c
  org_read_29        ZeroWireload          tcbn22ullbwp30p140tt0p9v25c
  org_read_28        ZeroWireload          tcbn22ullbwp30p140tt0p9v25c
  org_read_27        ZeroWireload          tcbn22ullbwp30p140tt0p9v25c
  org_read_26        ZeroWireload          tcbn22ullbwp30p140tt0p9v25c
  org_read_25        ZeroWireload          tcbn22ullbwp30p140tt0p9v25c
  org_read_24        ZeroWireload          tcbn22ullbwp30p140tt0p9v25c
  org_read_23        ZeroWireload          tcbn22ullbwp30p140tt0p9v25c
  org_read_22        ZeroWireload          tcbn22ullbwp30p140tt0p9v25c
  org_read_21        ZeroWireload          tcbn22ullbwp30p140tt0p9v25c
  org_read_20        ZeroWireload          tcbn22ullbwp30p140tt0p9v25c
  org_read_19        ZeroWireload          tcbn22ullbwp30p140tt0p9v25c
  org_read_18        ZeroWireload          tcbn22ullbwp30p140tt0p9v25c
  org_read_17        ZeroWireload          tcbn22ullbwp30p140tt0p9v25c
  org_read_16        ZeroWireload          tcbn22ullbwp30p140tt0p9v25c
  org_read_15        ZeroWireload          tcbn22ullbwp30p140tt0p9v25c
  org_read_14        ZeroWireload          tcbn22ullbwp30p140tt0p9v25c
  org_read_13        ZeroWireload          tcbn22ullbwp30p140tt0p9v25c
  org_read_12        ZeroWireload          tcbn22ullbwp30p140tt0p9v25c
  org_read_11        ZeroWireload          tcbn22ullbwp30p140tt0p9v25c
  org_read_10        ZeroWireload          tcbn22ullbwp30p140tt0p9v25c
  org_read_9         ZeroWireload          tcbn22ullbwp30p140tt0p9v25c
  org_read_8         ZeroWireload          tcbn22ullbwp30p140tt0p9v25c
  org_read_7         ZeroWireload          tcbn22ullbwp30p140tt0p9v25c
  org_read_6         ZeroWireload          tcbn22ullbwp30p140tt0p9v25c
  org_read_5         ZeroWireload          tcbn22ullbwp30p140tt0p9v25c
  org_read_4         ZeroWireload          tcbn22ullbwp30p140tt0p9v25c
  org_read_3         ZeroWireload          tcbn22ullbwp30p140tt0p9v25c
  org_read_2         ZeroWireload          tcbn22ullbwp30p140tt0p9v25c
  org_read_1         ZeroWireload          tcbn22ullbwp30p140tt0p9v25c
  org_read_0         ZeroWireload          tcbn22ullbwp30p140tt0p9v25c
  dual_port_bram_16x32_write_first_2673
                     ZeroWireload          tcbn22ullbwp30p140tt0p9v25c
  dual_port_bram_16x32_write_first_2672
                     ZeroWireload          tcbn22ullbwp30p140tt0p9v25c
  dual_port_bram_16x32_write_first_2671
                     ZeroWireload          tcbn22ullbwp30p140tt0p9v25c
  dual_port_bram_16x32_write_first_2670
                     ZeroWireload          tcbn22ullbwp30p140tt0p9v25c
  dual_port_bram_16x32_write_first_2669
                     ZeroWireload          tcbn22ullbwp30p140tt0p9v25c
  dual_port_bram_16x32_write_first_2668
                     ZeroWireload          tcbn22ullbwp30p140tt0p9v25c
  dual_port_bram_16x32_write_first_2667
                     ZeroWireload          tcbn22ullbwp30p140tt0p9v25c
  dual_port_bram_16x32_write_first_2666
                     ZeroWireload          tcbn22ullbwp30p140tt0p9v25c
  dual_port_bram_16x32_write_first_2665
                     ZeroWireload          tcbn22ullbwp30p140tt0p9v25c
  dual_port_bram_16x32_write_first_2664
                     ZeroWireload          tcbn22ullbwp30p140tt0p9v25c
  dual_port_bram_16x32_write_first_2663
                     ZeroWireload          tcbn22ullbwp30p140tt0p9v25c
  dual_port_bram_16x32_write_first_2662
                     ZeroWireload          tcbn22ullbwp30p140tt0p9v25c
  dual_port_bram_16x32_write_first_2661
                     ZeroWireload          tcbn22ullbwp30p140tt0p9v25c
  dual_port_bram_16x32_write_first_2660
                     ZeroWireload          tcbn22ullbwp30p140tt0p9v25c
  dual_port_bram_16x32_write_first_2659
                     ZeroWireload          tcbn22ullbwp30p140tt0p9v25c
  dual_port_bram_16x32_write_first_2658
                     ZeroWireload          tcbn22ullbwp30p140tt0p9v25c
  dual_port_bram_16x32_write_first_2657
                     ZeroWireload          tcbn22ullbwp30p140tt0p9v25c
  dual_port_bram_16x32_write_first_2656
                     ZeroWireload          tcbn22ullbwp30p140tt0p9v25c
  dual_port_bram_16x32_write_first_2655
                     ZeroWireload          tcbn22ullbwp30p140tt0p9v25c
  dual_port_bram_16x32_write_first_2654
                     ZeroWireload          tcbn22ullbwp30p140tt0p9v25c
  dual_port_bram_16x32_write_first_2653
                     ZeroWireload          tcbn22ullbwp30p140tt0p9v25c
  dual_port_bram_16x32_write_first_2652
                     ZeroWireload          tcbn22ullbwp30p140tt0p9v25c
  dual_port_bram_16x32_write_first_2651
                     ZeroWireload          tcbn22ullbwp30p140tt0p9v25c
  dual_port_bram_16x32_write_first_2650
                     ZeroWireload          tcbn22ullbwp30p140tt0p9v25c
  dual_port_bram_16x32_write_first_2649
                     ZeroWireload          tcbn22ullbwp30p140tt0p9v25c
  dual_port_bram_16x32_write_first_2648
                     ZeroWireload          tcbn22ullbwp30p140tt0p9v25c
  dual_port_bram_16x32_write_first_2647
                     ZeroWireload          tcbn22ullbwp30p140tt0p9v25c
  dual_port_bram_16x32_write_first_2646
                     ZeroWireload          tcbn22ullbwp30p140tt0p9v25c
  dual_port_bram_16x32_write_first_2645
                     ZeroWireload          tcbn22ullbwp30p140tt0p9v25c
  dual_port_bram_16x32_write_first_2644
                     ZeroWireload          tcbn22ullbwp30p140tt0p9v25c
  dual_port_bram_16x32_write_first_2643
                     ZeroWireload          tcbn22ullbwp30p140tt0p9v25c
  dual_port_bram_16x32_write_first_2642
                     ZeroWireload          tcbn22ullbwp30p140tt0p9v25c
  dual_port_bram_16x32_write_first_2641
                     ZeroWireload          tcbn22ullbwp30p140tt0p9v25c
  dual_port_bram_16x32_write_first_2640
                     ZeroWireload          tcbn22ullbwp30p140tt0p9v25c
  dual_port_bram_16x32_write_first_2639
                     ZeroWireload          tcbn22ullbwp30p140tt0p9v25c
  dual_port_bram_16x32_write_first_2638
                     ZeroWireload          tcbn22ullbwp30p140tt0p9v25c
  dual_port_bram_16x32_write_first_2637
                     ZeroWireload          tcbn22ullbwp30p140tt0p9v25c
  dual_port_bram_16x32_write_first_2636
                     ZeroWireload          tcbn22ullbwp30p140tt0p9v25c
  dual_port_bram_16x32_write_first_2635
                     ZeroWireload          tcbn22ullbwp30p140tt0p9v25c
  dual_port_bram_16x32_write_first_2634
                     ZeroWireload          tcbn22ullbwp30p140tt0p9v25c
  dual_port_bram_16x32_write_first_2633
                     ZeroWireload          tcbn22ullbwp30p140tt0p9v25c
  dual_port_bram_16x32_write_first_2632
                     ZeroWireload          tcbn22ullbwp30p140tt0p9v25c
  dual_port_bram_16x32_write_first_2631
                     ZeroWireload          tcbn22ullbwp30p140tt0p9v25c
  dual_port_bram_16x32_write_first_2630
                     ZeroWireload          tcbn22ullbwp30p140tt0p9v25c
  dual_port_bram_16x32_write_first_2629
                     ZeroWireload          tcbn22ullbwp30p140tt0p9v25c
  dual_port_bram_16x32_write_first_2628
                     ZeroWireload          tcbn22ullbwp30p140tt0p9v25c
  dual_port_bram_16x32_write_first_2627
                     ZeroWireload          tcbn22ullbwp30p140tt0p9v25c
  dual_port_bram_16x32_write_first_2626
                     ZeroWireload          tcbn22ullbwp30p140tt0p9v25c
  dual_port_bram_16x32_write_first_2625
                     ZeroWireload          tcbn22ullbwp30p140tt0p9v25c
  dual_port_bram_16x32_write_first_2624
                     ZeroWireload          tcbn22ullbwp30p140tt0p9v25c
  dual_port_bram_16x32_write_first_2623
                     ZeroWireload          tcbn22ullbwp30p140tt0p9v25c
  dual_port_bram_16x32_write_first_2622
                     ZeroWireload          tcbn22ullbwp30p140tt0p9v25c
  dual_port_bram_16x32_write_first_2621
                     ZeroWireload          tcbn22ullbwp30p140tt0p9v25c
  dual_port_bram_16x32_write_first_2620
                     ZeroWireload          tcbn22ullbwp30p140tt0p9v25c
  dual_port_bram_16x32_write_first_2619
                     ZeroWireload          tcbn22ullbwp30p140tt0p9v25c
  dual_port_bram_16x32_write_first_2618
                     ZeroWireload          tcbn22ullbwp30p140tt0p9v25c
  dual_port_bram_16x32_write_first_2617
                     ZeroWireload          tcbn22ullbwp30p140tt0p9v25c
  dual_port_bram_16x32_write_first_2616
                     ZeroWireload          tcbn22ullbwp30p140tt0p9v25c
  dual_port_bram_16x32_write_first_2615
                     ZeroWireload          tcbn22ullbwp30p140tt0p9v25c
  dual_port_bram_16x32_write_first_2614
                     ZeroWireload          tcbn22ullbwp30p140tt0p9v25c
  dual_port_bram_16x32_write_first_2613
                     ZeroWireload          tcbn22ullbwp30p140tt0p9v25c
  dual_port_bram_16x32_write_first_2612
                     ZeroWireload          tcbn22ullbwp30p140tt0p9v25c
  dual_port_bram_16x32_write_first_2611
                     ZeroWireload          tcbn22ullbwp30p140tt0p9v25c
  dual_port_bram_16x32_write_first_2610
                     ZeroWireload          tcbn22ullbwp30p140tt0p9v25c
  dual_port_bram_16x32_write_first_2609
                     ZeroWireload          tcbn22ullbwp30p140tt0p9v25c
  dual_port_bram_16x32_write_first_2608
                     ZeroWireload          tcbn22ullbwp30p140tt0p9v25c
  dual_port_bram_16x32_write_first_2607
                     ZeroWireload          tcbn22ullbwp30p140tt0p9v25c
  dual_port_bram_16x32_write_first_2606
                     ZeroWireload          tcbn22ullbwp30p140tt0p9v25c
  dual_port_bram_16x32_write_first_2605
                     ZeroWireload          tcbn22ullbwp30p140tt0p9v25c
  dual_port_bram_16x32_write_first_2604
                     ZeroWireload          tcbn22ullbwp30p140tt0p9v25c
  dual_port_bram_16x32_write_first_2603
                     ZeroWireload          tcbn22ullbwp30p140tt0p9v25c
  dual_port_bram_16x32_write_first_2602
                     ZeroWireload          tcbn22ullbwp30p140tt0p9v25c
  dual_port_bram_16x32_write_first_2601
                     ZeroWireload          tcbn22ullbwp30p140tt0p9v25c
  dual_port_bram_16x32_write_first_2600
                     ZeroWireload          tcbn22ullbwp30p140tt0p9v25c
  dual_port_bram_16x32_write_first_2599
                     ZeroWireload          tcbn22ullbwp30p140tt0p9v25c
  dual_port_bram_16x32_write_first_2598
                     ZeroWireload          tcbn22ullbwp30p140tt0p9v25c
  dual_port_bram_16x32_write_first_2597
                     ZeroWireload          tcbn22ullbwp30p140tt0p9v25c
  dual_port_bram_16x32_write_first_2596
                     ZeroWireload          tcbn22ullbwp30p140tt0p9v25c
  dual_port_bram_16x32_write_first_2595
                     ZeroWireload          tcbn22ullbwp30p140tt0p9v25c
  dual_port_bram_16x32_write_first_2594
                     ZeroWireload          tcbn22ullbwp30p140tt0p9v25c
  dual_port_bram_16x32_write_first_2593
                     ZeroWireload          tcbn22ullbwp30p140tt0p9v25c
  dual_port_bram_16x32_write_first_2592
                     ZeroWireload          tcbn22ullbwp30p140tt0p9v25c
  dual_port_bram_16x32_write_first_2591
                     ZeroWireload          tcbn22ullbwp30p140tt0p9v25c
  dual_port_bram_16x32_write_first_2590
                     ZeroWireload          tcbn22ullbwp30p140tt0p9v25c
  dual_port_bram_16x32_write_first_2589
                     ZeroWireload          tcbn22ullbwp30p140tt0p9v25c
  dual_port_bram_16x32_write_first_2588
                     ZeroWireload          tcbn22ullbwp30p140tt0p9v25c
  dual_port_bram_16x32_write_first_2587
                     ZeroWireload          tcbn22ullbwp30p140tt0p9v25c
  dual_port_bram_16x32_write_first_2586
                     ZeroWireload          tcbn22ullbwp30p140tt0p9v25c
  dual_port_bram_16x32_write_first_2585
                     ZeroWireload          tcbn22ullbwp30p140tt0p9v25c
  dual_port_bram_16x32_write_first_2584
                     ZeroWireload          tcbn22ullbwp30p140tt0p9v25c
  dual_port_bram_16x32_write_first_2583
                     ZeroWireload          tcbn22ullbwp30p140tt0p9v25c
  dual_port_bram_16x32_write_first_2582
                     ZeroWireload          tcbn22ullbwp30p140tt0p9v25c
  dual_port_bram_16x32_write_first_2581
                     ZeroWireload          tcbn22ullbwp30p140tt0p9v25c
  dual_port_bram_16x32_write_first_2580
                     ZeroWireload          tcbn22ullbwp30p140tt0p9v25c
  dual_port_bram_16x32_write_first_2579
                     ZeroWireload          tcbn22ullbwp30p140tt0p9v25c
  dual_port_bram_16x32_write_first_2578
                     ZeroWireload          tcbn22ullbwp30p140tt0p9v25c
  dual_port_bram_16x32_write_first_2577
                     ZeroWireload          tcbn22ullbwp30p140tt0p9v25c
  dual_port_bram_16x32_write_first_2576
                     ZeroWireload          tcbn22ullbwp30p140tt0p9v25c
  dual_port_bram_16x32_write_first_2575
                     ZeroWireload          tcbn22ullbwp30p140tt0p9v25c
  dual_port_bram_16x32_write_first_2574
                     ZeroWireload          tcbn22ullbwp30p140tt0p9v25c
  dual_port_bram_16x32_write_first_2573
                     ZeroWireload          tcbn22ullbwp30p140tt0p9v25c
  dual_port_bram_16x32_write_first_2572
                     ZeroWireload          tcbn22ullbwp30p140tt0p9v25c
  dual_port_bram_16x32_write_first_2571
                     ZeroWireload          tcbn22ullbwp30p140tt0p9v25c
  dual_port_bram_16x32_write_first_2570
                     ZeroWireload          tcbn22ullbwp30p140tt0p9v25c
  dual_port_bram_16x32_write_first_2569
                     ZeroWireload          tcbn22ullbwp30p140tt0p9v25c
  dual_port_bram_16x32_write_first_2568
                     ZeroWireload          tcbn22ullbwp30p140tt0p9v25c
  dual_port_bram_16x32_write_first_2567
                     ZeroWireload          tcbn22ullbwp30p140tt0p9v25c
  dual_port_bram_16x32_write_first_2566
                     ZeroWireload          tcbn22ullbwp30p140tt0p9v25c
  dual_port_bram_16x32_write_first_2565
                     ZeroWireload          tcbn22ullbwp30p140tt0p9v25c
  dual_port_bram_16x32_write_first_2564
                     ZeroWireload          tcbn22ullbwp30p140tt0p9v25c
  dual_port_bram_16x32_write_first_2563
                     ZeroWireload          tcbn22ullbwp30p140tt0p9v25c
  dual_port_bram_16x32_write_first_2562
                     ZeroWireload          tcbn22ullbwp30p140tt0p9v25c
  dual_port_bram_16x32_write_first_2561
                     ZeroWireload          tcbn22ullbwp30p140tt0p9v25c
  dual_port_bram_16x32_write_first_2560
                     ZeroWireload          tcbn22ullbwp30p140tt0p9v25c
  dual_port_bram_16x32_write_first_2559
                     ZeroWireload          tcbn22ullbwp30p140tt0p9v25c
  dual_port_bram_16x32_write_first_2558
                     ZeroWireload          tcbn22ullbwp30p140tt0p9v25c
  dual_port_bram_16x32_write_first_2557
                     ZeroWireload          tcbn22ullbwp30p140tt0p9v25c
  dual_port_bram_16x32_write_first_2556
                     ZeroWireload          tcbn22ullbwp30p140tt0p9v25c
  dual_port_bram_16x32_write_first_2555
                     ZeroWireload          tcbn22ullbwp30p140tt0p9v25c
  dual_port_bram_16x32_write_first_2554
                     ZeroWireload          tcbn22ullbwp30p140tt0p9v25c
  dual_port_bram_16x32_write_first_2553
                     ZeroWireload          tcbn22ullbwp30p140tt0p9v25c
  dual_port_bram_16x32_write_first_2552
                     ZeroWireload          tcbn22ullbwp30p140tt0p9v25c
  dual_port_bram_16x32_write_first_2551
                     ZeroWireload          tcbn22ullbwp30p140tt0p9v25c
  dual_port_bram_16x32_write_first_2550
                     ZeroWireload          tcbn22ullbwp30p140tt0p9v25c
  dual_port_bram_16x32_write_first_2549
                     ZeroWireload          tcbn22ullbwp30p140tt0p9v25c
  dual_port_bram_16x32_write_first_2548
                     ZeroWireload          tcbn22ullbwp30p140tt0p9v25c
  dual_port_bram_16x32_write_first_2547
                     ZeroWireload          tcbn22ullbwp30p140tt0p9v25c
  dual_port_bram_16x32_write_first_2546
                     ZeroWireload          tcbn22ullbwp30p140tt0p9v25c
  dual_port_bram_16x32_write_first_2545
                     ZeroWireload          tcbn22ullbwp30p140tt0p9v25c
  dual_port_bram_16x32_write_first_2544
                     ZeroWireload          tcbn22ullbwp30p140tt0p9v25c
  dual_port_bram_16x32_write_first_2543
                     ZeroWireload          tcbn22ullbwp30p140tt0p9v25c
  dual_port_bram_16x32_write_first_2542
                     ZeroWireload          tcbn22ullbwp30p140tt0p9v25c
  dual_port_bram_16x32_write_first_2541
                     ZeroWireload          tcbn22ullbwp30p140tt0p9v25c
  dual_port_bram_16x32_write_first_2540
                     ZeroWireload          tcbn22ullbwp30p140tt0p9v25c
  dual_port_bram_16x32_write_first_2539
                     ZeroWireload          tcbn22ullbwp30p140tt0p9v25c
  dual_port_bram_16x32_write_first_2538
                     ZeroWireload          tcbn22ullbwp30p140tt0p9v25c
  dual_port_bram_16x32_write_first_2537
                     ZeroWireload          tcbn22ullbwp30p140tt0p9v25c
  dual_port_bram_16x32_write_first_2536
                     ZeroWireload          tcbn22ullbwp30p140tt0p9v25c
  dual_port_bram_16x32_write_first_2535
                     ZeroWireload          tcbn22ullbwp30p140tt0p9v25c
  dual_port_bram_16x32_write_first_2534
                     ZeroWireload          tcbn22ullbwp30p140tt0p9v25c
  dual_port_bram_16x32_write_first_2533
                     ZeroWireload          tcbn22ullbwp30p140tt0p9v25c
  dual_port_bram_16x32_write_first_2532
                     ZeroWireload          tcbn22ullbwp30p140tt0p9v25c
  dual_port_bram_16x32_write_first_2531
                     ZeroWireload          tcbn22ullbwp30p140tt0p9v25c
  dual_port_bram_16x32_write_first_2530
                     ZeroWireload          tcbn22ullbwp30p140tt0p9v25c
  dual_port_bram_16x32_write_first_2529
                     ZeroWireload          tcbn22ullbwp30p140tt0p9v25c
  dual_port_bram_16x32_write_first_2528
                     ZeroWireload          tcbn22ullbwp30p140tt0p9v25c
  dual_port_bram_16x32_write_first_2527
                     ZeroWireload          tcbn22ullbwp30p140tt0p9v25c
  dual_port_bram_16x32_write_first_2526
                     ZeroWireload          tcbn22ullbwp30p140tt0p9v25c
  dual_port_bram_16x32_write_first_2525
                     ZeroWireload          tcbn22ullbwp30p140tt0p9v25c
  dual_port_bram_16x32_write_first_2524
                     ZeroWireload          tcbn22ullbwp30p140tt0p9v25c
  dual_port_bram_16x32_write_first_2523
                     ZeroWireload          tcbn22ullbwp30p140tt0p9v25c
  dual_port_bram_16x32_write_first_2522
                     ZeroWireload          tcbn22ullbwp30p140tt0p9v25c
  dual_port_bram_16x32_write_first_2521
                     ZeroWireload          tcbn22ullbwp30p140tt0p9v25c
  dual_port_bram_16x32_write_first_2520
                     ZeroWireload          tcbn22ullbwp30p140tt0p9v25c
  dual_port_bram_16x32_write_first_2519
                     ZeroWireload          tcbn22ullbwp30p140tt0p9v25c
  dual_port_bram_16x32_write_first_2518
                     ZeroWireload          tcbn22ullbwp30p140tt0p9v25c
  dual_port_bram_16x32_write_first_2517
                     ZeroWireload          tcbn22ullbwp30p140tt0p9v25c
  dual_port_bram_16x32_write_first_2516
                     ZeroWireload          tcbn22ullbwp30p140tt0p9v25c
  dual_port_bram_16x32_write_first_2515
                     ZeroWireload          tcbn22ullbwp30p140tt0p9v25c
  dual_port_bram_16x32_write_first_2514
                     ZeroWireload          tcbn22ullbwp30p140tt0p9v25c
  dual_port_bram_16x32_write_first_2513
                     ZeroWireload          tcbn22ullbwp30p140tt0p9v25c
  dual_port_bram_16x32_write_first_2512
                     ZeroWireload          tcbn22ullbwp30p140tt0p9v25c
  dual_port_bram_16x32_write_first_2511
                     ZeroWireload          tcbn22ullbwp30p140tt0p9v25c
  dual_port_bram_16x32_write_first_2510
                     ZeroWireload          tcbn22ullbwp30p140tt0p9v25c
  dual_port_bram_16x32_write_first_2509
                     ZeroWireload          tcbn22ullbwp30p140tt0p9v25c
  dual_port_bram_16x32_write_first_2508
                     ZeroWireload          tcbn22ullbwp30p140tt0p9v25c
  dual_port_bram_16x32_write_first_2507
                     ZeroWireload          tcbn22ullbwp30p140tt0p9v25c
  dual_port_bram_16x32_write_first_2506
                     ZeroWireload          tcbn22ullbwp30p140tt0p9v25c
  dual_port_bram_16x32_write_first_2505
                     ZeroWireload          tcbn22ullbwp30p140tt0p9v25c
  dual_port_bram_16x32_write_first_2504
                     ZeroWireload          tcbn22ullbwp30p140tt0p9v25c
  dual_port_bram_16x32_write_first_2503
                     ZeroWireload          tcbn22ullbwp30p140tt0p9v25c
  dual_port_bram_16x32_write_first_2502
                     ZeroWireload          tcbn22ullbwp30p140tt0p9v25c
  dual_port_bram_16x32_write_first_2501
                     ZeroWireload          tcbn22ullbwp30p140tt0p9v25c
  dual_port_bram_16x32_write_first_2500
                     ZeroWireload          tcbn22ullbwp30p140tt0p9v25c
  dual_port_bram_16x32_write_first_2499
                     ZeroWireload          tcbn22ullbwp30p140tt0p9v25c
  dual_port_bram_16x32_write_first_2498
                     ZeroWireload          tcbn22ullbwp30p140tt0p9v25c
  dual_port_bram_16x32_write_first_2497
                     ZeroWireload          tcbn22ullbwp30p140tt0p9v25c
  dual_port_bram_16x32_write_first_2496
                     ZeroWireload          tcbn22ullbwp30p140tt0p9v25c
  dual_port_bram_16x32_write_first_2495
                     ZeroWireload          tcbn22ullbwp30p140tt0p9v25c
  dual_port_bram_16x32_write_first_2494
                     ZeroWireload          tcbn22ullbwp30p140tt0p9v25c
  dual_port_bram_16x32_write_first_2493
                     ZeroWireload          tcbn22ullbwp30p140tt0p9v25c
  dual_port_bram_16x32_write_first_2492
                     ZeroWireload          tcbn22ullbwp30p140tt0p9v25c
  dual_port_bram_16x32_write_first_2491
                     ZeroWireload          tcbn22ullbwp30p140tt0p9v25c
  dual_port_bram_16x32_write_first_2490
                     ZeroWireload          tcbn22ullbwp30p140tt0p9v25c
  dual_port_bram_16x32_write_first_2489
                     ZeroWireload          tcbn22ullbwp30p140tt0p9v25c
  dual_port_bram_16x32_write_first_2488
                     ZeroWireload          tcbn22ullbwp30p140tt0p9v25c
  dual_port_bram_16x32_write_first_2487
                     ZeroWireload          tcbn22ullbwp30p140tt0p9v25c
  dual_port_bram_16x32_write_first_2486
                     ZeroWireload          tcbn22ullbwp30p140tt0p9v25c
  dual_port_bram_16x32_write_first_2485
                     ZeroWireload          tcbn22ullbwp30p140tt0p9v25c
  dual_port_bram_16x32_write_first_2484
                     ZeroWireload          tcbn22ullbwp30p140tt0p9v25c
  dual_port_bram_16x32_write_first_2483
                     ZeroWireload          tcbn22ullbwp30p140tt0p9v25c
  dual_port_bram_16x32_write_first_2482
                     ZeroWireload          tcbn22ullbwp30p140tt0p9v25c
  dual_port_bram_16x32_write_first_2481
                     ZeroWireload          tcbn22ullbwp30p140tt0p9v25c
  dual_port_bram_16x32_write_first_2480
                     ZeroWireload          tcbn22ullbwp30p140tt0p9v25c
  dual_port_bram_16x32_write_first_2479
                     ZeroWireload          tcbn22ullbwp30p140tt0p9v25c
  dual_port_bram_16x32_write_first_2478
                     ZeroWireload          tcbn22ullbwp30p140tt0p9v25c
  dual_port_bram_16x32_write_first_2477
                     ZeroWireload          tcbn22ullbwp30p140tt0p9v25c
  dual_port_bram_16x32_write_first_2476
                     ZeroWireload          tcbn22ullbwp30p140tt0p9v25c
  dual_port_bram_16x32_write_first_2475
                     ZeroWireload          tcbn22ullbwp30p140tt0p9v25c
  dual_port_bram_16x32_write_first_2474
                     ZeroWireload          tcbn22ullbwp30p140tt0p9v25c
  dual_port_bram_16x32_write_first_2473
                     ZeroWireload          tcbn22ullbwp30p140tt0p9v25c
  dual_port_bram_16x32_write_first_2472
                     ZeroWireload          tcbn22ullbwp30p140tt0p9v25c
  dual_port_bram_16x32_write_first_2471
                     ZeroWireload          tcbn22ullbwp30p140tt0p9v25c
  dual_port_bram_16x32_write_first_2470
                     ZeroWireload          tcbn22ullbwp30p140tt0p9v25c
  dual_port_bram_16x32_write_first_2469
                     ZeroWireload          tcbn22ullbwp30p140tt0p9v25c
  dual_port_bram_16x32_write_first_2468
                     ZeroWireload          tcbn22ullbwp30p140tt0p9v25c
  dual_port_bram_16x32_write_first_2467
                     ZeroWireload          tcbn22ullbwp30p140tt0p9v25c
  dual_port_bram_16x32_write_first_2466
                     ZeroWireload          tcbn22ullbwp30p140tt0p9v25c
  dual_port_bram_16x32_write_first_2465
                     ZeroWireload          tcbn22ullbwp30p140tt0p9v25c
  dual_port_bram_16x32_write_first_2464
                     ZeroWireload          tcbn22ullbwp30p140tt0p9v25c
  dual_port_bram_16x32_write_first_2463
                     ZeroWireload          tcbn22ullbwp30p140tt0p9v25c
  dual_port_bram_16x32_write_first_2462
                     ZeroWireload          tcbn22ullbwp30p140tt0p9v25c
  dual_port_bram_16x32_write_first_2461
                     ZeroWireload          tcbn22ullbwp30p140tt0p9v25c
  dual_port_bram_16x32_write_first_2460
                     ZeroWireload          tcbn22ullbwp30p140tt0p9v25c
  dual_port_bram_16x32_write_first_2459
                     ZeroWireload          tcbn22ullbwp30p140tt0p9v25c
  dual_port_bram_16x32_write_first_2458
                     ZeroWireload          tcbn22ullbwp30p140tt0p9v25c
  dual_port_bram_16x32_write_first_2457
                     ZeroWireload          tcbn22ullbwp30p140tt0p9v25c
  dual_port_bram_16x32_write_first_2456
                     ZeroWireload          tcbn22ullbwp30p140tt0p9v25c
  dual_port_bram_16x32_write_first_2455
                     ZeroWireload          tcbn22ullbwp30p140tt0p9v25c
  dual_port_bram_16x32_write_first_2454
                     ZeroWireload          tcbn22ullbwp30p140tt0p9v25c
  dual_port_bram_16x32_write_first_2453
                     ZeroWireload          tcbn22ullbwp30p140tt0p9v25c
  dual_port_bram_16x32_write_first_2452
                     ZeroWireload          tcbn22ullbwp30p140tt0p9v25c
  dual_port_bram_16x32_write_first_2451
                     ZeroWireload          tcbn22ullbwp30p140tt0p9v25c
  dual_port_bram_16x32_write_first_2450
                     ZeroWireload          tcbn22ullbwp30p140tt0p9v25c
  dual_port_bram_16x32_write_first_2449
                     ZeroWireload          tcbn22ullbwp30p140tt0p9v25c
  dual_port_bram_16x32_write_first_2448
                     ZeroWireload          tcbn22ullbwp30p140tt0p9v25c
  dual_port_bram_16x32_write_first_2447
                     ZeroWireload          tcbn22ullbwp30p140tt0p9v25c
  dual_port_bram_16x32_write_first_2446
                     ZeroWireload          tcbn22ullbwp30p140tt0p9v25c
  dual_port_bram_16x32_write_first_2445
                     ZeroWireload          tcbn22ullbwp30p140tt0p9v25c
  dual_port_bram_16x32_write_first_2444
                     ZeroWireload          tcbn22ullbwp30p140tt0p9v25c
  dual_port_bram_16x32_write_first_2443
                     ZeroWireload          tcbn22ullbwp30p140tt0p9v25c
  dual_port_bram_16x32_write_first_2442
                     ZeroWireload          tcbn22ullbwp30p140tt0p9v25c
  dual_port_bram_16x32_write_first_2441
                     ZeroWireload          tcbn22ullbwp30p140tt0p9v25c
  dual_port_bram_16x32_write_first_2440
                     ZeroWireload          tcbn22ullbwp30p140tt0p9v25c
  dual_port_bram_16x32_write_first_2439
                     ZeroWireload          tcbn22ullbwp30p140tt0p9v25c
  dual_port_bram_16x32_write_first_2438
                     ZeroWireload          tcbn22ullbwp30p140tt0p9v25c
  dual_port_bram_16x32_write_first_2437
                     ZeroWireload          tcbn22ullbwp30p140tt0p9v25c
  dual_port_bram_16x32_write_first_2436
                     ZeroWireload          tcbn22ullbwp30p140tt0p9v25c
  dual_port_bram_16x32_write_first_2435
                     ZeroWireload          tcbn22ullbwp30p140tt0p9v25c
  dual_port_bram_16x32_write_first_2434
                     ZeroWireload          tcbn22ullbwp30p140tt0p9v25c
  dual_port_bram_16x32_write_first_2433
                     ZeroWireload          tcbn22ullbwp30p140tt0p9v25c
  dual_port_bram_16x32_write_first_2432
                     ZeroWireload          tcbn22ullbwp30p140tt0p9v25c
  dual_port_bram_16x32_write_first_2431
                     ZeroWireload          tcbn22ullbwp30p140tt0p9v25c
  dual_port_bram_16x32_write_first_2430
                     ZeroWireload          tcbn22ullbwp30p140tt0p9v25c
  dual_port_bram_16x32_write_first_2429
                     ZeroWireload          tcbn22ullbwp30p140tt0p9v25c
  dual_port_bram_16x32_write_first_2428
                     ZeroWireload          tcbn22ullbwp30p140tt0p9v25c
  dual_port_bram_16x32_write_first_2427
                     ZeroWireload          tcbn22ullbwp30p140tt0p9v25c
  dual_port_bram_16x32_write_first_2426
                     ZeroWireload          tcbn22ullbwp30p140tt0p9v25c
  dual_port_bram_16x32_write_first_2425
                     ZeroWireload          tcbn22ullbwp30p140tt0p9v25c
  dual_port_bram_16x32_write_first_2424
                     ZeroWireload          tcbn22ullbwp30p140tt0p9v25c
  dual_port_bram_16x32_write_first_2423
                     ZeroWireload          tcbn22ullbwp30p140tt0p9v25c
  dual_port_bram_16x32_write_first_2422
                     ZeroWireload          tcbn22ullbwp30p140tt0p9v25c
  dual_port_bram_16x32_write_first_2421
                     ZeroWireload          tcbn22ullbwp30p140tt0p9v25c
  dual_port_bram_16x32_write_first_2420
                     ZeroWireload          tcbn22ullbwp30p140tt0p9v25c
  dual_port_bram_16x32_write_first_2419
                     ZeroWireload          tcbn22ullbwp30p140tt0p9v25c
  dual_port_bram_16x32_write_first_2418
                     ZeroWireload          tcbn22ullbwp30p140tt0p9v25c
  dual_port_bram_16x32_write_first_2417
                     ZeroWireload          tcbn22ullbwp30p140tt0p9v25c
  dual_port_bram_16x32_write_first_2416
                     ZeroWireload          tcbn22ullbwp30p140tt0p9v25c
  dual_port_bram_16x32_write_first_2415
                     ZeroWireload          tcbn22ullbwp30p140tt0p9v25c
  dual_port_bram_16x32_write_first_2414
                     ZeroWireload          tcbn22ullbwp30p140tt0p9v25c
  dual_port_bram_16x32_write_first_2413
                     ZeroWireload          tcbn22ullbwp30p140tt0p9v25c
  dual_port_bram_16x32_write_first_2412
                     ZeroWireload          tcbn22ullbwp30p140tt0p9v25c
  dual_port_bram_16x32_write_first_2411
                     ZeroWireload          tcbn22ullbwp30p140tt0p9v25c
  dual_port_bram_16x32_write_first_2410
                     ZeroWireload          tcbn22ullbwp30p140tt0p9v25c
  dual_port_bram_16x32_write_first_2409
                     ZeroWireload          tcbn22ullbwp30p140tt0p9v25c
  dual_port_bram_16x32_write_first_2408
                     ZeroWireload          tcbn22ullbwp30p140tt0p9v25c
  dual_port_bram_16x32_write_first_2407
                     ZeroWireload          tcbn22ullbwp30p140tt0p9v25c
  dual_port_bram_16x32_write_first_2406
                     ZeroWireload          tcbn22ullbwp30p140tt0p9v25c
  dual_port_bram_16x32_write_first_2405
                     ZeroWireload          tcbn22ullbwp30p140tt0p9v25c
  dual_port_bram_16x32_write_first_2404
                     ZeroWireload          tcbn22ullbwp30p140tt0p9v25c
  dual_port_bram_16x32_write_first_2403
                     ZeroWireload          tcbn22ullbwp30p140tt0p9v25c
  dual_port_bram_16x32_write_first_2402
                     ZeroWireload          tcbn22ullbwp30p140tt0p9v25c
  dual_port_bram_16x32_write_first_2401
                     ZeroWireload          tcbn22ullbwp30p140tt0p9v25c
  dual_port_bram_16x32_write_first_2400
                     ZeroWireload          tcbn22ullbwp30p140tt0p9v25c
  dual_port_bram_16x32_write_first_2399
                     ZeroWireload          tcbn22ullbwp30p140tt0p9v25c
  dual_port_bram_16x32_write_first_2398
                     ZeroWireload          tcbn22ullbwp30p140tt0p9v25c
  dual_port_bram_16x32_write_first_2397
                     ZeroWireload          tcbn22ullbwp30p140tt0p9v25c
  dual_port_bram_16x32_write_first_2396
                     ZeroWireload          tcbn22ullbwp30p140tt0p9v25c
  dual_port_bram_16x32_write_first_2395
                     ZeroWireload          tcbn22ullbwp30p140tt0p9v25c
  dual_port_bram_16x32_write_first_2394
                     ZeroWireload          tcbn22ullbwp30p140tt0p9v25c
  dual_port_bram_16x32_write_first_2393
                     ZeroWireload          tcbn22ullbwp30p140tt0p9v25c
  dual_port_bram_16x32_write_first_2392
                     ZeroWireload          tcbn22ullbwp30p140tt0p9v25c
  dual_port_bram_16x32_write_first_2391
                     ZeroWireload          tcbn22ullbwp30p140tt0p9v25c
  dual_port_bram_16x32_write_first_2390
                     ZeroWireload          tcbn22ullbwp30p140tt0p9v25c
  dual_port_bram_16x32_write_first_2389
                     ZeroWireload          tcbn22ullbwp30p140tt0p9v25c
  dual_port_bram_16x32_write_first_2388
                     ZeroWireload          tcbn22ullbwp30p140tt0p9v25c
  dual_port_bram_16x32_write_first_2387
                     ZeroWireload          tcbn22ullbwp30p140tt0p9v25c
  dual_port_bram_16x32_write_first_2386
                     ZeroWireload          tcbn22ullbwp30p140tt0p9v25c
  dual_port_bram_16x32_write_first_2385
                     ZeroWireload          tcbn22ullbwp30p140tt0p9v25c
  dual_port_bram_16x32_write_first_2384
                     ZeroWireload          tcbn22ullbwp30p140tt0p9v25c
  dual_port_bram_16x32_write_first_2383
                     ZeroWireload          tcbn22ullbwp30p140tt0p9v25c
  dual_port_bram_16x32_write_first_2382
                     ZeroWireload          tcbn22ullbwp30p140tt0p9v25c
  dual_port_bram_16x32_write_first_2381
                     ZeroWireload          tcbn22ullbwp30p140tt0p9v25c
  dual_port_bram_16x32_write_first_2380
                     ZeroWireload          tcbn22ullbwp30p140tt0p9v25c
  dual_port_bram_16x32_write_first_2379
                     ZeroWireload          tcbn22ullbwp30p140tt0p9v25c
  dual_port_bram_16x32_write_first_2378
                     ZeroWireload          tcbn22ullbwp30p140tt0p9v25c
  dual_port_bram_16x32_write_first_2377
                     ZeroWireload          tcbn22ullbwp30p140tt0p9v25c
  dual_port_bram_16x32_write_first_2376
                     ZeroWireload          tcbn22ullbwp30p140tt0p9v25c
  dual_port_bram_16x32_write_first_2375
                     ZeroWireload          tcbn22ullbwp30p140tt0p9v25c
  dual_port_bram_16x32_write_first_2374
                     ZeroWireload          tcbn22ullbwp30p140tt0p9v25c
  dual_port_bram_16x32_write_first_2373
                     ZeroWireload          tcbn22ullbwp30p140tt0p9v25c
  dual_port_bram_16x32_write_first_2372
                     ZeroWireload          tcbn22ullbwp30p140tt0p9v25c
  dual_port_bram_16x32_write_first_2371
                     ZeroWireload          tcbn22ullbwp30p140tt0p9v25c
  dual_port_bram_16x32_write_first_2370
                     ZeroWireload          tcbn22ullbwp30p140tt0p9v25c
  dual_port_bram_16x32_write_first_2369
                     ZeroWireload          tcbn22ullbwp30p140tt0p9v25c
  dual_port_bram_16x32_write_first_2368
                     ZeroWireload          tcbn22ullbwp30p140tt0p9v25c
  dual_port_bram_16x32_write_first_2367
                     ZeroWireload          tcbn22ullbwp30p140tt0p9v25c
  dual_port_bram_16x32_write_first_2366
                     ZeroWireload          tcbn22ullbwp30p140tt0p9v25c
  dual_port_bram_16x32_write_first_2365
                     ZeroWireload          tcbn22ullbwp30p140tt0p9v25c
  dual_port_bram_16x32_write_first_2364
                     ZeroWireload          tcbn22ullbwp30p140tt0p9v25c
  dual_port_bram_16x32_write_first_2363
                     ZeroWireload          tcbn22ullbwp30p140tt0p9v25c
  dual_port_bram_16x32_write_first_2362
                     ZeroWireload          tcbn22ullbwp30p140tt0p9v25c
  dual_port_bram_16x32_write_first_2361
                     ZeroWireload          tcbn22ullbwp30p140tt0p9v25c
  dual_port_bram_16x32_write_first_2360
                     ZeroWireload          tcbn22ullbwp30p140tt0p9v25c
  dual_port_bram_16x32_write_first_2359
                     ZeroWireload          tcbn22ullbwp30p140tt0p9v25c
  dual_port_bram_16x32_write_first_2358
                     ZeroWireload          tcbn22ullbwp30p140tt0p9v25c
  dual_port_bram_16x32_write_first_2357
                     ZeroWireload          tcbn22ullbwp30p140tt0p9v25c
  dual_port_bram_16x32_write_first_2356
                     ZeroWireload          tcbn22ullbwp30p140tt0p9v25c
  dual_port_bram_16x32_write_first_2355
                     ZeroWireload          tcbn22ullbwp30p140tt0p9v25c
  dual_port_bram_16x32_write_first_2354
                     ZeroWireload          tcbn22ullbwp30p140tt0p9v25c
  dual_port_bram_16x32_write_first_2353
                     ZeroWireload          tcbn22ullbwp30p140tt0p9v25c
  dual_port_bram_16x32_write_first_2352
                     ZeroWireload          tcbn22ullbwp30p140tt0p9v25c
  dual_port_bram_16x32_write_first_2351
                     ZeroWireload          tcbn22ullbwp30p140tt0p9v25c
  dual_port_bram_16x32_write_first_2350
                     ZeroWireload          tcbn22ullbwp30p140tt0p9v25c
  dual_port_bram_16x32_write_first_2349
                     ZeroWireload          tcbn22ullbwp30p140tt0p9v25c
  dual_port_bram_16x32_write_first_2348
                     ZeroWireload          tcbn22ullbwp30p140tt0p9v25c
  dual_port_bram_16x32_write_first_2347
                     ZeroWireload          tcbn22ullbwp30p140tt0p9v25c
  dual_port_bram_16x32_write_first_2346
                     ZeroWireload          tcbn22ullbwp30p140tt0p9v25c
  dual_port_bram_16x32_write_first_2345
                     ZeroWireload          tcbn22ullbwp30p140tt0p9v25c
  dual_port_bram_16x32_write_first_2344
                     ZeroWireload          tcbn22ullbwp30p140tt0p9v25c
  dual_port_bram_16x32_write_first_2343
                     ZeroWireload          tcbn22ullbwp30p140tt0p9v25c
  dual_port_bram_16x32_write_first_2342
                     ZeroWireload          tcbn22ullbwp30p140tt0p9v25c
  dual_port_bram_16x32_write_first_2341
                     ZeroWireload          tcbn22ullbwp30p140tt0p9v25c
  dual_port_bram_16x32_write_first_2340
                     ZeroWireload          tcbn22ullbwp30p140tt0p9v25c
  dual_port_bram_16x32_write_first_2339
                     ZeroWireload          tcbn22ullbwp30p140tt0p9v25c
  dual_port_bram_16x32_write_first_2338
                     ZeroWireload          tcbn22ullbwp30p140tt0p9v25c
  dual_port_bram_16x32_write_first_2337
                     ZeroWireload          tcbn22ullbwp30p140tt0p9v25c
  dual_port_bram_16x32_write_first_2336
                     ZeroWireload          tcbn22ullbwp30p140tt0p9v25c
  dual_port_bram_16x32_write_first_2335
                     ZeroWireload          tcbn22ullbwp30p140tt0p9v25c
  dual_port_bram_16x32_write_first_2334
                     ZeroWireload          tcbn22ullbwp30p140tt0p9v25c
  dual_port_bram_16x32_write_first_2333
                     ZeroWireload          tcbn22ullbwp30p140tt0p9v25c
  dual_port_bram_16x32_write_first_2332
                     ZeroWireload          tcbn22ullbwp30p140tt0p9v25c
  dual_port_bram_16x32_write_first_2331
                     ZeroWireload          tcbn22ullbwp30p140tt0p9v25c
  dual_port_bram_16x32_write_first_2330
                     ZeroWireload          tcbn22ullbwp30p140tt0p9v25c
  dual_port_bram_16x32_write_first_2329
                     ZeroWireload          tcbn22ullbwp30p140tt0p9v25c
  dual_port_bram_16x32_write_first_2328
                     ZeroWireload          tcbn22ullbwp30p140tt0p9v25c
  dual_port_bram_16x32_write_first_2327
                     ZeroWireload          tcbn22ullbwp30p140tt0p9v25c
  dual_port_bram_16x32_write_first_2326
                     ZeroWireload          tcbn22ullbwp30p140tt0p9v25c
  dual_port_bram_16x32_write_first_2325
                     ZeroWireload          tcbn22ullbwp30p140tt0p9v25c
  dual_port_bram_16x32_write_first_2324
                     ZeroWireload          tcbn22ullbwp30p140tt0p9v25c
  dual_port_bram_16x32_write_first_2323
                     ZeroWireload          tcbn22ullbwp30p140tt0p9v25c
  dual_port_bram_16x32_write_first_2322
                     ZeroWireload          tcbn22ullbwp30p140tt0p9v25c
  dual_port_bram_16x32_write_first_2321
                     ZeroWireload          tcbn22ullbwp30p140tt0p9v25c
  dual_port_bram_16x32_write_first_2320
                     ZeroWireload          tcbn22ullbwp30p140tt0p9v25c
  dual_port_bram_16x32_write_first_2319
                     ZeroWireload          tcbn22ullbwp30p140tt0p9v25c
  dual_port_bram_16x32_write_first_2318
                     ZeroWireload          tcbn22ullbwp30p140tt0p9v25c
  dual_port_bram_16x32_write_first_2317
                     ZeroWireload          tcbn22ullbwp30p140tt0p9v25c
  dual_port_bram_16x32_write_first_2316
                     ZeroWireload          tcbn22ullbwp30p140tt0p9v25c
  dual_port_bram_16x32_write_first_2315
                     ZeroWireload          tcbn22ullbwp30p140tt0p9v25c
  dual_port_bram_16x32_write_first_2314
                     ZeroWireload          tcbn22ullbwp30p140tt0p9v25c
  dual_port_bram_16x32_write_first_2313
                     ZeroWireload          tcbn22ullbwp30p140tt0p9v25c
  dual_port_bram_16x32_write_first_2312
                     ZeroWireload          tcbn22ullbwp30p140tt0p9v25c
  dual_port_bram_16x32_write_first_2311
                     ZeroWireload          tcbn22ullbwp30p140tt0p9v25c
  dual_port_bram_16x32_write_first_2310
                     ZeroWireload          tcbn22ullbwp30p140tt0p9v25c
  dual_port_bram_16x32_write_first_2309
                     ZeroWireload          tcbn22ullbwp30p140tt0p9v25c
  dual_port_bram_16x32_write_first_2308
                     ZeroWireload          tcbn22ullbwp30p140tt0p9v25c
  dual_port_bram_16x32_write_first_2307
                     ZeroWireload          tcbn22ullbwp30p140tt0p9v25c
  dual_port_bram_16x32_write_first_2306
                     ZeroWireload          tcbn22ullbwp30p140tt0p9v25c
  dual_port_bram_16x32_write_first_2305
                     ZeroWireload          tcbn22ullbwp30p140tt0p9v25c
  dual_port_bram_16x32_write_first_2304
                     ZeroWireload          tcbn22ullbwp30p140tt0p9v25c
  dual_port_bram_16x32_write_first_2303
                     ZeroWireload          tcbn22ullbwp30p140tt0p9v25c
  dual_port_bram_16x32_write_first_2302
                     ZeroWireload          tcbn22ullbwp30p140tt0p9v25c
  dual_port_bram_16x32_write_first_2301
                     ZeroWireload          tcbn22ullbwp30p140tt0p9v25c
  dual_port_bram_16x32_write_first_2300
                     ZeroWireload          tcbn22ullbwp30p140tt0p9v25c
  dual_port_bram_16x32_write_first_2299
                     ZeroWireload          tcbn22ullbwp30p140tt0p9v25c
  dual_port_bram_16x32_write_first_2298
                     ZeroWireload          tcbn22ullbwp30p140tt0p9v25c
  dual_port_bram_16x32_write_first_2297
                     ZeroWireload          tcbn22ullbwp30p140tt0p9v25c
  dual_port_bram_16x32_write_first_2296
                     ZeroWireload          tcbn22ullbwp30p140tt0p9v25c
  dual_port_bram_16x32_write_first_2295
                     ZeroWireload          tcbn22ullbwp30p140tt0p9v25c
  dual_port_bram_16x32_write_first_2294
                     ZeroWireload          tcbn22ullbwp30p140tt0p9v25c
  dual_port_bram_16x32_write_first_2293
                     ZeroWireload          tcbn22ullbwp30p140tt0p9v25c
  dual_port_bram_16x32_write_first_2292
                     ZeroWireload          tcbn22ullbwp30p140tt0p9v25c
  dual_port_bram_16x32_write_first_2291
                     ZeroWireload          tcbn22ullbwp30p140tt0p9v25c
  dual_port_bram_16x32_write_first_2290
                     ZeroWireload          tcbn22ullbwp30p140tt0p9v25c
  dual_port_bram_16x32_write_first_2289
                     ZeroWireload          tcbn22ullbwp30p140tt0p9v25c
  dual_port_bram_16x32_write_first_2288
                     ZeroWireload          tcbn22ullbwp30p140tt0p9v25c
  dual_port_bram_16x32_write_first_2287
                     ZeroWireload          tcbn22ullbwp30p140tt0p9v25c
  dual_port_bram_16x32_write_first_2286
                     ZeroWireload          tcbn22ullbwp30p140tt0p9v25c
  dual_port_bram_16x32_write_first_2285
                     ZeroWireload          tcbn22ullbwp30p140tt0p9v25c
  dual_port_bram_16x32_write_first_2284
                     ZeroWireload          tcbn22ullbwp30p140tt0p9v25c
  dual_port_bram_16x32_write_first_2283
                     ZeroWireload          tcbn22ullbwp30p140tt0p9v25c
  dual_port_bram_16x32_write_first_2282
                     ZeroWireload          tcbn22ullbwp30p140tt0p9v25c
  dual_port_bram_16x32_write_first_2281
                     ZeroWireload          tcbn22ullbwp30p140tt0p9v25c
  dual_port_bram_16x32_write_first_2280
                     ZeroWireload          tcbn22ullbwp30p140tt0p9v25c
  dual_port_bram_16x32_write_first_2279
                     ZeroWireload          tcbn22ullbwp30p140tt0p9v25c
  dual_port_bram_16x32_write_first_2278
                     ZeroWireload          tcbn22ullbwp30p140tt0p9v25c
  dual_port_bram_16x32_write_first_2277
                     ZeroWireload          tcbn22ullbwp30p140tt0p9v25c
  dual_port_bram_16x32_write_first_2276
                     ZeroWireload          tcbn22ullbwp30p140tt0p9v25c
  dual_port_bram_16x32_write_first_2275
                     ZeroWireload          tcbn22ullbwp30p140tt0p9v25c
  dual_port_bram_16x32_write_first_2274
                     ZeroWireload          tcbn22ullbwp30p140tt0p9v25c
  dual_port_bram_16x32_write_first_2273
                     ZeroWireload          tcbn22ullbwp30p140tt0p9v25c
  dual_port_bram_16x32_write_first_2272
                     ZeroWireload          tcbn22ullbwp30p140tt0p9v25c
  dual_port_bram_16x32_write_first_2271
                     ZeroWireload          tcbn22ullbwp30p140tt0p9v25c
  dual_port_bram_16x32_write_first_2270
                     ZeroWireload          tcbn22ullbwp30p140tt0p9v25c
  dual_port_bram_16x32_write_first_2269
                     ZeroWireload          tcbn22ullbwp30p140tt0p9v25c
  dual_port_bram_16x32_write_first_2268
                     ZeroWireload          tcbn22ullbwp30p140tt0p9v25c
  dual_port_bram_16x32_write_first_2267
                     ZeroWireload          tcbn22ullbwp30p140tt0p9v25c
  dual_port_bram_16x32_write_first_2266
                     ZeroWireload          tcbn22ullbwp30p140tt0p9v25c
  dual_port_bram_16x32_write_first_2265
                     ZeroWireload          tcbn22ullbwp30p140tt0p9v25c
  dual_port_bram_16x32_write_first_2264
                     ZeroWireload          tcbn22ullbwp30p140tt0p9v25c
  dual_port_bram_16x32_write_first_2263
                     ZeroWireload          tcbn22ullbwp30p140tt0p9v25c
  dual_port_bram_16x32_write_first_2262
                     ZeroWireload          tcbn22ullbwp30p140tt0p9v25c
  dual_port_bram_16x32_write_first_2261
                     ZeroWireload          tcbn22ullbwp30p140tt0p9v25c
  dual_port_bram_16x32_write_first_2260
                     ZeroWireload          tcbn22ullbwp30p140tt0p9v25c
  dual_port_bram_16x32_write_first_2259
                     ZeroWireload          tcbn22ullbwp30p140tt0p9v25c
  dual_port_bram_16x32_write_first_2258
                     ZeroWireload          tcbn22ullbwp30p140tt0p9v25c
  dual_port_bram_16x32_write_first_2257
                     ZeroWireload          tcbn22ullbwp30p140tt0p9v25c
  dual_port_bram_16x32_write_first_2256
                     ZeroWireload          tcbn22ullbwp30p140tt0p9v25c
  dual_port_bram_16x32_write_first_2255
                     ZeroWireload          tcbn22ullbwp30p140tt0p9v25c
  dual_port_bram_16x32_write_first_2254
                     ZeroWireload          tcbn22ullbwp30p140tt0p9v25c
  dual_port_bram_16x32_write_first_2253
                     ZeroWireload          tcbn22ullbwp30p140tt0p9v25c
  dual_port_bram_16x32_write_first_2252
                     ZeroWireload          tcbn22ullbwp30p140tt0p9v25c
  dual_port_bram_16x32_write_first_2251
                     ZeroWireload          tcbn22ullbwp30p140tt0p9v25c
  dual_port_bram_16x32_write_first_2250
                     ZeroWireload          tcbn22ullbwp30p140tt0p9v25c
  dual_port_bram_16x32_write_first_2249
                     ZeroWireload          tcbn22ullbwp30p140tt0p9v25c
  dual_port_bram_16x32_write_first_2248
                     ZeroWireload          tcbn22ullbwp30p140tt0p9v25c
  dual_port_bram_16x32_write_first_2247
                     ZeroWireload          tcbn22ullbwp30p140tt0p9v25c
  dual_port_bram_16x32_write_first_2246
                     ZeroWireload          tcbn22ullbwp30p140tt0p9v25c
  dual_port_bram_16x32_write_first_2245
                     ZeroWireload          tcbn22ullbwp30p140tt0p9v25c
  dual_port_bram_16x32_write_first_2244
                     ZeroWireload          tcbn22ullbwp30p140tt0p9v25c
  dual_port_bram_16x32_write_first_2243
                     ZeroWireload          tcbn22ullbwp30p140tt0p9v25c
  dual_port_bram_16x32_write_first_2242
                     ZeroWireload          tcbn22ullbwp30p140tt0p9v25c
  dual_port_bram_16x32_write_first_2241
                     ZeroWireload          tcbn22ullbwp30p140tt0p9v25c
  dual_port_bram_16x32_write_first_2240
                     ZeroWireload          tcbn22ullbwp30p140tt0p9v25c
  dual_port_bram_16x32_write_first_2239
                     ZeroWireload          tcbn22ullbwp30p140tt0p9v25c
  dual_port_bram_16x32_write_first_2238
                     ZeroWireload          tcbn22ullbwp30p140tt0p9v25c
  dual_port_bram_16x32_write_first_2237
                     ZeroWireload          tcbn22ullbwp30p140tt0p9v25c
  dual_port_bram_16x32_write_first_2236
                     ZeroWireload          tcbn22ullbwp30p140tt0p9v25c
  dual_port_bram_16x32_write_first_2235
                     ZeroWireload          tcbn22ullbwp30p140tt0p9v25c
  dual_port_bram_16x32_write_first_2234
                     ZeroWireload          tcbn22ullbwp30p140tt0p9v25c
  dual_port_bram_16x32_write_first_2233
                     ZeroWireload          tcbn22ullbwp30p140tt0p9v25c
  dual_port_bram_16x32_write_first_2232
                     ZeroWireload          tcbn22ullbwp30p140tt0p9v25c
  dual_port_bram_16x32_write_first_2231
                     ZeroWireload          tcbn22ullbwp30p140tt0p9v25c
  dual_port_bram_16x32_write_first_2230
                     ZeroWireload          tcbn22ullbwp30p140tt0p9v25c
  dual_port_bram_16x32_write_first_2229
                     ZeroWireload          tcbn22ullbwp30p140tt0p9v25c
  dual_port_bram_16x32_write_first_2228
                     ZeroWireload          tcbn22ullbwp30p140tt0p9v25c
  dual_port_bram_16x32_write_first_2227
                     ZeroWireload          tcbn22ullbwp30p140tt0p9v25c
  dual_port_bram_16x32_write_first_2226
                     ZeroWireload          tcbn22ullbwp30p140tt0p9v25c
  dual_port_bram_16x32_write_first_2225
                     ZeroWireload          tcbn22ullbwp30p140tt0p9v25c
  dual_port_bram_16x32_write_first_2224
                     ZeroWireload          tcbn22ullbwp30p140tt0p9v25c
  dual_port_bram_16x32_write_first_2223
                     ZeroWireload          tcbn22ullbwp30p140tt0p9v25c
  dual_port_bram_16x32_write_first_2222
                     ZeroWireload          tcbn22ullbwp30p140tt0p9v25c
  dual_port_bram_16x32_write_first_2221
                     ZeroWireload          tcbn22ullbwp30p140tt0p9v25c
  dual_port_bram_16x32_write_first_2220
                     ZeroWireload          tcbn22ullbwp30p140tt0p9v25c
  dual_port_bram_16x32_write_first_2219
                     ZeroWireload          tcbn22ullbwp30p140tt0p9v25c
  dual_port_bram_16x32_write_first_2218
                     ZeroWireload          tcbn22ullbwp30p140tt0p9v25c
  dual_port_bram_16x32_write_first_2217
                     ZeroWireload          tcbn22ullbwp30p140tt0p9v25c
  dual_port_bram_16x32_write_first_2216
                     ZeroWireload          tcbn22ullbwp30p140tt0p9v25c
  dual_port_bram_16x32_write_first_2215
                     ZeroWireload          tcbn22ullbwp30p140tt0p9v25c
  dual_port_bram_16x32_write_first_2214
                     ZeroWireload          tcbn22ullbwp30p140tt0p9v25c
  dual_port_bram_16x32_write_first_2213
                     ZeroWireload          tcbn22ullbwp30p140tt0p9v25c
  dual_port_bram_16x32_write_first_2212
                     ZeroWireload          tcbn22ullbwp30p140tt0p9v25c
  dual_port_bram_16x32_write_first_2211
                     ZeroWireload          tcbn22ullbwp30p140tt0p9v25c
  dual_port_bram_16x32_write_first_2210
                     ZeroWireload          tcbn22ullbwp30p140tt0p9v25c
  dual_port_bram_16x32_write_first_2209
                     ZeroWireload          tcbn22ullbwp30p140tt0p9v25c
  dual_port_bram_16x32_write_first_2208
                     ZeroWireload          tcbn22ullbwp30p140tt0p9v25c
  dual_port_bram_16x32_write_first_2207
                     ZeroWireload          tcbn22ullbwp30p140tt0p9v25c
  dual_port_bram_16x32_write_first_2206
                     ZeroWireload          tcbn22ullbwp30p140tt0p9v25c
  dual_port_bram_16x32_write_first_2205
                     ZeroWireload          tcbn22ullbwp30p140tt0p9v25c
  dual_port_bram_16x32_write_first_2204
                     ZeroWireload          tcbn22ullbwp30p140tt0p9v25c
  dual_port_bram_16x32_write_first_2203
                     ZeroWireload          tcbn22ullbwp30p140tt0p9v25c
  dual_port_bram_16x32_write_first_2202
                     ZeroWireload          tcbn22ullbwp30p140tt0p9v25c
  dual_port_bram_16x32_write_first_2201
                     ZeroWireload          tcbn22ullbwp30p140tt0p9v25c
  dual_port_bram_16x32_write_first_2200
                     ZeroWireload          tcbn22ullbwp30p140tt0p9v25c
  dual_port_bram_16x32_write_first_2199
                     ZeroWireload          tcbn22ullbwp30p140tt0p9v25c
  dual_port_bram_16x32_write_first_2198
                     ZeroWireload          tcbn22ullbwp30p140tt0p9v25c
  dual_port_bram_16x32_write_first_2197
                     ZeroWireload          tcbn22ullbwp30p140tt0p9v25c
  dual_port_bram_16x32_write_first_2196
                     ZeroWireload          tcbn22ullbwp30p140tt0p9v25c
  dual_port_bram_16x32_write_first_2195
                     ZeroWireload          tcbn22ullbwp30p140tt0p9v25c
  dual_port_bram_16x32_write_first_2194
                     ZeroWireload          tcbn22ullbwp30p140tt0p9v25c
  dual_port_bram_16x32_write_first_2193
                     ZeroWireload          tcbn22ullbwp30p140tt0p9v25c
  dual_port_bram_16x32_write_first_2192
                     ZeroWireload          tcbn22ullbwp30p140tt0p9v25c
  dual_port_bram_16x32_write_first_2191
                     ZeroWireload          tcbn22ullbwp30p140tt0p9v25c
  dual_port_bram_16x32_write_first_2190
                     ZeroWireload          tcbn22ullbwp30p140tt0p9v25c
  dual_port_bram_16x32_write_first_2189
                     ZeroWireload          tcbn22ullbwp30p140tt0p9v25c
  dual_port_bram_16x32_write_first_2188
                     ZeroWireload          tcbn22ullbwp30p140tt0p9v25c
  dual_port_bram_16x32_write_first_2187
                     ZeroWireload          tcbn22ullbwp30p140tt0p9v25c
  dual_port_bram_16x32_write_first_2186
                     ZeroWireload          tcbn22ullbwp30p140tt0p9v25c
  dual_port_bram_16x32_write_first_2185
                     ZeroWireload          tcbn22ullbwp30p140tt0p9v25c
  dual_port_bram_16x32_write_first_2184
                     ZeroWireload          tcbn22ullbwp30p140tt0p9v25c
  dual_port_bram_16x32_write_first_2183
                     ZeroWireload          tcbn22ullbwp30p140tt0p9v25c
  dual_port_bram_16x32_write_first_2182
                     ZeroWireload          tcbn22ullbwp30p140tt0p9v25c
  dual_port_bram_16x32_write_first_2181
                     ZeroWireload          tcbn22ullbwp30p140tt0p9v25c
  dual_port_bram_16x32_write_first_2180
                     ZeroWireload          tcbn22ullbwp30p140tt0p9v25c
  dual_port_bram_16x32_write_first_2179
                     ZeroWireload          tcbn22ullbwp30p140tt0p9v25c
  dual_port_bram_16x32_write_first_2178
                     ZeroWireload          tcbn22ullbwp30p140tt0p9v25c
  dual_port_bram_16x32_write_first_2177
                     ZeroWireload          tcbn22ullbwp30p140tt0p9v25c
  dual_port_bram_16x32_write_first_2176
                     ZeroWireload          tcbn22ullbwp30p140tt0p9v25c
  dual_port_bram_16x32_write_first_2175
                     ZeroWireload          tcbn22ullbwp30p140tt0p9v25c
  dual_port_bram_16x32_write_first_2174
                     ZeroWireload          tcbn22ullbwp30p140tt0p9v25c
  dual_port_bram_16x32_write_first_2173
                     ZeroWireload          tcbn22ullbwp30p140tt0p9v25c
  dual_port_bram_16x32_write_first_2172
                     ZeroWireload          tcbn22ullbwp30p140tt0p9v25c
  dual_port_bram_16x32_write_first_2171
                     ZeroWireload          tcbn22ullbwp30p140tt0p9v25c
  dual_port_bram_16x32_write_first_2170
                     ZeroWireload          tcbn22ullbwp30p140tt0p9v25c
  dual_port_bram_16x32_write_first_2169
                     ZeroWireload          tcbn22ullbwp30p140tt0p9v25c
  dual_port_bram_16x32_write_first_2168
                     ZeroWireload          tcbn22ullbwp30p140tt0p9v25c
  dual_port_bram_16x32_write_first_2167
                     ZeroWireload          tcbn22ullbwp30p140tt0p9v25c
  dual_port_bram_16x32_write_first_2166
                     ZeroWireload          tcbn22ullbwp30p140tt0p9v25c
  dual_port_bram_16x32_write_first_2165
                     ZeroWireload          tcbn22ullbwp30p140tt0p9v25c
  dual_port_bram_16x32_write_first_2164
                     ZeroWireload          tcbn22ullbwp30p140tt0p9v25c
  dual_port_bram_16x32_write_first_2163
                     ZeroWireload          tcbn22ullbwp30p140tt0p9v25c
  dual_port_bram_16x32_write_first_2162
                     ZeroWireload          tcbn22ullbwp30p140tt0p9v25c
  dual_port_bram_16x32_write_first_2161
                     ZeroWireload          tcbn22ullbwp30p140tt0p9v25c
  dual_port_bram_16x32_write_first_2160
                     ZeroWireload          tcbn22ullbwp30p140tt0p9v25c
  dual_port_bram_16x32_write_first_2159
                     ZeroWireload          tcbn22ullbwp30p140tt0p9v25c
  dual_port_bram_16x32_write_first_2158
                     ZeroWireload          tcbn22ullbwp30p140tt0p9v25c
  dual_port_bram_16x32_write_first_2157
                     ZeroWireload          tcbn22ullbwp30p140tt0p9v25c
  dual_port_bram_16x32_write_first_2156
                     ZeroWireload          tcbn22ullbwp30p140tt0p9v25c
  dual_port_bram_16x32_write_first_2155
                     ZeroWireload          tcbn22ullbwp30p140tt0p9v25c
  dual_port_bram_16x32_write_first_2154
                     ZeroWireload          tcbn22ullbwp30p140tt0p9v25c
  dual_port_bram_16x32_write_first_2153
                     ZeroWireload          tcbn22ullbwp30p140tt0p9v25c
  dual_port_bram_16x32_write_first_2152
                     ZeroWireload          tcbn22ullbwp30p140tt0p9v25c
  dual_port_bram_16x32_write_first_2151
                     ZeroWireload          tcbn22ullbwp30p140tt0p9v25c
  dual_port_bram_16x32_write_first_2150
                     ZeroWireload          tcbn22ullbwp30p140tt0p9v25c
  dual_port_bram_16x32_write_first_2149
                     ZeroWireload          tcbn22ullbwp30p140tt0p9v25c
  dual_port_bram_16x32_write_first_2148
                     ZeroWireload          tcbn22ullbwp30p140tt0p9v25c
  dual_port_bram_16x32_write_first_2147
                     ZeroWireload          tcbn22ullbwp30p140tt0p9v25c
  dual_port_bram_16x32_write_first_2146
                     ZeroWireload          tcbn22ullbwp30p140tt0p9v25c
  dual_port_bram_16x32_write_first_2145
                     ZeroWireload          tcbn22ullbwp30p140tt0p9v25c
  dual_port_bram_16x32_write_first_2144
                     ZeroWireload          tcbn22ullbwp30p140tt0p9v25c
  dual_port_bram_16x32_write_first_2143
                     ZeroWireload          tcbn22ullbwp30p140tt0p9v25c
  dual_port_bram_16x32_write_first_2142
                     ZeroWireload          tcbn22ullbwp30p140tt0p9v25c
  dual_port_bram_16x32_write_first_2141
                     ZeroWireload          tcbn22ullbwp30p140tt0p9v25c
  dual_port_bram_16x32_write_first_2140
                     ZeroWireload          tcbn22ullbwp30p140tt0p9v25c
  dual_port_bram_16x32_write_first_2139
                     ZeroWireload          tcbn22ullbwp30p140tt0p9v25c
  dual_port_bram_16x32_write_first_2138
                     ZeroWireload          tcbn22ullbwp30p140tt0p9v25c
  dual_port_bram_16x32_write_first_2137
                     ZeroWireload          tcbn22ullbwp30p140tt0p9v25c
  dual_port_bram_16x32_write_first_2136
                     ZeroWireload          tcbn22ullbwp30p140tt0p9v25c
  dual_port_bram_16x32_write_first_2135
                     ZeroWireload          tcbn22ullbwp30p140tt0p9v25c
  dual_port_bram_16x32_write_first_2134
                     ZeroWireload          tcbn22ullbwp30p140tt0p9v25c
  dual_port_bram_16x32_write_first_2133
                     ZeroWireload          tcbn22ullbwp30p140tt0p9v25c
  dual_port_bram_16x32_write_first_2132
                     ZeroWireload          tcbn22ullbwp30p140tt0p9v25c
  dual_port_bram_16x32_write_first_2131
                     ZeroWireload          tcbn22ullbwp30p140tt0p9v25c
  dual_port_bram_16x32_write_first_2130
                     ZeroWireload          tcbn22ullbwp30p140tt0p9v25c
  dual_port_bram_16x32_write_first_2129
                     ZeroWireload          tcbn22ullbwp30p140tt0p9v25c
  dual_port_bram_16x32_write_first_2128
                     ZeroWireload          tcbn22ullbwp30p140tt0p9v25c
  dual_port_bram_16x32_write_first_2127
                     ZeroWireload          tcbn22ullbwp30p140tt0p9v25c
  dual_port_bram_16x32_write_first_2126
                     ZeroWireload          tcbn22ullbwp30p140tt0p9v25c
  dual_port_bram_16x32_write_first_2125
                     ZeroWireload          tcbn22ullbwp30p140tt0p9v25c
  dual_port_bram_16x32_write_first_2124
                     ZeroWireload          tcbn22ullbwp30p140tt0p9v25c
  dual_port_bram_16x32_write_first_2123
                     ZeroWireload          tcbn22ullbwp30p140tt0p9v25c
  dual_port_bram_16x32_write_first_2122
                     ZeroWireload          tcbn22ullbwp30p140tt0p9v25c
  dual_port_bram_16x32_write_first_2121
                     ZeroWireload          tcbn22ullbwp30p140tt0p9v25c
  dual_port_bram_16x32_write_first_2120
                     ZeroWireload          tcbn22ullbwp30p140tt0p9v25c
  dual_port_bram_16x32_write_first_2119
                     ZeroWireload          tcbn22ullbwp30p140tt0p9v25c
  dual_port_bram_16x32_write_first_2118
                     ZeroWireload          tcbn22ullbwp30p140tt0p9v25c
  dual_port_bram_16x32_write_first_2117
                     ZeroWireload          tcbn22ullbwp30p140tt0p9v25c
  dual_port_bram_16x32_write_first_2116
                     ZeroWireload          tcbn22ullbwp30p140tt0p9v25c
  dual_port_bram_16x32_write_first_2115
                     ZeroWireload          tcbn22ullbwp30p140tt0p9v25c
  dual_port_bram_16x32_write_first_2114
                     ZeroWireload          tcbn22ullbwp30p140tt0p9v25c
  dual_port_bram_16x32_write_first_2113
                     ZeroWireload          tcbn22ullbwp30p140tt0p9v25c
  dual_port_bram_16x32_write_first_2112
                     ZeroWireload          tcbn22ullbwp30p140tt0p9v25c
  dual_port_bram_16x32_write_first_2111
                     ZeroWireload          tcbn22ullbwp30p140tt0p9v25c
  dual_port_bram_16x32_write_first_2110
                     ZeroWireload          tcbn22ullbwp30p140tt0p9v25c
  dual_port_bram_16x32_write_first_2109
                     ZeroWireload          tcbn22ullbwp30p140tt0p9v25c
  dual_port_bram_16x32_write_first_2108
                     ZeroWireload          tcbn22ullbwp30p140tt0p9v25c
  dual_port_bram_16x32_write_first_2107
                     ZeroWireload          tcbn22ullbwp30p140tt0p9v25c
  dual_port_bram_16x32_write_first_2106
                     ZeroWireload          tcbn22ullbwp30p140tt0p9v25c
  dual_port_bram_16x32_write_first_2105
                     ZeroWireload          tcbn22ullbwp30p140tt0p9v25c
  dual_port_bram_16x32_write_first_2104
                     ZeroWireload          tcbn22ullbwp30p140tt0p9v25c
  dual_port_bram_16x32_write_first_2103
                     ZeroWireload          tcbn22ullbwp30p140tt0p9v25c
  dual_port_bram_16x32_write_first_2102
                     ZeroWireload          tcbn22ullbwp30p140tt0p9v25c
  dual_port_bram_16x32_write_first_2101
                     ZeroWireload          tcbn22ullbwp30p140tt0p9v25c
  dual_port_bram_16x32_write_first_2100
                     ZeroWireload          tcbn22ullbwp30p140tt0p9v25c
  dual_port_bram_16x32_write_first_2099
                     ZeroWireload          tcbn22ullbwp30p140tt0p9v25c
  dual_port_bram_16x32_write_first_2098
                     ZeroWireload          tcbn22ullbwp30p140tt0p9v25c
  dual_port_bram_16x32_write_first_2097
                     ZeroWireload          tcbn22ullbwp30p140tt0p9v25c
  dual_port_bram_16x32_write_first_2096
                     ZeroWireload          tcbn22ullbwp30p140tt0p9v25c
  dual_port_bram_16x32_write_first_2095
                     ZeroWireload          tcbn22ullbwp30p140tt0p9v25c
  dual_port_bram_16x32_write_first_2094
                     ZeroWireload          tcbn22ullbwp30p140tt0p9v25c
  dual_port_bram_16x32_write_first_2093
                     ZeroWireload          tcbn22ullbwp30p140tt0p9v25c
  dual_port_bram_16x32_write_first_2092
                     ZeroWireload          tcbn22ullbwp30p140tt0p9v25c
  dual_port_bram_16x32_write_first_2091
                     ZeroWireload          tcbn22ullbwp30p140tt0p9v25c
  dual_port_bram_16x32_write_first_2090
                     ZeroWireload          tcbn22ullbwp30p140tt0p9v25c
  dual_port_bram_16x32_write_first_2089
                     ZeroWireload          tcbn22ullbwp30p140tt0p9v25c
  dual_port_bram_16x32_write_first_2088
                     ZeroWireload          tcbn22ullbwp30p140tt0p9v25c
  dual_port_bram_16x32_write_first_2087
                     ZeroWireload          tcbn22ullbwp30p140tt0p9v25c
  dual_port_bram_16x32_write_first_2086
                     ZeroWireload          tcbn22ullbwp30p140tt0p9v25c
  dual_port_bram_16x32_write_first_2085
                     ZeroWireload          tcbn22ullbwp30p140tt0p9v25c
  dual_port_bram_16x32_write_first_2084
                     ZeroWireload          tcbn22ullbwp30p140tt0p9v25c
  dual_port_bram_16x32_write_first_2083
                     ZeroWireload          tcbn22ullbwp30p140tt0p9v25c
  dual_port_bram_16x32_write_first_2082
                     ZeroWireload          tcbn22ullbwp30p140tt0p9v25c
  dual_port_bram_16x32_write_first_2081
                     ZeroWireload          tcbn22ullbwp30p140tt0p9v25c
  dual_port_bram_16x32_write_first_2080
                     ZeroWireload          tcbn22ullbwp30p140tt0p9v25c
  dual_port_bram_16x32_write_first_2079
                     ZeroWireload          tcbn22ullbwp30p140tt0p9v25c
  dual_port_bram_16x32_write_first_2078
                     ZeroWireload          tcbn22ullbwp30p140tt0p9v25c
  dual_port_bram_16x32_write_first_2077
                     ZeroWireload          tcbn22ullbwp30p140tt0p9v25c
  dual_port_bram_16x32_write_first_2076
                     ZeroWireload          tcbn22ullbwp30p140tt0p9v25c
  dual_port_bram_16x32_write_first_2075
                     ZeroWireload          tcbn22ullbwp30p140tt0p9v25c
  dual_port_bram_16x32_write_first_2074
                     ZeroWireload          tcbn22ullbwp30p140tt0p9v25c
  dual_port_bram_16x32_write_first_2073
                     ZeroWireload          tcbn22ullbwp30p140tt0p9v25c
  dual_port_bram_16x32_write_first_2072
                     ZeroWireload          tcbn22ullbwp30p140tt0p9v25c
  dual_port_bram_16x32_write_first_2071
                     ZeroWireload          tcbn22ullbwp30p140tt0p9v25c
  dual_port_bram_16x32_write_first_2070
                     ZeroWireload          tcbn22ullbwp30p140tt0p9v25c
  dual_port_bram_16x32_write_first_2069
                     ZeroWireload          tcbn22ullbwp30p140tt0p9v25c
  dual_port_bram_16x32_write_first_2068
                     ZeroWireload          tcbn22ullbwp30p140tt0p9v25c
  dual_port_bram_16x32_write_first_2067
                     ZeroWireload          tcbn22ullbwp30p140tt0p9v25c
  dual_port_bram_16x32_write_first_2066
                     ZeroWireload          tcbn22ullbwp30p140tt0p9v25c
  dual_port_bram_16x32_write_first_2065
                     ZeroWireload          tcbn22ullbwp30p140tt0p9v25c
  dual_port_bram_16x32_write_first_2064
                     ZeroWireload          tcbn22ullbwp30p140tt0p9v25c
  dual_port_bram_16x32_write_first_2063
                     ZeroWireload          tcbn22ullbwp30p140tt0p9v25c
  dual_port_bram_16x32_write_first_2062
                     ZeroWireload          tcbn22ullbwp30p140tt0p9v25c
  dual_port_bram_16x32_write_first_2061
                     ZeroWireload          tcbn22ullbwp30p140tt0p9v25c
  dual_port_bram_16x32_write_first_2060
                     ZeroWireload          tcbn22ullbwp30p140tt0p9v25c
  dual_port_bram_16x32_write_first_2059
                     ZeroWireload          tcbn22ullbwp30p140tt0p9v25c
  dual_port_bram_16x32_write_first_2058
                     ZeroWireload          tcbn22ullbwp30p140tt0p9v25c
  dual_port_bram_16x32_write_first_2057
                     ZeroWireload          tcbn22ullbwp30p140tt0p9v25c
  dual_port_bram_16x32_write_first_2056
                     ZeroWireload          tcbn22ullbwp30p140tt0p9v25c
  dual_port_bram_16x32_write_first_2055
                     ZeroWireload          tcbn22ullbwp30p140tt0p9v25c
  dual_port_bram_16x32_write_first_2054
                     ZeroWireload          tcbn22ullbwp30p140tt0p9v25c
  dual_port_bram_16x32_write_first_2053
                     ZeroWireload          tcbn22ullbwp30p140tt0p9v25c
  dual_port_bram_16x32_write_first_2052
                     ZeroWireload          tcbn22ullbwp30p140tt0p9v25c
  dual_port_bram_16x32_write_first_2051
                     ZeroWireload          tcbn22ullbwp30p140tt0p9v25c
  dual_port_bram_16x32_write_first_2050
                     ZeroWireload          tcbn22ullbwp30p140tt0p9v25c
  dual_port_bram_16x32_write_first_2049
                     ZeroWireload          tcbn22ullbwp30p140tt0p9v25c
  dual_port_bram_16x32_write_first_2048
                     ZeroWireload          tcbn22ullbwp30p140tt0p9v25c
  dual_port_bram_16x32_write_first_2047
                     ZeroWireload          tcbn22ullbwp30p140tt0p9v25c
  dual_port_bram_16x32_write_first_2046
                     ZeroWireload          tcbn22ullbwp30p140tt0p9v25c
  dual_port_bram_16x32_write_first_2045
                     ZeroWireload          tcbn22ullbwp30p140tt0p9v25c
  dual_port_bram_16x32_write_first_2044
                     ZeroWireload          tcbn22ullbwp30p140tt0p9v25c
  dual_port_bram_16x32_write_first_2043
                     ZeroWireload          tcbn22ullbwp30p140tt0p9v25c
  dual_port_bram_16x32_write_first_2042
                     ZeroWireload          tcbn22ullbwp30p140tt0p9v25c
  dual_port_bram_16x32_write_first_2041
                     ZeroWireload          tcbn22ullbwp30p140tt0p9v25c
  dual_port_bram_16x32_write_first_2040
                     ZeroWireload          tcbn22ullbwp30p140tt0p9v25c
  dual_port_bram_16x32_write_first_2039
                     ZeroWireload          tcbn22ullbwp30p140tt0p9v25c
  dual_port_bram_16x32_write_first_2038
                     ZeroWireload          tcbn22ullbwp30p140tt0p9v25c
  dual_port_bram_16x32_write_first_2037
                     ZeroWireload          tcbn22ullbwp30p140tt0p9v25c
  dual_port_bram_16x32_write_first_2036
                     ZeroWireload          tcbn22ullbwp30p140tt0p9v25c
  dual_port_bram_16x32_write_first_2035
                     ZeroWireload          tcbn22ullbwp30p140tt0p9v25c
  dual_port_bram_16x32_write_first_2034
                     ZeroWireload          tcbn22ullbwp30p140tt0p9v25c
  dual_port_bram_16x32_write_first_2033
                     ZeroWireload          tcbn22ullbwp30p140tt0p9v25c
  dual_port_bram_16x32_write_first_2032
                     ZeroWireload          tcbn22ullbwp30p140tt0p9v25c
  dual_port_bram_16x32_write_first_2031
                     ZeroWireload          tcbn22ullbwp30p140tt0p9v25c
  dual_port_bram_16x32_write_first_2030
                     ZeroWireload          tcbn22ullbwp30p140tt0p9v25c
  dual_port_bram_16x32_write_first_2029
                     ZeroWireload          tcbn22ullbwp30p140tt0p9v25c
  dual_port_bram_16x32_write_first_2028
                     ZeroWireload          tcbn22ullbwp30p140tt0p9v25c
  dual_port_bram_16x32_write_first_2027
                     ZeroWireload          tcbn22ullbwp30p140tt0p9v25c
  dual_port_bram_16x32_write_first_2026
                     ZeroWireload          tcbn22ullbwp30p140tt0p9v25c
  dual_port_bram_16x32_write_first_2025
                     ZeroWireload          tcbn22ullbwp30p140tt0p9v25c
  dual_port_bram_16x32_write_first_2024
                     ZeroWireload          tcbn22ullbwp30p140tt0p9v25c
  dual_port_bram_16x32_write_first_2023
                     ZeroWireload          tcbn22ullbwp30p140tt0p9v25c
  dual_port_bram_16x32_write_first_2022
                     ZeroWireload          tcbn22ullbwp30p140tt0p9v25c
  dual_port_bram_16x32_write_first_2021
                     ZeroWireload          tcbn22ullbwp30p140tt0p9v25c
  dual_port_bram_16x32_write_first_2020
                     ZeroWireload          tcbn22ullbwp30p140tt0p9v25c
  dual_port_bram_16x32_write_first_2019
                     ZeroWireload          tcbn22ullbwp30p140tt0p9v25c
  dual_port_bram_16x32_write_first_2018
                     ZeroWireload          tcbn22ullbwp30p140tt0p9v25c
  dual_port_bram_16x32_write_first_2017
                     ZeroWireload          tcbn22ullbwp30p140tt0p9v25c
  dual_port_bram_16x32_write_first_2016
                     ZeroWireload          tcbn22ullbwp30p140tt0p9v25c
  dual_port_bram_16x32_write_first_2015
                     ZeroWireload          tcbn22ullbwp30p140tt0p9v25c
  dual_port_bram_16x32_write_first_2014
                     ZeroWireload          tcbn22ullbwp30p140tt0p9v25c
  dual_port_bram_16x32_write_first_2013
                     ZeroWireload          tcbn22ullbwp30p140tt0p9v25c
  dual_port_bram_16x32_write_first_2012
                     ZeroWireload          tcbn22ullbwp30p140tt0p9v25c
  dual_port_bram_16x32_write_first_2011
                     ZeroWireload          tcbn22ullbwp30p140tt0p9v25c
  dual_port_bram_16x32_write_first_2010
                     ZeroWireload          tcbn22ullbwp30p140tt0p9v25c
  dual_port_bram_16x32_write_first_2009
                     ZeroWireload          tcbn22ullbwp30p140tt0p9v25c
  dual_port_bram_16x32_write_first_2008
                     ZeroWireload          tcbn22ullbwp30p140tt0p9v25c
  dual_port_bram_16x32_write_first_2007
                     ZeroWireload          tcbn22ullbwp30p140tt0p9v25c
  dual_port_bram_16x32_write_first_2006
                     ZeroWireload          tcbn22ullbwp30p140tt0p9v25c
  dual_port_bram_16x32_write_first_2005
                     ZeroWireload          tcbn22ullbwp30p140tt0p9v25c
  dual_port_bram_16x32_write_first_2004
                     ZeroWireload          tcbn22ullbwp30p140tt0p9v25c
  dual_port_bram_16x32_write_first_2003
                     ZeroWireload          tcbn22ullbwp30p140tt0p9v25c
  dual_port_bram_16x32_write_first_2002
                     ZeroWireload          tcbn22ullbwp30p140tt0p9v25c
  dual_port_bram_16x32_write_first_2001
                     ZeroWireload          tcbn22ullbwp30p140tt0p9v25c
  dual_port_bram_16x32_write_first_2000
                     ZeroWireload          tcbn22ullbwp30p140tt0p9v25c
  dual_port_bram_16x32_write_first_1999
                     ZeroWireload          tcbn22ullbwp30p140tt0p9v25c
  dual_port_bram_16x32_write_first_1998
                     ZeroWireload          tcbn22ullbwp30p140tt0p9v25c
  dual_port_bram_16x32_write_first_1997
                     ZeroWireload          tcbn22ullbwp30p140tt0p9v25c
  dual_port_bram_16x32_write_first_1996
                     ZeroWireload          tcbn22ullbwp30p140tt0p9v25c
  dual_port_bram_16x32_write_first_1995
                     ZeroWireload          tcbn22ullbwp30p140tt0p9v25c
  dual_port_bram_16x32_write_first_1994
                     ZeroWireload          tcbn22ullbwp30p140tt0p9v25c
  dual_port_bram_16x32_write_first_1993
                     ZeroWireload          tcbn22ullbwp30p140tt0p9v25c
  dual_port_bram_16x32_write_first_1992
                     ZeroWireload          tcbn22ullbwp30p140tt0p9v25c
  dual_port_bram_16x32_write_first_1991
                     ZeroWireload          tcbn22ullbwp30p140tt0p9v25c
  dual_port_bram_16x32_write_first_1990
                     ZeroWireload          tcbn22ullbwp30p140tt0p9v25c
  dual_port_bram_16x32_write_first_1989
                     ZeroWireload          tcbn22ullbwp30p140tt0p9v25c
  dual_port_bram_16x32_write_first_1988
                     ZeroWireload          tcbn22ullbwp30p140tt0p9v25c
  dual_port_bram_16x32_write_first_1987
                     ZeroWireload          tcbn22ullbwp30p140tt0p9v25c
  dual_port_bram_16x32_write_first_1986
                     ZeroWireload          tcbn22ullbwp30p140tt0p9v25c
  dual_port_bram_16x32_write_first_1985
                     ZeroWireload          tcbn22ullbwp30p140tt0p9v25c
  dual_port_bram_16x32_write_first_1984
                     ZeroWireload          tcbn22ullbwp30p140tt0p9v25c
  dual_port_bram_16x32_write_first_1983
                     ZeroWireload          tcbn22ullbwp30p140tt0p9v25c
  dual_port_bram_16x32_write_first_1982
                     ZeroWireload          tcbn22ullbwp30p140tt0p9v25c
  dual_port_bram_16x32_write_first_1981
                     ZeroWireload          tcbn22ullbwp30p140tt0p9v25c
  dual_port_bram_16x32_write_first_1980
                     ZeroWireload          tcbn22ullbwp30p140tt0p9v25c
  dual_port_bram_16x32_write_first_1979
                     ZeroWireload          tcbn22ullbwp30p140tt0p9v25c
  dual_port_bram_16x32_write_first_1978
                     ZeroWireload          tcbn22ullbwp30p140tt0p9v25c
  dual_port_bram_16x32_write_first_1977
                     ZeroWireload          tcbn22ullbwp30p140tt0p9v25c
  dual_port_bram_16x32_write_first_1976
                     ZeroWireload          tcbn22ullbwp30p140tt0p9v25c
  dual_port_bram_16x32_write_first_1975
                     ZeroWireload          tcbn22ullbwp30p140tt0p9v25c
  dual_port_bram_16x32_write_first_1974
                     ZeroWireload          tcbn22ullbwp30p140tt0p9v25c
  dual_port_bram_16x32_write_first_1973
                     ZeroWireload          tcbn22ullbwp30p140tt0p9v25c
  dual_port_bram_16x32_write_first_1972
                     ZeroWireload          tcbn22ullbwp30p140tt0p9v25c
  dual_port_bram_16x32_write_first_1971
                     ZeroWireload          tcbn22ullbwp30p140tt0p9v25c
  dual_port_bram_16x32_write_first_1970
                     ZeroWireload          tcbn22ullbwp30p140tt0p9v25c
  dual_port_bram_16x32_write_first_1969
                     ZeroWireload          tcbn22ullbwp30p140tt0p9v25c
  dual_port_bram_16x32_write_first_1968
                     ZeroWireload          tcbn22ullbwp30p140tt0p9v25c
  dual_port_bram_16x32_write_first_1967
                     ZeroWireload          tcbn22ullbwp30p140tt0p9v25c
  dual_port_bram_16x32_write_first_1966
                     ZeroWireload          tcbn22ullbwp30p140tt0p9v25c
  dual_port_bram_16x32_write_first_1965
                     ZeroWireload          tcbn22ullbwp30p140tt0p9v25c
  dual_port_bram_16x32_write_first_1964
                     ZeroWireload          tcbn22ullbwp30p140tt0p9v25c
  dual_port_bram_16x32_write_first_1963
                     ZeroWireload          tcbn22ullbwp30p140tt0p9v25c
  dual_port_bram_16x32_write_first_1962
                     ZeroWireload          tcbn22ullbwp30p140tt0p9v25c
  dual_port_bram_16x32_write_first_1961
                     ZeroWireload          tcbn22ullbwp30p140tt0p9v25c
  dual_port_bram_16x32_write_first_1960
                     ZeroWireload          tcbn22ullbwp30p140tt0p9v25c
  dual_port_bram_16x32_write_first_1959
                     ZeroWireload          tcbn22ullbwp30p140tt0p9v25c
  dual_port_bram_16x32_write_first_1958
                     ZeroWireload          tcbn22ullbwp30p140tt0p9v25c
  dual_port_bram_16x32_write_first_1957
                     ZeroWireload          tcbn22ullbwp30p140tt0p9v25c
  dual_port_bram_16x32_write_first_1956
                     ZeroWireload          tcbn22ullbwp30p140tt0p9v25c
  dual_port_bram_16x32_write_first_1955
                     ZeroWireload          tcbn22ullbwp30p140tt0p9v25c
  dual_port_bram_16x32_write_first_1954
                     ZeroWireload          tcbn22ullbwp30p140tt0p9v25c
  dual_port_bram_16x32_write_first_1953
                     ZeroWireload          tcbn22ullbwp30p140tt0p9v25c
  dual_port_bram_16x32_write_first_1952
                     ZeroWireload          tcbn22ullbwp30p140tt0p9v25c
  dual_port_bram_16x32_write_first_1951
                     ZeroWireload          tcbn22ullbwp30p140tt0p9v25c
  dual_port_bram_16x32_write_first_1950
                     ZeroWireload          tcbn22ullbwp30p140tt0p9v25c
  dual_port_bram_16x32_write_first_1949
                     ZeroWireload          tcbn22ullbwp30p140tt0p9v25c
  dual_port_bram_16x32_write_first_1948
                     ZeroWireload          tcbn22ullbwp30p140tt0p9v25c
  dual_port_bram_16x32_write_first_1947
                     ZeroWireload          tcbn22ullbwp30p140tt0p9v25c
  dual_port_bram_16x32_write_first_1946
                     ZeroWireload          tcbn22ullbwp30p140tt0p9v25c
  dual_port_bram_16x32_write_first_1945
                     ZeroWireload          tcbn22ullbwp30p140tt0p9v25c
  dual_port_bram_16x32_write_first_1944
                     ZeroWireload          tcbn22ullbwp30p140tt0p9v25c
  dual_port_bram_16x32_write_first_1943
                     ZeroWireload          tcbn22ullbwp30p140tt0p9v25c
  dual_port_bram_16x32_write_first_1942
                     ZeroWireload          tcbn22ullbwp30p140tt0p9v25c
  dual_port_bram_16x32_write_first_1941
                     ZeroWireload          tcbn22ullbwp30p140tt0p9v25c
  dual_port_bram_16x32_write_first_1940
                     ZeroWireload          tcbn22ullbwp30p140tt0p9v25c
  dual_port_bram_16x32_write_first_1939
                     ZeroWireload          tcbn22ullbwp30p140tt0p9v25c
  dual_port_bram_16x32_write_first_1938
                     ZeroWireload          tcbn22ullbwp30p140tt0p9v25c
  dual_port_bram_16x32_write_first_1937
                     ZeroWireload          tcbn22ullbwp30p140tt0p9v25c
  dual_port_bram_16x32_write_first_1936
                     ZeroWireload          tcbn22ullbwp30p140tt0p9v25c
  dual_port_bram_16x32_write_first_1935
                     ZeroWireload          tcbn22ullbwp30p140tt0p9v25c
  dual_port_bram_16x32_write_first_1934
                     ZeroWireload          tcbn22ullbwp30p140tt0p9v25c
  dual_port_bram_16x32_write_first_1933
                     ZeroWireload          tcbn22ullbwp30p140tt0p9v25c
  dual_port_bram_16x32_write_first_1932
                     ZeroWireload          tcbn22ullbwp30p140tt0p9v25c
  dual_port_bram_16x32_write_first_1931
                     ZeroWireload          tcbn22ullbwp30p140tt0p9v25c
  dual_port_bram_16x32_write_first_1930
                     ZeroWireload          tcbn22ullbwp30p140tt0p9v25c
  dual_port_bram_16x32_write_first_1929
                     ZeroWireload          tcbn22ullbwp30p140tt0p9v25c
  dual_port_bram_16x32_write_first_1928
                     ZeroWireload          tcbn22ullbwp30p140tt0p9v25c
  dual_port_bram_16x32_write_first_1927
                     ZeroWireload          tcbn22ullbwp30p140tt0p9v25c
  dual_port_bram_16x32_write_first_1926
                     ZeroWireload          tcbn22ullbwp30p140tt0p9v25c
  dual_port_bram_16x32_write_first_1925
                     ZeroWireload          tcbn22ullbwp30p140tt0p9v25c
  dual_port_bram_16x32_write_first_1924
                     ZeroWireload          tcbn22ullbwp30p140tt0p9v25c
  dual_port_bram_16x32_write_first_1923
                     ZeroWireload          tcbn22ullbwp30p140tt0p9v25c
  dual_port_bram_16x32_write_first_1922
                     ZeroWireload          tcbn22ullbwp30p140tt0p9v25c
  dual_port_bram_16x32_write_first_1921
                     ZeroWireload          tcbn22ullbwp30p140tt0p9v25c
  dual_port_bram_16x32_write_first_1920
                     ZeroWireload          tcbn22ullbwp30p140tt0p9v25c
  dual_port_bram_16x32_write_first_1919
                     ZeroWireload          tcbn22ullbwp30p140tt0p9v25c
  dual_port_bram_16x32_write_first_1918
                     ZeroWireload          tcbn22ullbwp30p140tt0p9v25c
  dual_port_bram_16x32_write_first_1917
                     ZeroWireload          tcbn22ullbwp30p140tt0p9v25c
  dual_port_bram_16x32_write_first_1916
                     ZeroWireload          tcbn22ullbwp30p140tt0p9v25c
  dual_port_bram_16x32_write_first_1915
                     ZeroWireload          tcbn22ullbwp30p140tt0p9v25c
  dual_port_bram_16x32_write_first_1914
                     ZeroWireload          tcbn22ullbwp30p140tt0p9v25c
  dual_port_bram_16x32_write_first_1913
                     ZeroWireload          tcbn22ullbwp30p140tt0p9v25c
  dual_port_bram_16x32_write_first_1912
                     ZeroWireload          tcbn22ullbwp30p140tt0p9v25c
  dual_port_bram_16x32_write_first_1911
                     ZeroWireload          tcbn22ullbwp30p140tt0p9v25c
  dual_port_bram_16x32_write_first_1910
                     ZeroWireload          tcbn22ullbwp30p140tt0p9v25c
  dual_port_bram_16x32_write_first_1909
                     ZeroWireload          tcbn22ullbwp30p140tt0p9v25c
  dual_port_bram_16x32_write_first_1908
                     ZeroWireload          tcbn22ullbwp30p140tt0p9v25c
  dual_port_bram_16x32_write_first_1907
                     ZeroWireload          tcbn22ullbwp30p140tt0p9v25c
  dual_port_bram_16x32_write_first_1906
                     ZeroWireload          tcbn22ullbwp30p140tt0p9v25c
  dual_port_bram_16x32_write_first_1905
                     ZeroWireload          tcbn22ullbwp30p140tt0p9v25c
  dual_port_bram_16x32_write_first_1904
                     ZeroWireload          tcbn22ullbwp30p140tt0p9v25c
  dual_port_bram_16x32_write_first_1903
                     ZeroWireload          tcbn22ullbwp30p140tt0p9v25c
  dual_port_bram_16x32_write_first_1902
                     ZeroWireload          tcbn22ullbwp30p140tt0p9v25c
  dual_port_bram_16x32_write_first_1901
                     ZeroWireload          tcbn22ullbwp30p140tt0p9v25c
  dual_port_bram_16x32_write_first_1900
                     ZeroWireload          tcbn22ullbwp30p140tt0p9v25c
  dual_port_bram_16x32_write_first_1899
                     ZeroWireload          tcbn22ullbwp30p140tt0p9v25c
  dual_port_bram_16x32_write_first_1898
                     ZeroWireload          tcbn22ullbwp30p140tt0p9v25c
  dual_port_bram_16x32_write_first_1897
                     ZeroWireload          tcbn22ullbwp30p140tt0p9v25c
  dual_port_bram_16x32_write_first_1896
                     ZeroWireload          tcbn22ullbwp30p140tt0p9v25c
  dual_port_bram_16x32_write_first_1895
                     ZeroWireload          tcbn22ullbwp30p140tt0p9v25c
  dual_port_bram_16x32_write_first_1894
                     ZeroWireload          tcbn22ullbwp30p140tt0p9v25c
  dual_port_bram_16x32_write_first_1893
                     ZeroWireload          tcbn22ullbwp30p140tt0p9v25c
  dual_port_bram_16x32_write_first_1892
                     ZeroWireload          tcbn22ullbwp30p140tt0p9v25c
  dual_port_bram_16x32_write_first_1891
                     ZeroWireload          tcbn22ullbwp30p140tt0p9v25c
  dual_port_bram_16x32_write_first_1890
                     ZeroWireload          tcbn22ullbwp30p140tt0p9v25c
  dual_port_bram_16x32_write_first_1889
                     ZeroWireload          tcbn22ullbwp30p140tt0p9v25c
  dual_port_bram_16x32_write_first_1888
                     ZeroWireload          tcbn22ullbwp30p140tt0p9v25c
  dual_port_bram_16x32_write_first_1887
                     ZeroWireload          tcbn22ullbwp30p140tt0p9v25c
  dual_port_bram_16x32_write_first_1886
                     ZeroWireload          tcbn22ullbwp30p140tt0p9v25c
  dual_port_bram_16x32_write_first_1885
                     ZeroWireload          tcbn22ullbwp30p140tt0p9v25c
  dual_port_bram_16x32_write_first_1884
                     ZeroWireload          tcbn22ullbwp30p140tt0p9v25c
  dual_port_bram_16x32_write_first_1883
                     ZeroWireload          tcbn22ullbwp30p140tt0p9v25c
  dual_port_bram_16x32_write_first_1882
                     ZeroWireload          tcbn22ullbwp30p140tt0p9v25c
  dual_port_bram_16x32_write_first_1881
                     ZeroWireload          tcbn22ullbwp30p140tt0p9v25c
  dual_port_bram_16x32_write_first_1880
                     ZeroWireload          tcbn22ullbwp30p140tt0p9v25c
  dual_port_bram_16x32_write_first_1879
                     ZeroWireload          tcbn22ullbwp30p140tt0p9v25c
  dual_port_bram_16x32_write_first_1878
                     ZeroWireload          tcbn22ullbwp30p140tt0p9v25c
  dual_port_bram_16x32_write_first_1877
                     ZeroWireload          tcbn22ullbwp30p140tt0p9v25c
  dual_port_bram_16x32_write_first_1876
                     ZeroWireload          tcbn22ullbwp30p140tt0p9v25c
  dual_port_bram_16x32_write_first_1875
                     ZeroWireload          tcbn22ullbwp30p140tt0p9v25c
  dual_port_bram_16x32_write_first_1874
                     ZeroWireload          tcbn22ullbwp30p140tt0p9v25c
  dual_port_bram_16x32_write_first_1873
                     ZeroWireload          tcbn22ullbwp30p140tt0p9v25c
  dual_port_bram_16x32_write_first_1872
                     ZeroWireload          tcbn22ullbwp30p140tt0p9v25c
  dual_port_bram_16x32_write_first_1871
                     ZeroWireload          tcbn22ullbwp30p140tt0p9v25c
  dual_port_bram_16x32_write_first_1870
                     ZeroWireload          tcbn22ullbwp30p140tt0p9v25c
  dual_port_bram_16x32_write_first_1869
                     ZeroWireload          tcbn22ullbwp30p140tt0p9v25c
  dual_port_bram_16x32_write_first_1868
                     ZeroWireload          tcbn22ullbwp30p140tt0p9v25c
  dual_port_bram_16x32_write_first_1867
                     ZeroWireload          tcbn22ullbwp30p140tt0p9v25c
  dual_port_bram_16x32_write_first_1866
                     ZeroWireload          tcbn22ullbwp30p140tt0p9v25c
  dual_port_bram_16x32_write_first_1865
                     ZeroWireload          tcbn22ullbwp30p140tt0p9v25c
  dual_port_bram_16x32_write_first_1864
                     ZeroWireload          tcbn22ullbwp30p140tt0p9v25c
  dual_port_bram_16x32_write_first_1863
                     ZeroWireload          tcbn22ullbwp30p140tt0p9v25c
  dual_port_bram_16x32_write_first_1862
                     ZeroWireload          tcbn22ullbwp30p140tt0p9v25c
  dual_port_bram_16x32_write_first_1861
                     ZeroWireload          tcbn22ullbwp30p140tt0p9v25c
  dual_port_bram_16x32_write_first_1860
                     ZeroWireload          tcbn22ullbwp30p140tt0p9v25c
  dual_port_bram_16x32_write_first_1859
                     ZeroWireload          tcbn22ullbwp30p140tt0p9v25c
  dual_port_bram_16x32_write_first_1858
                     ZeroWireload          tcbn22ullbwp30p140tt0p9v25c
  dual_port_bram_16x32_write_first_1857
                     ZeroWireload          tcbn22ullbwp30p140tt0p9v25c
  dual_port_bram_16x32_write_first_1856
                     ZeroWireload          tcbn22ullbwp30p140tt0p9v25c
  dual_port_bram_16x32_write_first_1855
                     ZeroWireload          tcbn22ullbwp30p140tt0p9v25c
  dual_port_bram_16x32_write_first_1854
                     ZeroWireload          tcbn22ullbwp30p140tt0p9v25c
  dual_port_bram_16x32_write_first_1853
                     ZeroWireload          tcbn22ullbwp30p140tt0p9v25c
  dual_port_bram_16x32_write_first_1852
                     ZeroWireload          tcbn22ullbwp30p140tt0p9v25c
  dual_port_bram_16x32_write_first_1851
                     ZeroWireload          tcbn22ullbwp30p140tt0p9v25c
  dual_port_bram_16x32_write_first_1850
                     ZeroWireload          tcbn22ullbwp30p140tt0p9v25c
  dual_port_bram_16x32_write_first_1849
                     ZeroWireload          tcbn22ullbwp30p140tt0p9v25c
  dual_port_bram_16x32_write_first_1848
                     ZeroWireload          tcbn22ullbwp30p140tt0p9v25c
  dual_port_bram_16x32_write_first_1847
                     ZeroWireload          tcbn22ullbwp30p140tt0p9v25c
  dual_port_bram_16x32_write_first_1846
                     ZeroWireload          tcbn22ullbwp30p140tt0p9v25c
  dual_port_bram_16x32_write_first_1845
                     ZeroWireload          tcbn22ullbwp30p140tt0p9v25c
  dual_port_bram_16x32_write_first_1844
                     ZeroWireload          tcbn22ullbwp30p140tt0p9v25c
  dual_port_bram_16x32_write_first_1843
                     ZeroWireload          tcbn22ullbwp30p140tt0p9v25c
  dual_port_bram_16x32_write_first_1842
                     ZeroWireload          tcbn22ullbwp30p140tt0p9v25c
  dual_port_bram_16x32_write_first_1841
                     ZeroWireload          tcbn22ullbwp30p140tt0p9v25c
  dual_port_bram_16x32_write_first_1840
                     ZeroWireload          tcbn22ullbwp30p140tt0p9v25c
  dual_port_bram_16x32_write_first_1839
                     ZeroWireload          tcbn22ullbwp30p140tt0p9v25c
  dual_port_bram_16x32_write_first_1838
                     ZeroWireload          tcbn22ullbwp30p140tt0p9v25c
  dual_port_bram_16x32_write_first_1837
                     ZeroWireload          tcbn22ullbwp30p140tt0p9v25c
  dual_port_bram_16x32_write_first_1836
                     ZeroWireload          tcbn22ullbwp30p140tt0p9v25c
  dual_port_bram_16x32_write_first_1835
                     ZeroWireload          tcbn22ullbwp30p140tt0p9v25c
  dual_port_bram_16x32_write_first_1834
                     ZeroWireload          tcbn22ullbwp30p140tt0p9v25c
  dual_port_bram_16x32_write_first_1833
                     ZeroWireload          tcbn22ullbwp30p140tt0p9v25c
  dual_port_bram_16x32_write_first_1832
                     ZeroWireload          tcbn22ullbwp30p140tt0p9v25c
  dual_port_bram_16x32_write_first_1831
                     ZeroWireload          tcbn22ullbwp30p140tt0p9v25c
  dual_port_bram_16x32_write_first_1830
                     ZeroWireload          tcbn22ullbwp30p140tt0p9v25c
  dual_port_bram_16x32_write_first_1829
                     ZeroWireload          tcbn22ullbwp30p140tt0p9v25c
  dual_port_bram_16x32_write_first_1828
                     ZeroWireload          tcbn22ullbwp30p140tt0p9v25c
  dual_port_bram_16x32_write_first_1827
                     ZeroWireload          tcbn22ullbwp30p140tt0p9v25c
  dual_port_bram_16x32_write_first_1826
                     ZeroWireload          tcbn22ullbwp30p140tt0p9v25c
  dual_port_bram_16x32_write_first_1825
                     ZeroWireload          tcbn22ullbwp30p140tt0p9v25c
  dual_port_bram_16x32_write_first_1824
                     ZeroWireload          tcbn22ullbwp30p140tt0p9v25c
  dual_port_bram_16x32_write_first_1823
                     ZeroWireload          tcbn22ullbwp30p140tt0p9v25c
  dual_port_bram_16x32_write_first_1822
                     ZeroWireload          tcbn22ullbwp30p140tt0p9v25c
  dual_port_bram_16x32_write_first_1821
                     ZeroWireload          tcbn22ullbwp30p140tt0p9v25c
  dual_port_bram_16x32_write_first_1820
                     ZeroWireload          tcbn22ullbwp30p140tt0p9v25c
  dual_port_bram_16x32_write_first_1819
                     ZeroWireload          tcbn22ullbwp30p140tt0p9v25c
  dual_port_bram_16x32_write_first_1818
                     ZeroWireload          tcbn22ullbwp30p140tt0p9v25c
  dual_port_bram_16x32_write_first_1817
                     ZeroWireload          tcbn22ullbwp30p140tt0p9v25c
  dual_port_bram_16x32_write_first_1816
                     ZeroWireload          tcbn22ullbwp30p140tt0p9v25c
  dual_port_bram_16x32_write_first_1815
                     ZeroWireload          tcbn22ullbwp30p140tt0p9v25c
  dual_port_bram_16x32_write_first_1814
                     ZeroWireload          tcbn22ullbwp30p140tt0p9v25c
  dual_port_bram_16x32_write_first_1813
                     ZeroWireload          tcbn22ullbwp30p140tt0p9v25c
  dual_port_bram_16x32_write_first_1812
                     ZeroWireload          tcbn22ullbwp30p140tt0p9v25c
  dual_port_bram_16x32_write_first_1811
                     ZeroWireload          tcbn22ullbwp30p140tt0p9v25c
  dual_port_bram_16x32_write_first_1810
                     ZeroWireload          tcbn22ullbwp30p140tt0p9v25c
  dual_port_bram_16x32_write_first_1809
                     ZeroWireload          tcbn22ullbwp30p140tt0p9v25c
  dual_port_bram_16x32_write_first_1808
                     ZeroWireload          tcbn22ullbwp30p140tt0p9v25c
  dual_port_bram_16x32_write_first_1807
                     ZeroWireload          tcbn22ullbwp30p140tt0p9v25c
  dual_port_bram_16x32_write_first_1806
                     ZeroWireload          tcbn22ullbwp30p140tt0p9v25c
  dual_port_bram_16x32_write_first_1805
                     ZeroWireload          tcbn22ullbwp30p140tt0p9v25c
  dual_port_bram_16x32_write_first_1804
                     ZeroWireload          tcbn22ullbwp30p140tt0p9v25c
  dual_port_bram_16x32_write_first_1803
                     ZeroWireload          tcbn22ullbwp30p140tt0p9v25c
  dual_port_bram_16x32_write_first_1802
                     ZeroWireload          tcbn22ullbwp30p140tt0p9v25c
  dual_port_bram_16x32_write_first_1801
                     ZeroWireload          tcbn22ullbwp30p140tt0p9v25c
  dual_port_bram_16x32_write_first_1800
                     ZeroWireload          tcbn22ullbwp30p140tt0p9v25c
  dual_port_bram_16x32_write_first_1799
                     ZeroWireload          tcbn22ullbwp30p140tt0p9v25c
  dual_port_bram_16x32_write_first_1798
                     ZeroWireload          tcbn22ullbwp30p140tt0p9v25c
  dual_port_bram_16x32_write_first_1797
                     ZeroWireload          tcbn22ullbwp30p140tt0p9v25c
  dual_port_bram_16x32_write_first_1796
                     ZeroWireload          tcbn22ullbwp30p140tt0p9v25c
  dual_port_bram_16x32_write_first_1795
                     ZeroWireload          tcbn22ullbwp30p140tt0p9v25c
  dual_port_bram_16x32_write_first_1794
                     ZeroWireload          tcbn22ullbwp30p140tt0p9v25c
  dual_port_bram_16x32_write_first_1793
                     ZeroWireload          tcbn22ullbwp30p140tt0p9v25c
  dual_port_bram_16x32_write_first_1792
                     ZeroWireload          tcbn22ullbwp30p140tt0p9v25c
  dual_port_bram_16x32_write_first_1791
                     ZeroWireload          tcbn22ullbwp30p140tt0p9v25c
  dual_port_bram_16x32_write_first_1790
                     ZeroWireload          tcbn22ullbwp30p140tt0p9v25c
  dual_port_bram_16x32_write_first_1789
                     ZeroWireload          tcbn22ullbwp30p140tt0p9v25c
  dual_port_bram_16x32_write_first_1788
                     ZeroWireload          tcbn22ullbwp30p140tt0p9v25c
  dual_port_bram_16x32_write_first_1787
                     ZeroWireload          tcbn22ullbwp30p140tt0p9v25c
  dual_port_bram_16x32_write_first_1786
                     ZeroWireload          tcbn22ullbwp30p140tt0p9v25c
  dual_port_bram_16x32_write_first_1785
                     ZeroWireload          tcbn22ullbwp30p140tt0p9v25c
  dual_port_bram_16x32_write_first_1784
                     ZeroWireload          tcbn22ullbwp30p140tt0p9v25c
  dual_port_bram_16x32_write_first_1783
                     ZeroWireload          tcbn22ullbwp30p140tt0p9v25c
  dual_port_bram_16x32_write_first_1782
                     ZeroWireload          tcbn22ullbwp30p140tt0p9v25c
  dual_port_bram_16x32_write_first_1781
                     ZeroWireload          tcbn22ullbwp30p140tt0p9v25c
  dual_port_bram_16x32_write_first_1780
                     ZeroWireload          tcbn22ullbwp30p140tt0p9v25c
  dual_port_bram_16x32_write_first_1779
                     ZeroWireload          tcbn22ullbwp30p140tt0p9v25c
  dual_port_bram_16x32_write_first_1778
                     ZeroWireload          tcbn22ullbwp30p140tt0p9v25c
  dual_port_bram_16x32_write_first_1777
                     ZeroWireload          tcbn22ullbwp30p140tt0p9v25c
  dual_port_bram_16x32_write_first_1776
                     ZeroWireload          tcbn22ullbwp30p140tt0p9v25c
  dual_port_bram_16x32_write_first_1775
                     ZeroWireload          tcbn22ullbwp30p140tt0p9v25c
  dual_port_bram_16x32_write_first_1774
                     ZeroWireload          tcbn22ullbwp30p140tt0p9v25c
  dual_port_bram_16x32_write_first_1773
                     ZeroWireload          tcbn22ullbwp30p140tt0p9v25c
  dual_port_bram_16x32_write_first_1772
                     ZeroWireload          tcbn22ullbwp30p140tt0p9v25c
  dual_port_bram_16x32_write_first_1771
                     ZeroWireload          tcbn22ullbwp30p140tt0p9v25c
  dual_port_bram_16x32_write_first_1770
                     ZeroWireload          tcbn22ullbwp30p140tt0p9v25c
  dual_port_bram_16x32_write_first_1769
                     ZeroWireload          tcbn22ullbwp30p140tt0p9v25c
  dual_port_bram_16x32_write_first_1768
                     ZeroWireload          tcbn22ullbwp30p140tt0p9v25c
  dual_port_bram_16x32_write_first_1767
                     ZeroWireload          tcbn22ullbwp30p140tt0p9v25c
  dual_port_bram_16x32_write_first_1766
                     ZeroWireload          tcbn22ullbwp30p140tt0p9v25c
  dual_port_bram_16x32_write_first_1765
                     ZeroWireload          tcbn22ullbwp30p140tt0p9v25c
  dual_port_bram_16x32_write_first_1764
                     ZeroWireload          tcbn22ullbwp30p140tt0p9v25c
  dual_port_bram_16x32_write_first_1763
                     ZeroWireload          tcbn22ullbwp30p140tt0p9v25c
  dual_port_bram_16x32_write_first_1762
                     ZeroWireload          tcbn22ullbwp30p140tt0p9v25c
  dual_port_bram_16x32_write_first_1761
                     ZeroWireload          tcbn22ullbwp30p140tt0p9v25c
  dual_port_bram_16x32_write_first_1760
                     ZeroWireload          tcbn22ullbwp30p140tt0p9v25c
  dual_port_bram_16x32_write_first_1759
                     ZeroWireload          tcbn22ullbwp30p140tt0p9v25c
  dual_port_bram_16x32_write_first_1758
                     ZeroWireload          tcbn22ullbwp30p140tt0p9v25c
  dual_port_bram_16x32_write_first_1757
                     ZeroWireload          tcbn22ullbwp30p140tt0p9v25c
  dual_port_bram_16x32_write_first_1756
                     ZeroWireload          tcbn22ullbwp30p140tt0p9v25c
  dual_port_bram_16x32_write_first_1755
                     ZeroWireload          tcbn22ullbwp30p140tt0p9v25c
  dual_port_bram_16x32_write_first_1754
                     ZeroWireload          tcbn22ullbwp30p140tt0p9v25c
  dual_port_bram_16x32_write_first_1753
                     ZeroWireload          tcbn22ullbwp30p140tt0p9v25c
  dual_port_bram_16x32_write_first_1752
                     ZeroWireload          tcbn22ullbwp30p140tt0p9v25c
  dual_port_bram_16x32_write_first_1751
                     ZeroWireload          tcbn22ullbwp30p140tt0p9v25c
  dual_port_bram_16x32_write_first_1750
                     ZeroWireload          tcbn22ullbwp30p140tt0p9v25c
  dual_port_bram_16x32_write_first_1749
                     ZeroWireload          tcbn22ullbwp30p140tt0p9v25c
  dual_port_bram_16x32_write_first_1748
                     ZeroWireload          tcbn22ullbwp30p140tt0p9v25c
  dual_port_bram_16x32_write_first_1747
                     ZeroWireload          tcbn22ullbwp30p140tt0p9v25c
  dual_port_bram_16x32_write_first_1746
                     ZeroWireload          tcbn22ullbwp30p140tt0p9v25c
  dual_port_bram_16x32_write_first_1745
                     ZeroWireload          tcbn22ullbwp30p140tt0p9v25c
  dual_port_bram_16x32_write_first_1744
                     ZeroWireload          tcbn22ullbwp30p140tt0p9v25c
  dual_port_bram_16x32_write_first_1743
                     ZeroWireload          tcbn22ullbwp30p140tt0p9v25c
  dual_port_bram_16x32_write_first_1742
                     ZeroWireload          tcbn22ullbwp30p140tt0p9v25c
  dual_port_bram_16x32_write_first_1741
                     ZeroWireload          tcbn22ullbwp30p140tt0p9v25c
  dual_port_bram_16x32_write_first_1740
                     ZeroWireload          tcbn22ullbwp30p140tt0p9v25c
  dual_port_bram_16x32_write_first_1739
                     ZeroWireload          tcbn22ullbwp30p140tt0p9v25c
  dual_port_bram_16x32_write_first_1738
                     ZeroWireload          tcbn22ullbwp30p140tt0p9v25c
  dual_port_bram_16x32_write_first_1737
                     ZeroWireload          tcbn22ullbwp30p140tt0p9v25c
  dual_port_bram_16x32_write_first_1736
                     ZeroWireload          tcbn22ullbwp30p140tt0p9v25c
  dual_port_bram_16x32_write_first_1735
                     ZeroWireload          tcbn22ullbwp30p140tt0p9v25c
  dual_port_bram_16x32_write_first_1734
                     ZeroWireload          tcbn22ullbwp30p140tt0p9v25c
  dual_port_bram_16x32_write_first_1733
                     ZeroWireload          tcbn22ullbwp30p140tt0p9v25c
  dual_port_bram_16x32_write_first_1732
                     ZeroWireload          tcbn22ullbwp30p140tt0p9v25c
  dual_port_bram_16x32_write_first_1731
                     ZeroWireload          tcbn22ullbwp30p140tt0p9v25c
  dual_port_bram_16x32_write_first_1730
                     ZeroWireload          tcbn22ullbwp30p140tt0p9v25c
  dual_port_bram_16x32_write_first_1729
                     ZeroWireload          tcbn22ullbwp30p140tt0p9v25c
  dual_port_bram_16x32_write_first_1728
                     ZeroWireload          tcbn22ullbwp30p140tt0p9v25c
  dual_port_bram_16x32_write_first_1727
                     ZeroWireload          tcbn22ullbwp30p140tt0p9v25c
  dual_port_bram_16x32_write_first_1726
                     ZeroWireload          tcbn22ullbwp30p140tt0p9v25c
  dual_port_bram_16x32_write_first_1725
                     ZeroWireload          tcbn22ullbwp30p140tt0p9v25c
  dual_port_bram_16x32_write_first_1724
                     ZeroWireload          tcbn22ullbwp30p140tt0p9v25c
  dual_port_bram_16x32_write_first_1723
                     ZeroWireload          tcbn22ullbwp30p140tt0p9v25c
  dual_port_bram_16x32_write_first_1722
                     ZeroWireload          tcbn22ullbwp30p140tt0p9v25c
  dual_port_bram_16x32_write_first_1721
                     ZeroWireload          tcbn22ullbwp30p140tt0p9v25c
  dual_port_bram_16x32_write_first_1720
                     ZeroWireload          tcbn22ullbwp30p140tt0p9v25c
  dual_port_bram_16x32_write_first_1719
                     ZeroWireload          tcbn22ullbwp30p140tt0p9v25c
  dual_port_bram_16x32_write_first_1718
                     ZeroWireload          tcbn22ullbwp30p140tt0p9v25c
  dual_port_bram_16x32_write_first_1717
                     ZeroWireload          tcbn22ullbwp30p140tt0p9v25c
  dual_port_bram_16x32_write_first_1716
                     ZeroWireload          tcbn22ullbwp30p140tt0p9v25c
  dual_port_bram_16x32_write_first_1715
                     ZeroWireload          tcbn22ullbwp30p140tt0p9v25c
  dual_port_bram_16x32_write_first_1714
                     ZeroWireload          tcbn22ullbwp30p140tt0p9v25c
  dual_port_bram_16x32_write_first_1713
                     ZeroWireload          tcbn22ullbwp30p140tt0p9v25c
  dual_port_bram_16x32_write_first_1712
                     ZeroWireload          tcbn22ullbwp30p140tt0p9v25c
  dual_port_bram_16x32_write_first_1711
                     ZeroWireload          tcbn22ullbwp30p140tt0p9v25c
  dual_port_bram_16x32_write_first_1710
                     ZeroWireload          tcbn22ullbwp30p140tt0p9v25c
  dual_port_bram_16x32_write_first_1709
                     ZeroWireload          tcbn22ullbwp30p140tt0p9v25c
  dual_port_bram_16x32_write_first_1708
                     ZeroWireload          tcbn22ullbwp30p140tt0p9v25c
  dual_port_bram_16x32_write_first_1707
                     ZeroWireload          tcbn22ullbwp30p140tt0p9v25c
  dual_port_bram_16x32_write_first_1706
                     ZeroWireload          tcbn22ullbwp30p140tt0p9v25c
  dual_port_bram_16x32_write_first_1705
                     ZeroWireload          tcbn22ullbwp30p140tt0p9v25c
  dual_port_bram_16x32_write_first_1704
                     ZeroWireload          tcbn22ullbwp30p140tt0p9v25c
  dual_port_bram_16x32_write_first_1703
                     ZeroWireload          tcbn22ullbwp30p140tt0p9v25c
  dual_port_bram_16x32_write_first_1702
                     ZeroWireload          tcbn22ullbwp30p140tt0p9v25c
  dual_port_bram_16x32_write_first_1701
                     ZeroWireload          tcbn22ullbwp30p140tt0p9v25c
  dual_port_bram_16x32_write_first_1700
                     ZeroWireload          tcbn22ullbwp30p140tt0p9v25c
  dual_port_bram_16x32_write_first_1699
                     ZeroWireload          tcbn22ullbwp30p140tt0p9v25c
  dual_port_bram_16x32_write_first_1698
                     ZeroWireload          tcbn22ullbwp30p140tt0p9v25c
  dual_port_bram_16x32_write_first_1697
                     ZeroWireload          tcbn22ullbwp30p140tt0p9v25c
  dual_port_bram_16x32_write_first_1696
                     ZeroWireload          tcbn22ullbwp30p140tt0p9v25c
  dual_port_bram_16x32_write_first_1695
                     ZeroWireload          tcbn22ullbwp30p140tt0p9v25c
  dual_port_bram_16x32_write_first_1694
                     ZeroWireload          tcbn22ullbwp30p140tt0p9v25c
  dual_port_bram_16x32_write_first_1693
                     ZeroWireload          tcbn22ullbwp30p140tt0p9v25c
  dual_port_bram_16x32_write_first_1692
                     ZeroWireload          tcbn22ullbwp30p140tt0p9v25c
  dual_port_bram_16x32_write_first_1691
                     ZeroWireload          tcbn22ullbwp30p140tt0p9v25c
  dual_port_bram_16x32_write_first_1690
                     ZeroWireload          tcbn22ullbwp30p140tt0p9v25c
  dual_port_bram_16x32_write_first_1689
                     ZeroWireload          tcbn22ullbwp30p140tt0p9v25c
  dual_port_bram_16x32_write_first_1688
                     ZeroWireload          tcbn22ullbwp30p140tt0p9v25c
  dual_port_bram_16x32_write_first_1687
                     ZeroWireload          tcbn22ullbwp30p140tt0p9v25c
  dual_port_bram_16x32_write_first_1686
                     ZeroWireload          tcbn22ullbwp30p140tt0p9v25c
  dual_port_bram_16x32_write_first_1685
                     ZeroWireload          tcbn22ullbwp30p140tt0p9v25c
  dual_port_bram_16x32_write_first_1684
                     ZeroWireload          tcbn22ullbwp30p140tt0p9v25c
  dual_port_bram_16x32_write_first_1683
                     ZeroWireload          tcbn22ullbwp30p140tt0p9v25c
  dual_port_bram_16x32_write_first_1682
                     ZeroWireload          tcbn22ullbwp30p140tt0p9v25c
  dual_port_bram_16x32_write_first_1681
                     ZeroWireload          tcbn22ullbwp30p140tt0p9v25c
  dual_port_bram_16x32_write_first_1680
                     ZeroWireload          tcbn22ullbwp30p140tt0p9v25c
  dual_port_bram_16x32_write_first_1679
                     ZeroWireload          tcbn22ullbwp30p140tt0p9v25c
  dual_port_bram_16x32_write_first_1678
                     ZeroWireload          tcbn22ullbwp30p140tt0p9v25c
  dual_port_bram_16x32_write_first_1677
                     ZeroWireload          tcbn22ullbwp30p140tt0p9v25c
  dual_port_bram_16x32_write_first_1676
                     ZeroWireload          tcbn22ullbwp30p140tt0p9v25c
  dual_port_bram_16x32_write_first_1675
                     ZeroWireload          tcbn22ullbwp30p140tt0p9v25c
  dual_port_bram_16x32_write_first_1674
                     ZeroWireload          tcbn22ullbwp30p140tt0p9v25c
  dual_port_bram_16x32_write_first_1673
                     ZeroWireload          tcbn22ullbwp30p140tt0p9v25c
  dual_port_bram_16x32_write_first_1672
                     ZeroWireload          tcbn22ullbwp30p140tt0p9v25c
  dual_port_bram_16x32_write_first_1671
                     ZeroWireload          tcbn22ullbwp30p140tt0p9v25c
  dual_port_bram_16x32_write_first_1670
                     ZeroWireload          tcbn22ullbwp30p140tt0p9v25c
  dual_port_bram_16x32_write_first_1669
                     ZeroWireload          tcbn22ullbwp30p140tt0p9v25c
  dual_port_bram_16x32_write_first_1668
                     ZeroWireload          tcbn22ullbwp30p140tt0p9v25c
  dual_port_bram_16x32_write_first_1667
                     ZeroWireload          tcbn22ullbwp30p140tt0p9v25c
  dual_port_bram_16x32_write_first_1666
                     ZeroWireload          tcbn22ullbwp30p140tt0p9v25c
  dual_port_bram_16x32_write_first_1665
                     ZeroWireload          tcbn22ullbwp30p140tt0p9v25c
  dual_port_bram_16x32_write_first_1664
                     ZeroWireload          tcbn22ullbwp30p140tt0p9v25c
  dual_port_bram_16x32_write_first_1663
                     ZeroWireload          tcbn22ullbwp30p140tt0p9v25c
  dual_port_bram_16x32_write_first_1662
                     ZeroWireload          tcbn22ullbwp30p140tt0p9v25c
  dual_port_bram_16x32_write_first_1661
                     ZeroWireload          tcbn22ullbwp30p140tt0p9v25c
  dual_port_bram_16x32_write_first_1660
                     ZeroWireload          tcbn22ullbwp30p140tt0p9v25c
  dual_port_bram_16x32_write_first_1659
                     ZeroWireload          tcbn22ullbwp30p140tt0p9v25c
  dual_port_bram_16x32_write_first_1658
                     ZeroWireload          tcbn22ullbwp30p140tt0p9v25c
  dual_port_bram_16x32_write_first_1657
                     ZeroWireload          tcbn22ullbwp30p140tt0p9v25c
  dual_port_bram_16x32_write_first_1656
                     ZeroWireload          tcbn22ullbwp30p140tt0p9v25c
  dual_port_bram_16x32_write_first_1655
                     ZeroWireload          tcbn22ullbwp30p140tt0p9v25c
  dual_port_bram_16x32_write_first_1654
                     ZeroWireload          tcbn22ullbwp30p140tt0p9v25c
  dual_port_bram_16x32_write_first_1653
                     ZeroWireload          tcbn22ullbwp30p140tt0p9v25c
  dual_port_bram_16x32_write_first_1652
                     ZeroWireload          tcbn22ullbwp30p140tt0p9v25c
  dual_port_bram_16x32_write_first_1651
                     ZeroWireload          tcbn22ullbwp30p140tt0p9v25c
  dual_port_bram_16x32_write_first_1650
                     ZeroWireload          tcbn22ullbwp30p140tt0p9v25c
  dual_port_bram_16x32_write_first_1649
                     ZeroWireload          tcbn22ullbwp30p140tt0p9v25c
  dual_port_bram_16x32_write_first_1648
                     ZeroWireload          tcbn22ullbwp30p140tt0p9v25c
  dual_port_bram_16x32_write_first_1647
                     ZeroWireload          tcbn22ullbwp30p140tt0p9v25c
  dual_port_bram_16x32_write_first_1646
                     ZeroWireload          tcbn22ullbwp30p140tt0p9v25c
  dual_port_bram_16x32_write_first_1645
                     ZeroWireload          tcbn22ullbwp30p140tt0p9v25c
  dual_port_bram_16x32_write_first_1644
                     ZeroWireload          tcbn22ullbwp30p140tt0p9v25c
  dual_port_bram_16x32_write_first_1643
                     ZeroWireload          tcbn22ullbwp30p140tt0p9v25c
  dual_port_bram_16x32_write_first_1642
                     ZeroWireload          tcbn22ullbwp30p140tt0p9v25c
  dual_port_bram_16x32_write_first_1641
                     ZeroWireload          tcbn22ullbwp30p140tt0p9v25c
  dual_port_bram_16x32_write_first_1640
                     ZeroWireload          tcbn22ullbwp30p140tt0p9v25c
  dual_port_bram_16x32_write_first_1639
                     ZeroWireload          tcbn22ullbwp30p140tt0p9v25c
  dual_port_bram_16x32_write_first_1638
                     ZeroWireload          tcbn22ullbwp30p140tt0p9v25c
  dual_port_bram_16x32_write_first_1637
                     ZeroWireload          tcbn22ullbwp30p140tt0p9v25c
  dual_port_bram_16x32_write_first_1636
                     ZeroWireload          tcbn22ullbwp30p140tt0p9v25c
  dual_port_bram_16x32_write_first_1635
                     ZeroWireload          tcbn22ullbwp30p140tt0p9v25c
  dual_port_bram_16x32_write_first_1634
                     ZeroWireload          tcbn22ullbwp30p140tt0p9v25c
  dual_port_bram_16x32_write_first_1633
                     ZeroWireload          tcbn22ullbwp30p140tt0p9v25c
  dual_port_bram_16x32_write_first_1632
                     ZeroWireload          tcbn22ullbwp30p140tt0p9v25c
  dual_port_bram_16x32_write_first_1631
                     ZeroWireload          tcbn22ullbwp30p140tt0p9v25c
  dual_port_bram_16x32_write_first_1630
                     ZeroWireload          tcbn22ullbwp30p140tt0p9v25c
  dual_port_bram_16x32_write_first_1629
                     ZeroWireload          tcbn22ullbwp30p140tt0p9v25c
  dual_port_bram_16x32_write_first_1628
                     ZeroWireload          tcbn22ullbwp30p140tt0p9v25c
  dual_port_bram_16x32_write_first_1627
                     ZeroWireload          tcbn22ullbwp30p140tt0p9v25c
  dual_port_bram_16x32_write_first_1626
                     ZeroWireload          tcbn22ullbwp30p140tt0p9v25c
  dual_port_bram_16x32_write_first_1625
                     ZeroWireload          tcbn22ullbwp30p140tt0p9v25c
  dual_port_bram_16x32_write_first_1624
                     ZeroWireload          tcbn22ullbwp30p140tt0p9v25c
  dual_port_bram_16x32_write_first_1623
                     ZeroWireload          tcbn22ullbwp30p140tt0p9v25c
  dual_port_bram_16x32_write_first_1622
                     ZeroWireload          tcbn22ullbwp30p140tt0p9v25c
  dual_port_bram_16x32_write_first_1621
                     ZeroWireload          tcbn22ullbwp30p140tt0p9v25c
  dual_port_bram_16x32_write_first_1620
                     ZeroWireload          tcbn22ullbwp30p140tt0p9v25c
  dual_port_bram_16x32_write_first_1619
                     ZeroWireload          tcbn22ullbwp30p140tt0p9v25c
  dual_port_bram_16x32_write_first_1618
                     ZeroWireload          tcbn22ullbwp30p140tt0p9v25c
  dual_port_bram_16x32_write_first_1617
                     ZeroWireload          tcbn22ullbwp30p140tt0p9v25c
  dual_port_bram_16x32_write_first_1616
                     ZeroWireload          tcbn22ullbwp30p140tt0p9v25c
  dual_port_bram_16x32_write_first_1615
                     ZeroWireload          tcbn22ullbwp30p140tt0p9v25c
  dual_port_bram_16x32_write_first_1614
                     ZeroWireload          tcbn22ullbwp30p140tt0p9v25c
  dual_port_bram_16x32_write_first_1613
                     ZeroWireload          tcbn22ullbwp30p140tt0p9v25c
  dual_port_bram_16x32_write_first_1612
                     ZeroWireload          tcbn22ullbwp30p140tt0p9v25c
  dual_port_bram_16x32_write_first_1611
                     ZeroWireload          tcbn22ullbwp30p140tt0p9v25c
  dual_port_bram_16x32_write_first_1610
                     ZeroWireload          tcbn22ullbwp30p140tt0p9v25c
  dual_port_bram_16x32_write_first_1609
                     ZeroWireload          tcbn22ullbwp30p140tt0p9v25c
  dual_port_bram_16x32_write_first_1608
                     ZeroWireload          tcbn22ullbwp30p140tt0p9v25c
  dual_port_bram_16x32_write_first_1607
                     ZeroWireload          tcbn22ullbwp30p140tt0p9v25c
  dual_port_bram_16x32_write_first_1606
                     ZeroWireload          tcbn22ullbwp30p140tt0p9v25c
  dual_port_bram_16x32_write_first_1605
                     ZeroWireload          tcbn22ullbwp30p140tt0p9v25c
  dual_port_bram_16x32_write_first_1604
                     ZeroWireload          tcbn22ullbwp30p140tt0p9v25c
  dual_port_bram_16x32_write_first_1603
                     ZeroWireload          tcbn22ullbwp30p140tt0p9v25c
  dual_port_bram_16x32_write_first_1602
                     ZeroWireload          tcbn22ullbwp30p140tt0p9v25c
  dual_port_bram_16x32_write_first_1601
                     ZeroWireload          tcbn22ullbwp30p140tt0p9v25c
  dual_port_bram_16x32_write_first_1600
                     ZeroWireload          tcbn22ullbwp30p140tt0p9v25c
  dual_port_bram_16x32_write_first_1599
                     ZeroWireload          tcbn22ullbwp30p140tt0p9v25c
  dual_port_bram_16x32_write_first_1598
                     ZeroWireload          tcbn22ullbwp30p140tt0p9v25c
  dual_port_bram_16x32_write_first_1597
                     ZeroWireload          tcbn22ullbwp30p140tt0p9v25c
  dual_port_bram_16x32_write_first_1596
                     ZeroWireload          tcbn22ullbwp30p140tt0p9v25c
  dual_port_bram_16x32_write_first_1595
                     ZeroWireload          tcbn22ullbwp30p140tt0p9v25c
  dual_port_bram_16x32_write_first_1594
                     ZeroWireload          tcbn22ullbwp30p140tt0p9v25c
  dual_port_bram_16x32_write_first_1593
                     ZeroWireload          tcbn22ullbwp30p140tt0p9v25c
  dual_port_bram_16x32_write_first_1592
                     ZeroWireload          tcbn22ullbwp30p140tt0p9v25c
  dual_port_bram_16x32_write_first_1591
                     ZeroWireload          tcbn22ullbwp30p140tt0p9v25c
  dual_port_bram_16x32_write_first_1590
                     ZeroWireload          tcbn22ullbwp30p140tt0p9v25c
  dual_port_bram_16x32_write_first_1589
                     ZeroWireload          tcbn22ullbwp30p140tt0p9v25c
  dual_port_bram_16x32_write_first_1588
                     ZeroWireload          tcbn22ullbwp30p140tt0p9v25c
  dual_port_bram_16x32_write_first_1587
                     ZeroWireload          tcbn22ullbwp30p140tt0p9v25c
  dual_port_bram_16x32_write_first_1586
                     ZeroWireload          tcbn22ullbwp30p140tt0p9v25c
  dual_port_bram_16x32_write_first_1585
                     ZeroWireload          tcbn22ullbwp30p140tt0p9v25c
  dual_port_bram_16x32_write_first_1584
                     ZeroWireload          tcbn22ullbwp30p140tt0p9v25c
  dual_port_bram_16x32_write_first_1583
                     ZeroWireload          tcbn22ullbwp30p140tt0p9v25c
  dual_port_bram_16x32_write_first_1582
                     ZeroWireload          tcbn22ullbwp30p140tt0p9v25c
  dual_port_bram_16x32_write_first_1581
                     ZeroWireload          tcbn22ullbwp30p140tt0p9v25c
  dual_port_bram_16x32_write_first_1580
                     ZeroWireload          tcbn22ullbwp30p140tt0p9v25c
  dual_port_bram_16x32_write_first_1579
                     ZeroWireload          tcbn22ullbwp30p140tt0p9v25c
  dual_port_bram_16x32_write_first_1578
                     ZeroWireload          tcbn22ullbwp30p140tt0p9v25c
  dual_port_bram_16x32_write_first_1577
                     ZeroWireload          tcbn22ullbwp30p140tt0p9v25c
  dual_port_bram_16x32_write_first_1576
                     ZeroWireload          tcbn22ullbwp30p140tt0p9v25c
  dual_port_bram_16x32_write_first_1575
                     ZeroWireload          tcbn22ullbwp30p140tt0p9v25c
  dual_port_bram_16x32_write_first_1574
                     ZeroWireload          tcbn22ullbwp30p140tt0p9v25c
  dual_port_bram_16x32_write_first_1573
                     ZeroWireload          tcbn22ullbwp30p140tt0p9v25c
  dual_port_bram_16x32_write_first_1572
                     ZeroWireload          tcbn22ullbwp30p140tt0p9v25c
  dual_port_bram_16x32_write_first_1571
                     ZeroWireload          tcbn22ullbwp30p140tt0p9v25c
  dual_port_bram_16x32_write_first_1570
                     ZeroWireload          tcbn22ullbwp30p140tt0p9v25c
  dual_port_bram_16x32_write_first_1569
                     ZeroWireload          tcbn22ullbwp30p140tt0p9v25c
  dual_port_bram_16x32_write_first_1568
                     ZeroWireload          tcbn22ullbwp30p140tt0p9v25c
  dual_port_bram_16x32_write_first_1567
                     ZeroWireload          tcbn22ullbwp30p140tt0p9v25c
  dual_port_bram_16x32_write_first_1566
                     ZeroWireload          tcbn22ullbwp30p140tt0p9v25c
  dual_port_bram_16x32_write_first_1565
                     ZeroWireload          tcbn22ullbwp30p140tt0p9v25c
  dual_port_bram_16x32_write_first_1564
                     ZeroWireload          tcbn22ullbwp30p140tt0p9v25c
  dual_port_bram_16x32_write_first_1563
                     ZeroWireload          tcbn22ullbwp30p140tt0p9v25c
  dual_port_bram_16x32_write_first_1562
                     ZeroWireload          tcbn22ullbwp30p140tt0p9v25c
  dual_port_bram_16x32_write_first_1561
                     ZeroWireload          tcbn22ullbwp30p140tt0p9v25c
  dual_port_bram_16x32_write_first_1560
                     ZeroWireload          tcbn22ullbwp30p140tt0p9v25c
  dual_port_bram_16x32_write_first_1559
                     ZeroWireload          tcbn22ullbwp30p140tt0p9v25c
  dual_port_bram_16x32_write_first_1558
                     ZeroWireload          tcbn22ullbwp30p140tt0p9v25c
  dual_port_bram_16x32_write_first_1557
                     ZeroWireload          tcbn22ullbwp30p140tt0p9v25c
  dual_port_bram_16x32_write_first_1556
                     ZeroWireload          tcbn22ullbwp30p140tt0p9v25c
  dual_port_bram_16x32_write_first_1555
                     ZeroWireload          tcbn22ullbwp30p140tt0p9v25c
  dual_port_bram_16x32_write_first_1554
                     ZeroWireload          tcbn22ullbwp30p140tt0p9v25c
  dual_port_bram_16x32_write_first_1553
                     ZeroWireload          tcbn22ullbwp30p140tt0p9v25c
  dual_port_bram_16x32_write_first_1552
                     ZeroWireload          tcbn22ullbwp30p140tt0p9v25c
  dual_port_bram_16x32_write_first_1551
                     ZeroWireload          tcbn22ullbwp30p140tt0p9v25c
  dual_port_bram_16x32_write_first_1550
                     ZeroWireload          tcbn22ullbwp30p140tt0p9v25c
  dual_port_bram_16x32_write_first_1549
                     ZeroWireload          tcbn22ullbwp30p140tt0p9v25c
  dual_port_bram_16x32_write_first_1548
                     ZeroWireload          tcbn22ullbwp30p140tt0p9v25c
  dual_port_bram_16x32_write_first_1547
                     ZeroWireload          tcbn22ullbwp30p140tt0p9v25c
  dual_port_bram_16x32_write_first_1546
                     ZeroWireload          tcbn22ullbwp30p140tt0p9v25c
  dual_port_bram_16x32_write_first_1545
                     ZeroWireload          tcbn22ullbwp30p140tt0p9v25c
  dual_port_bram_16x32_write_first_1544
                     ZeroWireload          tcbn22ullbwp30p140tt0p9v25c
  dual_port_bram_16x32_write_first_1543
                     ZeroWireload          tcbn22ullbwp30p140tt0p9v25c
  dual_port_bram_16x32_write_first_1542
                     ZeroWireload          tcbn22ullbwp30p140tt0p9v25c
  dual_port_bram_16x32_write_first_1541
                     ZeroWireload          tcbn22ullbwp30p140tt0p9v25c
  dual_port_bram_16x32_write_first_1540
                     ZeroWireload          tcbn22ullbwp30p140tt0p9v25c
  dual_port_bram_16x32_write_first_1539
                     ZeroWireload          tcbn22ullbwp30p140tt0p9v25c
  dual_port_bram_16x32_write_first_1538
                     ZeroWireload          tcbn22ullbwp30p140tt0p9v25c
  dual_port_bram_16x32_write_first_1537
                     ZeroWireload          tcbn22ullbwp30p140tt0p9v25c
  dual_port_bram_16x32_write_first_1536
                     ZeroWireload          tcbn22ullbwp30p140tt0p9v25c
  dual_port_bram_16x32_write_first_1535
                     ZeroWireload          tcbn22ullbwp30p140tt0p9v25c
  dual_port_bram_16x32_write_first_1534
                     ZeroWireload          tcbn22ullbwp30p140tt0p9v25c
  dual_port_bram_16x32_write_first_1533
                     ZeroWireload          tcbn22ullbwp30p140tt0p9v25c
  dual_port_bram_16x32_write_first_1532
                     ZeroWireload          tcbn22ullbwp30p140tt0p9v25c
  dual_port_bram_16x32_write_first_1531
                     ZeroWireload          tcbn22ullbwp30p140tt0p9v25c
  dual_port_bram_16x32_write_first_1530
                     ZeroWireload          tcbn22ullbwp30p140tt0p9v25c
  dual_port_bram_16x32_write_first_1529
                     ZeroWireload          tcbn22ullbwp30p140tt0p9v25c
  dual_port_bram_16x32_write_first_1528
                     ZeroWireload          tcbn22ullbwp30p140tt0p9v25c
  dual_port_bram_16x32_write_first_1527
                     ZeroWireload          tcbn22ullbwp30p140tt0p9v25c
  dual_port_bram_16x32_write_first_1526
                     ZeroWireload          tcbn22ullbwp30p140tt0p9v25c
  dual_port_bram_16x32_write_first_1525
                     ZeroWireload          tcbn22ullbwp30p140tt0p9v25c
  dual_port_bram_16x32_write_first_1524
                     ZeroWireload          tcbn22ullbwp30p140tt0p9v25c
  dual_port_bram_16x32_write_first_1523
                     ZeroWireload          tcbn22ullbwp30p140tt0p9v25c
  dual_port_bram_16x32_write_first_1522
                     ZeroWireload          tcbn22ullbwp30p140tt0p9v25c
  dual_port_bram_16x32_write_first_1521
                     ZeroWireload          tcbn22ullbwp30p140tt0p9v25c
  dual_port_bram_16x32_write_first_1520
                     ZeroWireload          tcbn22ullbwp30p140tt0p9v25c
  dual_port_bram_16x32_write_first_1519
                     ZeroWireload          tcbn22ullbwp30p140tt0p9v25c
  dual_port_bram_16x32_write_first_1518
                     ZeroWireload          tcbn22ullbwp30p140tt0p9v25c
  dual_port_bram_16x32_write_first_1517
                     ZeroWireload          tcbn22ullbwp30p140tt0p9v25c
  dual_port_bram_16x32_write_first_1516
                     ZeroWireload          tcbn22ullbwp30p140tt0p9v25c
  dual_port_bram_16x32_write_first_1515
                     ZeroWireload          tcbn22ullbwp30p140tt0p9v25c
  dual_port_bram_16x32_write_first_1514
                     ZeroWireload          tcbn22ullbwp30p140tt0p9v25c
  dual_port_bram_16x32_write_first_1513
                     ZeroWireload          tcbn22ullbwp30p140tt0p9v25c
  dual_port_bram_16x32_write_first_1512
                     ZeroWireload          tcbn22ullbwp30p140tt0p9v25c
  dual_port_bram_16x32_write_first_1511
                     ZeroWireload          tcbn22ullbwp30p140tt0p9v25c
  dual_port_bram_16x32_write_first_1510
                     ZeroWireload          tcbn22ullbwp30p140tt0p9v25c
  dual_port_bram_16x32_write_first_1509
                     ZeroWireload          tcbn22ullbwp30p140tt0p9v25c
  dual_port_bram_16x32_write_first_1508
                     ZeroWireload          tcbn22ullbwp30p140tt0p9v25c
  dual_port_bram_16x32_write_first_1507
                     ZeroWireload          tcbn22ullbwp30p140tt0p9v25c
  dual_port_bram_16x32_write_first_1506
                     ZeroWireload          tcbn22ullbwp30p140tt0p9v25c
  dual_port_bram_16x32_write_first_1505
                     ZeroWireload          tcbn22ullbwp30p140tt0p9v25c
  dual_port_bram_16x32_write_first_1504
                     ZeroWireload          tcbn22ullbwp30p140tt0p9v25c
  dual_port_bram_16x32_write_first_1503
                     ZeroWireload          tcbn22ullbwp30p140tt0p9v25c
  dual_port_bram_16x32_write_first_1502
                     ZeroWireload          tcbn22ullbwp30p140tt0p9v25c
  dual_port_bram_16x32_write_first_1501
                     ZeroWireload          tcbn22ullbwp30p140tt0p9v25c
  dual_port_bram_16x32_write_first_1500
                     ZeroWireload          tcbn22ullbwp30p140tt0p9v25c
  dual_port_bram_16x32_write_first_1499
                     ZeroWireload          tcbn22ullbwp30p140tt0p9v25c
  dual_port_bram_16x32_write_first_1498
                     ZeroWireload          tcbn22ullbwp30p140tt0p9v25c
  dual_port_bram_16x32_write_first_1497
                     ZeroWireload          tcbn22ullbwp30p140tt0p9v25c
  dual_port_bram_16x32_write_first_1496
                     ZeroWireload          tcbn22ullbwp30p140tt0p9v25c
  dual_port_bram_16x32_write_first_1495
                     ZeroWireload          tcbn22ullbwp30p140tt0p9v25c
  dual_port_bram_16x32_write_first_1494
                     ZeroWireload          tcbn22ullbwp30p140tt0p9v25c
  dual_port_bram_16x32_write_first_1493
                     ZeroWireload          tcbn22ullbwp30p140tt0p9v25c
  dual_port_bram_16x32_write_first_1492
                     ZeroWireload          tcbn22ullbwp30p140tt0p9v25c
  dual_port_bram_16x32_write_first_1491
                     ZeroWireload          tcbn22ullbwp30p140tt0p9v25c
  dual_port_bram_16x32_write_first_1490
                     ZeroWireload          tcbn22ullbwp30p140tt0p9v25c
  dual_port_bram_16x32_write_first_1489
                     ZeroWireload          tcbn22ullbwp30p140tt0p9v25c
  dual_port_bram_16x32_write_first_1488
                     ZeroWireload          tcbn22ullbwp30p140tt0p9v25c
  dual_port_bram_16x32_write_first_1487
                     ZeroWireload          tcbn22ullbwp30p140tt0p9v25c
  dual_port_bram_16x32_write_first_1486
                     ZeroWireload          tcbn22ullbwp30p140tt0p9v25c
  dual_port_bram_16x32_write_first_1485
                     ZeroWireload          tcbn22ullbwp30p140tt0p9v25c
  dual_port_bram_16x32_write_first_1484
                     ZeroWireload          tcbn22ullbwp30p140tt0p9v25c
  dual_port_bram_16x32_write_first_1483
                     ZeroWireload          tcbn22ullbwp30p140tt0p9v25c
  dual_port_bram_16x32_write_first_1482
                     ZeroWireload          tcbn22ullbwp30p140tt0p9v25c
  dual_port_bram_16x32_write_first_1481
                     ZeroWireload          tcbn22ullbwp30p140tt0p9v25c
  dual_port_bram_16x32_write_first_1480
                     ZeroWireload          tcbn22ullbwp30p140tt0p9v25c
  dual_port_bram_16x32_write_first_1479
                     ZeroWireload          tcbn22ullbwp30p140tt0p9v25c
  dual_port_bram_16x32_write_first_1478
                     ZeroWireload          tcbn22ullbwp30p140tt0p9v25c
  dual_port_bram_16x32_write_first_1477
                     ZeroWireload          tcbn22ullbwp30p140tt0p9v25c
  dual_port_bram_16x32_write_first_1476
                     ZeroWireload          tcbn22ullbwp30p140tt0p9v25c
  dual_port_bram_16x32_write_first_1475
                     ZeroWireload          tcbn22ullbwp30p140tt0p9v25c
  dual_port_bram_16x32_write_first_1474
                     ZeroWireload          tcbn22ullbwp30p140tt0p9v25c
  dual_port_bram_16x32_write_first_1473
                     ZeroWireload          tcbn22ullbwp30p140tt0p9v25c
  dual_port_bram_16x32_write_first_1472
                     ZeroWireload          tcbn22ullbwp30p140tt0p9v25c
  dual_port_bram_16x32_write_first_1471
                     ZeroWireload          tcbn22ullbwp30p140tt0p9v25c
  dual_port_bram_16x32_write_first_1470
                     ZeroWireload          tcbn22ullbwp30p140tt0p9v25c
  dual_port_bram_16x32_write_first_1469
                     ZeroWireload          tcbn22ullbwp30p140tt0p9v25c
  dual_port_bram_16x32_write_first_1468
                     ZeroWireload          tcbn22ullbwp30p140tt0p9v25c
  dual_port_bram_16x32_write_first_1467
                     ZeroWireload          tcbn22ullbwp30p140tt0p9v25c
  dual_port_bram_16x32_write_first_1466
                     ZeroWireload          tcbn22ullbwp30p140tt0p9v25c
  dual_port_bram_16x32_write_first_1465
                     ZeroWireload          tcbn22ullbwp30p140tt0p9v25c
  dual_port_bram_16x32_write_first_1464
                     ZeroWireload          tcbn22ullbwp30p140tt0p9v25c
  dual_port_bram_16x32_write_first_1463
                     ZeroWireload          tcbn22ullbwp30p140tt0p9v25c
  dual_port_bram_16x32_write_first_1462
                     ZeroWireload          tcbn22ullbwp30p140tt0p9v25c
  dual_port_bram_16x32_write_first_1461
                     ZeroWireload          tcbn22ullbwp30p140tt0p9v25c
  dual_port_bram_16x32_write_first_1460
                     ZeroWireload          tcbn22ullbwp30p140tt0p9v25c
  dual_port_bram_16x32_write_first_1459
                     ZeroWireload          tcbn22ullbwp30p140tt0p9v25c
  dual_port_bram_16x32_write_first_1458
                     ZeroWireload          tcbn22ullbwp30p140tt0p9v25c
  dual_port_bram_16x32_write_first_1457
                     ZeroWireload          tcbn22ullbwp30p140tt0p9v25c
  dual_port_bram_16x32_write_first_1456
                     ZeroWireload          tcbn22ullbwp30p140tt0p9v25c
  dual_port_bram_16x32_write_first_1455
                     ZeroWireload          tcbn22ullbwp30p140tt0p9v25c
  dual_port_bram_16x32_write_first_1454
                     ZeroWireload          tcbn22ullbwp30p140tt0p9v25c
  dual_port_bram_16x32_write_first_1453
                     ZeroWireload          tcbn22ullbwp30p140tt0p9v25c
  dual_port_bram_16x32_write_first_1452
                     ZeroWireload          tcbn22ullbwp30p140tt0p9v25c
  dual_port_bram_16x32_write_first_1451
                     ZeroWireload          tcbn22ullbwp30p140tt0p9v25c
  dual_port_bram_16x32_write_first_1450
                     ZeroWireload          tcbn22ullbwp30p140tt0p9v25c
  dual_port_bram_16x32_write_first_1449
                     ZeroWireload          tcbn22ullbwp30p140tt0p9v25c
  dual_port_bram_16x32_write_first_1448
                     ZeroWireload          tcbn22ullbwp30p140tt0p9v25c
  dual_port_bram_16x32_write_first_1447
                     ZeroWireload          tcbn22ullbwp30p140tt0p9v25c
  dual_port_bram_16x32_write_first_1446
                     ZeroWireload          tcbn22ullbwp30p140tt0p9v25c
  dual_port_bram_16x32_write_first_1445
                     ZeroWireload          tcbn22ullbwp30p140tt0p9v25c
  dual_port_bram_16x32_write_first_1444
                     ZeroWireload          tcbn22ullbwp30p140tt0p9v25c
  dual_port_bram_16x32_write_first_1443
                     ZeroWireload          tcbn22ullbwp30p140tt0p9v25c
  dual_port_bram_16x32_write_first_1442
                     ZeroWireload          tcbn22ullbwp30p140tt0p9v25c
  dual_port_bram_16x32_write_first_1441
                     ZeroWireload          tcbn22ullbwp30p140tt0p9v25c
  dual_port_bram_16x32_write_first_1440
                     ZeroWireload          tcbn22ullbwp30p140tt0p9v25c
  dual_port_bram_16x32_write_first_1439
                     ZeroWireload          tcbn22ullbwp30p140tt0p9v25c
  dual_port_bram_16x32_write_first_1438
                     ZeroWireload          tcbn22ullbwp30p140tt0p9v25c
  dual_port_bram_16x32_write_first_1437
                     ZeroWireload          tcbn22ullbwp30p140tt0p9v25c
  dual_port_bram_16x32_write_first_1436
                     ZeroWireload          tcbn22ullbwp30p140tt0p9v25c
  dual_port_bram_16x32_write_first_1435
                     ZeroWireload          tcbn22ullbwp30p140tt0p9v25c
  dual_port_bram_16x32_write_first_1434
                     ZeroWireload          tcbn22ullbwp30p140tt0p9v25c
  dual_port_bram_16x32_write_first_1433
                     ZeroWireload          tcbn22ullbwp30p140tt0p9v25c
  dual_port_bram_16x32_write_first_1432
                     ZeroWireload          tcbn22ullbwp30p140tt0p9v25c
  dual_port_bram_16x32_write_first_1431
                     ZeroWireload          tcbn22ullbwp30p140tt0p9v25c
  dual_port_bram_16x32_write_first_1430
                     ZeroWireload          tcbn22ullbwp30p140tt0p9v25c
  dual_port_bram_16x32_write_first_1429
                     ZeroWireload          tcbn22ullbwp30p140tt0p9v25c
  dual_port_bram_16x32_write_first_1428
                     ZeroWireload          tcbn22ullbwp30p140tt0p9v25c
  dual_port_bram_16x32_write_first_1427
                     ZeroWireload          tcbn22ullbwp30p140tt0p9v25c
  dual_port_bram_16x32_write_first_1426
                     ZeroWireload          tcbn22ullbwp30p140tt0p9v25c
  dual_port_bram_16x32_write_first_1425
                     ZeroWireload          tcbn22ullbwp30p140tt0p9v25c
  dual_port_bram_16x32_write_first_1424
                     ZeroWireload          tcbn22ullbwp30p140tt0p9v25c
  dual_port_bram_16x32_write_first_1423
                     ZeroWireload          tcbn22ullbwp30p140tt0p9v25c
  dual_port_bram_16x32_write_first_1422
                     ZeroWireload          tcbn22ullbwp30p140tt0p9v25c
  dual_port_bram_16x32_write_first_1421
                     ZeroWireload          tcbn22ullbwp30p140tt0p9v25c
  dual_port_bram_16x32_write_first_1420
                     ZeroWireload          tcbn22ullbwp30p140tt0p9v25c
  dual_port_bram_16x32_write_first_1419
                     ZeroWireload          tcbn22ullbwp30p140tt0p9v25c
  dual_port_bram_16x32_write_first_1418
                     ZeroWireload          tcbn22ullbwp30p140tt0p9v25c
  dual_port_bram_16x32_write_first_1417
                     ZeroWireload          tcbn22ullbwp30p140tt0p9v25c
  dual_port_bram_16x32_write_first_1416
                     ZeroWireload          tcbn22ullbwp30p140tt0p9v25c
  dual_port_bram_16x32_write_first_1415
                     ZeroWireload          tcbn22ullbwp30p140tt0p9v25c
  dual_port_bram_16x32_write_first_1414
                     ZeroWireload          tcbn22ullbwp30p140tt0p9v25c
  dual_port_bram_16x32_write_first_1413
                     ZeroWireload          tcbn22ullbwp30p140tt0p9v25c
  dual_port_bram_16x32_write_first_1412
                     ZeroWireload          tcbn22ullbwp30p140tt0p9v25c
  dual_port_bram_16x32_write_first_1411
                     ZeroWireload          tcbn22ullbwp30p140tt0p9v25c
  dual_port_bram_16x32_write_first_1410
                     ZeroWireload          tcbn22ullbwp30p140tt0p9v25c
  dual_port_bram_16x32_write_first_1409
                     ZeroWireload          tcbn22ullbwp30p140tt0p9v25c
  dual_port_bram_16x32_write_first_1408
                     ZeroWireload          tcbn22ullbwp30p140tt0p9v25c
  dual_port_bram_16x32_write_first_1407
                     ZeroWireload          tcbn22ullbwp30p140tt0p9v25c
  dual_port_bram_16x32_write_first_1406
                     ZeroWireload          tcbn22ullbwp30p140tt0p9v25c
  dual_port_bram_16x32_write_first_1405
                     ZeroWireload          tcbn22ullbwp30p140tt0p9v25c
  dual_port_bram_16x32_write_first_1404
                     ZeroWireload          tcbn22ullbwp30p140tt0p9v25c
  dual_port_bram_16x32_write_first_1403
                     ZeroWireload          tcbn22ullbwp30p140tt0p9v25c
  dual_port_bram_16x32_write_first_1402
                     ZeroWireload          tcbn22ullbwp30p140tt0p9v25c
  dual_port_bram_16x32_write_first_1401
                     ZeroWireload          tcbn22ullbwp30p140tt0p9v25c
  dual_port_bram_16x32_write_first_1400
                     ZeroWireload          tcbn22ullbwp30p140tt0p9v25c
  dual_port_bram_16x32_write_first_1399
                     ZeroWireload          tcbn22ullbwp30p140tt0p9v25c
  dual_port_bram_16x32_write_first_1398
                     ZeroWireload          tcbn22ullbwp30p140tt0p9v25c
  dual_port_bram_16x32_write_first_1397
                     ZeroWireload          tcbn22ullbwp30p140tt0p9v25c
  dual_port_bram_16x32_write_first_1396
                     ZeroWireload          tcbn22ullbwp30p140tt0p9v25c
  dual_port_bram_16x32_write_first_1395
                     ZeroWireload          tcbn22ullbwp30p140tt0p9v25c
  dual_port_bram_16x32_write_first_1394
                     ZeroWireload          tcbn22ullbwp30p140tt0p9v25c
  dual_port_bram_16x32_write_first_1393
                     ZeroWireload          tcbn22ullbwp30p140tt0p9v25c
  dual_port_bram_16x32_write_first_1392
                     ZeroWireload          tcbn22ullbwp30p140tt0p9v25c
  dual_port_bram_16x32_write_first_1391
                     ZeroWireload          tcbn22ullbwp30p140tt0p9v25c
  dual_port_bram_16x32_write_first_1390
                     ZeroWireload          tcbn22ullbwp30p140tt0p9v25c
  dual_port_bram_16x32_write_first_1389
                     ZeroWireload          tcbn22ullbwp30p140tt0p9v25c
  dual_port_bram_16x32_write_first_1388
                     ZeroWireload          tcbn22ullbwp30p140tt0p9v25c
  dual_port_bram_16x32_write_first_1387
                     ZeroWireload          tcbn22ullbwp30p140tt0p9v25c
  dual_port_bram_16x32_write_first_1386
                     ZeroWireload          tcbn22ullbwp30p140tt0p9v25c
  dual_port_bram_16x32_write_first_1385
                     ZeroWireload          tcbn22ullbwp30p140tt0p9v25c
  dual_port_bram_16x32_write_first_1384
                     ZeroWireload          tcbn22ullbwp30p140tt0p9v25c
  dual_port_bram_16x32_write_first_1383
                     ZeroWireload          tcbn22ullbwp30p140tt0p9v25c
  dual_port_bram_16x32_write_first_1382
                     ZeroWireload          tcbn22ullbwp30p140tt0p9v25c
  dual_port_bram_16x32_write_first_1381
                     ZeroWireload          tcbn22ullbwp30p140tt0p9v25c
  dual_port_bram_16x32_write_first_1380
                     ZeroWireload          tcbn22ullbwp30p140tt0p9v25c
  dual_port_bram_16x32_write_first_1379
                     ZeroWireload          tcbn22ullbwp30p140tt0p9v25c
  dual_port_bram_16x32_write_first_1378
                     ZeroWireload          tcbn22ullbwp30p140tt0p9v25c
  dual_port_bram_16x32_write_first_1377
                     ZeroWireload          tcbn22ullbwp30p140tt0p9v25c
  dual_port_bram_16x32_write_first_1376
                     ZeroWireload          tcbn22ullbwp30p140tt0p9v25c
  dual_port_bram_16x32_write_first_1375
                     ZeroWireload          tcbn22ullbwp30p140tt0p9v25c
  dual_port_bram_16x32_write_first_1374
                     ZeroWireload          tcbn22ullbwp30p140tt0p9v25c
  dual_port_bram_16x32_write_first_1373
                     ZeroWireload          tcbn22ullbwp30p140tt0p9v25c
  dual_port_bram_16x32_write_first_1372
                     ZeroWireload          tcbn22ullbwp30p140tt0p9v25c
  dual_port_bram_16x32_write_first_1371
                     ZeroWireload          tcbn22ullbwp30p140tt0p9v25c
  dual_port_bram_16x32_write_first_1370
                     ZeroWireload          tcbn22ullbwp30p140tt0p9v25c
  dual_port_bram_16x32_write_first_1369
                     ZeroWireload          tcbn22ullbwp30p140tt0p9v25c
  dual_port_bram_16x32_write_first_1368
                     ZeroWireload          tcbn22ullbwp30p140tt0p9v25c
  dual_port_bram_16x32_write_first_1367
                     ZeroWireload          tcbn22ullbwp30p140tt0p9v25c
  dual_port_bram_16x32_write_first_1366
                     ZeroWireload          tcbn22ullbwp30p140tt0p9v25c
  dual_port_bram_16x32_write_first_1365
                     ZeroWireload          tcbn22ullbwp30p140tt0p9v25c
  dual_port_bram_16x32_write_first_1364
                     ZeroWireload          tcbn22ullbwp30p140tt0p9v25c
  dual_port_bram_16x32_write_first_1363
                     ZeroWireload          tcbn22ullbwp30p140tt0p9v25c
  dual_port_bram_16x32_write_first_1362
                     ZeroWireload          tcbn22ullbwp30p140tt0p9v25c
  dual_port_bram_16x32_write_first_1361
                     ZeroWireload          tcbn22ullbwp30p140tt0p9v25c
  dual_port_bram_16x32_write_first_1360
                     ZeroWireload          tcbn22ullbwp30p140tt0p9v25c
  dual_port_bram_16x32_write_first_1359
                     ZeroWireload          tcbn22ullbwp30p140tt0p9v25c
  dual_port_bram_16x32_write_first_1358
                     ZeroWireload          tcbn22ullbwp30p140tt0p9v25c
  dual_port_bram_16x32_write_first_1357
                     ZeroWireload          tcbn22ullbwp30p140tt0p9v25c
  dual_port_bram_16x32_write_first_1356
                     ZeroWireload          tcbn22ullbwp30p140tt0p9v25c
  dual_port_bram_16x32_write_first_1355
                     ZeroWireload          tcbn22ullbwp30p140tt0p9v25c
  dual_port_bram_16x32_write_first_1354
                     ZeroWireload          tcbn22ullbwp30p140tt0p9v25c
  dual_port_bram_16x32_write_first_1353
                     ZeroWireload          tcbn22ullbwp30p140tt0p9v25c
  dual_port_bram_16x32_write_first_1352
                     ZeroWireload          tcbn22ullbwp30p140tt0p9v25c
  dual_port_bram_16x32_write_first_1351
                     ZeroWireload          tcbn22ullbwp30p140tt0p9v25c
  dual_port_bram_16x32_write_first_1350
                     ZeroWireload          tcbn22ullbwp30p140tt0p9v25c
  dual_port_bram_16x32_write_first_1349
                     ZeroWireload          tcbn22ullbwp30p140tt0p9v25c
  dual_port_bram_16x32_write_first_1348
                     ZeroWireload          tcbn22ullbwp30p140tt0p9v25c
  dual_port_bram_16x32_write_first_1347
                     ZeroWireload          tcbn22ullbwp30p140tt0p9v25c
  dual_port_bram_16x32_write_first_1346
                     ZeroWireload          tcbn22ullbwp30p140tt0p9v25c
  dual_port_bram_16x32_write_first_1345
                     ZeroWireload          tcbn22ullbwp30p140tt0p9v25c
  dual_port_bram_16x32_write_first_1344
                     ZeroWireload          tcbn22ullbwp30p140tt0p9v25c
  dual_port_bram_16x32_write_first_1343
                     ZeroWireload          tcbn22ullbwp30p140tt0p9v25c
  dual_port_bram_16x32_write_first_1342
                     ZeroWireload          tcbn22ullbwp30p140tt0p9v25c
  dual_port_bram_16x32_write_first_1341
                     ZeroWireload          tcbn22ullbwp30p140tt0p9v25c
  dual_port_bram_16x32_write_first_1340
                     ZeroWireload          tcbn22ullbwp30p140tt0p9v25c
  dual_port_bram_16x32_write_first_1339
                     ZeroWireload          tcbn22ullbwp30p140tt0p9v25c
  dual_port_bram_16x32_write_first_1338
                     ZeroWireload          tcbn22ullbwp30p140tt0p9v25c
  dual_port_bram_16x32_write_first_1337
                     ZeroWireload          tcbn22ullbwp30p140tt0p9v25c
  dual_port_bram_16x32_write_first_1336
                     ZeroWireload          tcbn22ullbwp30p140tt0p9v25c
  dual_port_bram_16x32_write_first_1335
                     ZeroWireload          tcbn22ullbwp30p140tt0p9v25c
  dual_port_bram_16x32_write_first_1334
                     ZeroWireload          tcbn22ullbwp30p140tt0p9v25c
  dual_port_bram_16x32_write_first_1333
                     ZeroWireload          tcbn22ullbwp30p140tt0p9v25c
  dual_port_bram_16x32_write_first_1332
                     ZeroWireload          tcbn22ullbwp30p140tt0p9v25c
  dual_port_bram_16x32_write_first_1331
                     ZeroWireload          tcbn22ullbwp30p140tt0p9v25c
  dual_port_bram_16x32_write_first_1330
                     ZeroWireload          tcbn22ullbwp30p140tt0p9v25c
  dual_port_bram_16x32_write_first_1329
                     ZeroWireload          tcbn22ullbwp30p140tt0p9v25c
  dual_port_bram_16x32_write_first_1328
                     ZeroWireload          tcbn22ullbwp30p140tt0p9v25c
  dual_port_bram_16x32_write_first_1327
                     ZeroWireload          tcbn22ullbwp30p140tt0p9v25c
  dual_port_bram_16x32_write_first_1326
                     ZeroWireload          tcbn22ullbwp30p140tt0p9v25c
  dual_port_bram_16x32_write_first_1325
                     ZeroWireload          tcbn22ullbwp30p140tt0p9v25c
  dual_port_bram_16x32_write_first_1324
                     ZeroWireload          tcbn22ullbwp30p140tt0p9v25c
  dual_port_bram_16x32_write_first_1323
                     ZeroWireload          tcbn22ullbwp30p140tt0p9v25c
  dual_port_bram_16x32_write_first_1322
                     ZeroWireload          tcbn22ullbwp30p140tt0p9v25c
  dual_port_bram_16x32_write_first_1321
                     ZeroWireload          tcbn22ullbwp30p140tt0p9v25c
  dual_port_bram_16x32_write_first_1320
                     ZeroWireload          tcbn22ullbwp30p140tt0p9v25c
  dual_port_bram_16x32_write_first_1319
                     ZeroWireload          tcbn22ullbwp30p140tt0p9v25c
  dual_port_bram_16x32_write_first_1318
                     ZeroWireload          tcbn22ullbwp30p140tt0p9v25c
  dual_port_bram_16x32_write_first_1317
                     ZeroWireload          tcbn22ullbwp30p140tt0p9v25c
  dual_port_bram_16x32_write_first_1316
                     ZeroWireload          tcbn22ullbwp30p140tt0p9v25c
  dual_port_bram_16x32_write_first_1315
                     ZeroWireload          tcbn22ullbwp30p140tt0p9v25c
  dual_port_bram_16x32_write_first_1314
                     ZeroWireload          tcbn22ullbwp30p140tt0p9v25c
  dual_port_bram_16x32_write_first_1313
                     ZeroWireload          tcbn22ullbwp30p140tt0p9v25c
  dual_port_bram_16x32_write_first_1312
                     ZeroWireload          tcbn22ullbwp30p140tt0p9v25c
  dual_port_bram_16x32_write_first_1311
                     ZeroWireload          tcbn22ullbwp30p140tt0p9v25c
  dual_port_bram_16x32_write_first_1310
                     ZeroWireload          tcbn22ullbwp30p140tt0p9v25c
  dual_port_bram_16x32_write_first_1309
                     ZeroWireload          tcbn22ullbwp30p140tt0p9v25c
  dual_port_bram_16x32_write_first_1308
                     ZeroWireload          tcbn22ullbwp30p140tt0p9v25c
  dual_port_bram_16x32_write_first_1307
                     ZeroWireload          tcbn22ullbwp30p140tt0p9v25c
  dual_port_bram_16x32_write_first_1306
                     ZeroWireload          tcbn22ullbwp30p140tt0p9v25c
  dual_port_bram_16x32_write_first_1305
                     ZeroWireload          tcbn22ullbwp30p140tt0p9v25c
  dual_port_bram_16x32_write_first_1304
                     ZeroWireload          tcbn22ullbwp30p140tt0p9v25c
  dual_port_bram_16x32_write_first_1303
                     ZeroWireload          tcbn22ullbwp30p140tt0p9v25c
  dual_port_bram_16x32_write_first_1302
                     ZeroWireload          tcbn22ullbwp30p140tt0p9v25c
  dual_port_bram_16x32_write_first_1301
                     ZeroWireload          tcbn22ullbwp30p140tt0p9v25c
  dual_port_bram_16x32_write_first_1300
                     ZeroWireload          tcbn22ullbwp30p140tt0p9v25c
  dual_port_bram_16x32_write_first_1299
                     ZeroWireload          tcbn22ullbwp30p140tt0p9v25c
  dual_port_bram_16x32_write_first_1298
                     ZeroWireload          tcbn22ullbwp30p140tt0p9v25c
  dual_port_bram_16x32_write_first_1297
                     ZeroWireload          tcbn22ullbwp30p140tt0p9v25c
  dual_port_bram_16x32_write_first_1296
                     ZeroWireload          tcbn22ullbwp30p140tt0p9v25c
  dual_port_bram_16x32_write_first_1295
                     ZeroWireload          tcbn22ullbwp30p140tt0p9v25c
  dual_port_bram_16x32_write_first_1294
                     ZeroWireload          tcbn22ullbwp30p140tt0p9v25c
  dual_port_bram_16x32_write_first_1293
                     ZeroWireload          tcbn22ullbwp30p140tt0p9v25c
  dual_port_bram_16x32_write_first_1292
                     ZeroWireload          tcbn22ullbwp30p140tt0p9v25c
  dual_port_bram_16x32_write_first_1291
                     ZeroWireload          tcbn22ullbwp30p140tt0p9v25c
  dual_port_bram_16x32_write_first_1290
                     ZeroWireload          tcbn22ullbwp30p140tt0p9v25c
  dual_port_bram_16x32_write_first_1289
                     ZeroWireload          tcbn22ullbwp30p140tt0p9v25c
  dual_port_bram_16x32_write_first_1288
                     ZeroWireload          tcbn22ullbwp30p140tt0p9v25c
  dual_port_bram_16x32_write_first_1287
                     ZeroWireload          tcbn22ullbwp30p140tt0p9v25c
  dual_port_bram_16x32_write_first_1286
                     ZeroWireload          tcbn22ullbwp30p140tt0p9v25c
  dual_port_bram_16x32_write_first_1285
                     ZeroWireload          tcbn22ullbwp30p140tt0p9v25c
  dual_port_bram_16x32_write_first_1284
                     ZeroWireload          tcbn22ullbwp30p140tt0p9v25c
  dual_port_bram_16x32_write_first_1283
                     ZeroWireload          tcbn22ullbwp30p140tt0p9v25c
  dual_port_bram_16x32_write_first_1282
                     ZeroWireload          tcbn22ullbwp30p140tt0p9v25c
  dual_port_bram_16x32_write_first_1281
                     ZeroWireload          tcbn22ullbwp30p140tt0p9v25c
  dual_port_bram_16x32_write_first_1280
                     ZeroWireload          tcbn22ullbwp30p140tt0p9v25c
  dual_port_bram_16x32_write_first_1279
                     ZeroWireload          tcbn22ullbwp30p140tt0p9v25c
  dual_port_bram_16x32_write_first_1278
                     ZeroWireload          tcbn22ullbwp30p140tt0p9v25c
  dual_port_bram_16x32_write_first_1277
                     ZeroWireload          tcbn22ullbwp30p140tt0p9v25c
  dual_port_bram_16x32_write_first_1276
                     ZeroWireload          tcbn22ullbwp30p140tt0p9v25c
  dual_port_bram_16x32_write_first_1275
                     ZeroWireload          tcbn22ullbwp30p140tt0p9v25c
  dual_port_bram_16x32_write_first_1274
                     ZeroWireload          tcbn22ullbwp30p140tt0p9v25c
  dual_port_bram_16x32_write_first_1273
                     ZeroWireload          tcbn22ullbwp30p140tt0p9v25c
  dual_port_bram_16x32_write_first_1272
                     ZeroWireload          tcbn22ullbwp30p140tt0p9v25c
  dual_port_bram_16x32_write_first_1271
                     ZeroWireload          tcbn22ullbwp30p140tt0p9v25c
  dual_port_bram_16x32_write_first_1270
                     ZeroWireload          tcbn22ullbwp30p140tt0p9v25c
  dual_port_bram_16x32_write_first_1269
                     ZeroWireload          tcbn22ullbwp30p140tt0p9v25c
  dual_port_bram_16x32_write_first_1268
                     ZeroWireload          tcbn22ullbwp30p140tt0p9v25c
  dual_port_bram_16x32_write_first_1267
                     ZeroWireload          tcbn22ullbwp30p140tt0p9v25c
  dual_port_bram_16x32_write_first_1266
                     ZeroWireload          tcbn22ullbwp30p140tt0p9v25c
  dual_port_bram_16x32_write_first_1265
                     ZeroWireload          tcbn22ullbwp30p140tt0p9v25c
  dual_port_bram_16x32_write_first_1264
                     ZeroWireload          tcbn22ullbwp30p140tt0p9v25c
  dual_port_bram_16x32_write_first_1263
                     ZeroWireload          tcbn22ullbwp30p140tt0p9v25c
  dual_port_bram_16x32_write_first_1262
                     ZeroWireload          tcbn22ullbwp30p140tt0p9v25c
  dual_port_bram_16x32_write_first_1261
                     ZeroWireload          tcbn22ullbwp30p140tt0p9v25c
  dual_port_bram_16x32_write_first_1260
                     ZeroWireload          tcbn22ullbwp30p140tt0p9v25c
  dual_port_bram_16x32_write_first_1259
                     ZeroWireload          tcbn22ullbwp30p140tt0p9v25c
  dual_port_bram_16x32_write_first_1258
                     ZeroWireload          tcbn22ullbwp30p140tt0p9v25c
  dual_port_bram_16x32_write_first_1257
                     ZeroWireload          tcbn22ullbwp30p140tt0p9v25c
  dual_port_bram_16x32_write_first_1256
                     ZeroWireload          tcbn22ullbwp30p140tt0p9v25c
  dual_port_bram_16x32_write_first_1255
                     ZeroWireload          tcbn22ullbwp30p140tt0p9v25c
  dual_port_bram_16x32_write_first_1254
                     ZeroWireload          tcbn22ullbwp30p140tt0p9v25c
  dual_port_bram_16x32_write_first_1253
                     ZeroWireload          tcbn22ullbwp30p140tt0p9v25c
  dual_port_bram_16x32_write_first_1252
                     ZeroWireload          tcbn22ullbwp30p140tt0p9v25c
  dual_port_bram_16x32_write_first_1251
                     ZeroWireload          tcbn22ullbwp30p140tt0p9v25c
  dual_port_bram_16x32_write_first_1250
                     ZeroWireload          tcbn22ullbwp30p140tt0p9v25c
  dual_port_bram_16x32_write_first_1249
                     ZeroWireload          tcbn22ullbwp30p140tt0p9v25c
  dual_port_bram_16x32_write_first_1248
                     ZeroWireload          tcbn22ullbwp30p140tt0p9v25c
  dual_port_bram_16x32_write_first_1247
                     ZeroWireload          tcbn22ullbwp30p140tt0p9v25c
  dual_port_bram_16x32_write_first_1246
                     ZeroWireload          tcbn22ullbwp30p140tt0p9v25c
  dual_port_bram_16x32_write_first_1245
                     ZeroWireload          tcbn22ullbwp30p140tt0p9v25c
  dual_port_bram_16x32_write_first_1244
                     ZeroWireload          tcbn22ullbwp30p140tt0p9v25c
  dual_port_bram_16x32_write_first_1243
                     ZeroWireload          tcbn22ullbwp30p140tt0p9v25c
  dual_port_bram_16x32_write_first_1242
                     ZeroWireload          tcbn22ullbwp30p140tt0p9v25c
  dual_port_bram_16x32_write_first_1241
                     ZeroWireload          tcbn22ullbwp30p140tt0p9v25c
  dual_port_bram_16x32_write_first_1240
                     ZeroWireload          tcbn22ullbwp30p140tt0p9v25c
  dual_port_bram_16x32_write_first_1239
                     ZeroWireload          tcbn22ullbwp30p140tt0p9v25c
  dual_port_bram_16x32_write_first_1238
                     ZeroWireload          tcbn22ullbwp30p140tt0p9v25c
  dual_port_bram_16x32_write_first_1237
                     ZeroWireload          tcbn22ullbwp30p140tt0p9v25c
  dual_port_bram_16x32_write_first_1236
                     ZeroWireload          tcbn22ullbwp30p140tt0p9v25c
  dual_port_bram_16x32_write_first_1235
                     ZeroWireload          tcbn22ullbwp30p140tt0p9v25c
  dual_port_bram_16x32_write_first_1234
                     ZeroWireload          tcbn22ullbwp30p140tt0p9v25c
  dual_port_bram_16x32_write_first_1233
                     ZeroWireload          tcbn22ullbwp30p140tt0p9v25c
  dual_port_bram_16x32_write_first_1232
                     ZeroWireload          tcbn22ullbwp30p140tt0p9v25c
  dual_port_bram_16x32_write_first_1231
                     ZeroWireload          tcbn22ullbwp30p140tt0p9v25c
  dual_port_bram_16x32_write_first_1230
                     ZeroWireload          tcbn22ullbwp30p140tt0p9v25c
  dual_port_bram_16x32_write_first_1229
                     ZeroWireload          tcbn22ullbwp30p140tt0p9v25c
  dual_port_bram_16x32_write_first_1228
                     ZeroWireload          tcbn22ullbwp30p140tt0p9v25c
  dual_port_bram_16x32_write_first_1227
                     ZeroWireload          tcbn22ullbwp30p140tt0p9v25c
  dual_port_bram_16x32_write_first_1226
                     ZeroWireload          tcbn22ullbwp30p140tt0p9v25c
  dual_port_bram_16x32_write_first_1225
                     ZeroWireload          tcbn22ullbwp30p140tt0p9v25c
  dual_port_bram_16x32_write_first_1224
                     ZeroWireload          tcbn22ullbwp30p140tt0p9v25c
  dual_port_bram_16x32_write_first_1223
                     ZeroWireload          tcbn22ullbwp30p140tt0p9v25c
  dual_port_bram_16x32_write_first_1222
                     ZeroWireload          tcbn22ullbwp30p140tt0p9v25c
  dual_port_bram_16x32_write_first_1221
                     ZeroWireload          tcbn22ullbwp30p140tt0p9v25c
  dual_port_bram_16x32_write_first_1220
                     ZeroWireload          tcbn22ullbwp30p140tt0p9v25c
  dual_port_bram_16x32_write_first_1219
                     ZeroWireload          tcbn22ullbwp30p140tt0p9v25c
  dual_port_bram_16x32_write_first_1218
                     ZeroWireload          tcbn22ullbwp30p140tt0p9v25c
  dual_port_bram_16x32_write_first_1217
                     ZeroWireload          tcbn22ullbwp30p140tt0p9v25c
  dual_port_bram_16x32_write_first_1216
                     ZeroWireload          tcbn22ullbwp30p140tt0p9v25c
  dual_port_bram_16x32_write_first_1215
                     ZeroWireload          tcbn22ullbwp30p140tt0p9v25c
  dual_port_bram_16x32_write_first_1214
                     ZeroWireload          tcbn22ullbwp30p140tt0p9v25c
  dual_port_bram_16x32_write_first_1213
                     ZeroWireload          tcbn22ullbwp30p140tt0p9v25c
  dual_port_bram_16x32_write_first_1212
                     ZeroWireload          tcbn22ullbwp30p140tt0p9v25c
  dual_port_bram_16x32_write_first_1211
                     ZeroWireload          tcbn22ullbwp30p140tt0p9v25c
  dual_port_bram_16x32_write_first_1210
                     ZeroWireload          tcbn22ullbwp30p140tt0p9v25c
  dual_port_bram_16x32_write_first_1209
                     ZeroWireload          tcbn22ullbwp30p140tt0p9v25c
  dual_port_bram_16x32_write_first_1208
                     ZeroWireload          tcbn22ullbwp30p140tt0p9v25c
  dual_port_bram_16x32_write_first_1207
                     ZeroWireload          tcbn22ullbwp30p140tt0p9v25c
  dual_port_bram_16x32_write_first_1206
                     ZeroWireload          tcbn22ullbwp30p140tt0p9v25c
  dual_port_bram_16x32_write_first_1205
                     ZeroWireload          tcbn22ullbwp30p140tt0p9v25c
  dual_port_bram_16x32_write_first_1204
                     ZeroWireload          tcbn22ullbwp30p140tt0p9v25c
  dual_port_bram_16x32_write_first_1203
                     ZeroWireload          tcbn22ullbwp30p140tt0p9v25c
  dual_port_bram_16x32_write_first_1202
                     ZeroWireload          tcbn22ullbwp30p140tt0p9v25c
  dual_port_bram_16x32_write_first_1201
                     ZeroWireload          tcbn22ullbwp30p140tt0p9v25c
  dual_port_bram_16x32_write_first_1200
                     ZeroWireload          tcbn22ullbwp30p140tt0p9v25c
  dual_port_bram_16x32_write_first_1199
                     ZeroWireload          tcbn22ullbwp30p140tt0p9v25c
  dual_port_bram_16x32_write_first_1198
                     ZeroWireload          tcbn22ullbwp30p140tt0p9v25c
  dual_port_bram_16x32_write_first_1197
                     ZeroWireload          tcbn22ullbwp30p140tt0p9v25c
  dual_port_bram_16x32_write_first_1196
                     ZeroWireload          tcbn22ullbwp30p140tt0p9v25c
  dual_port_bram_16x32_write_first_1195
                     ZeroWireload          tcbn22ullbwp30p140tt0p9v25c
  dual_port_bram_16x32_write_first_1194
                     ZeroWireload          tcbn22ullbwp30p140tt0p9v25c
  dual_port_bram_16x32_write_first_1193
                     ZeroWireload          tcbn22ullbwp30p140tt0p9v25c
  dual_port_bram_16x32_write_first_1192
                     ZeroWireload          tcbn22ullbwp30p140tt0p9v25c
  dual_port_bram_16x32_write_first_1191
                     ZeroWireload          tcbn22ullbwp30p140tt0p9v25c
  dual_port_bram_16x32_write_first_1190
                     ZeroWireload          tcbn22ullbwp30p140tt0p9v25c
  dual_port_bram_16x32_write_first_1189
                     ZeroWireload          tcbn22ullbwp30p140tt0p9v25c
  dual_port_bram_16x32_write_first_1188
                     ZeroWireload          tcbn22ullbwp30p140tt0p9v25c
  dual_port_bram_16x32_write_first_1187
                     ZeroWireload          tcbn22ullbwp30p140tt0p9v25c
  dual_port_bram_16x32_write_first_1186
                     ZeroWireload          tcbn22ullbwp30p140tt0p9v25c
  dual_port_bram_16x32_write_first_1185
                     ZeroWireload          tcbn22ullbwp30p140tt0p9v25c
  dual_port_bram_16x32_write_first_1184
                     ZeroWireload          tcbn22ullbwp30p140tt0p9v25c
  dual_port_bram_16x32_write_first_1183
                     ZeroWireload          tcbn22ullbwp30p140tt0p9v25c
  dual_port_bram_16x32_write_first_1182
                     ZeroWireload          tcbn22ullbwp30p140tt0p9v25c
  dual_port_bram_16x32_write_first_1181
                     ZeroWireload          tcbn22ullbwp30p140tt0p9v25c
  dual_port_bram_16x32_write_first_1180
                     ZeroWireload          tcbn22ullbwp30p140tt0p9v25c
  dual_port_bram_16x32_write_first_1179
                     ZeroWireload          tcbn22ullbwp30p140tt0p9v25c
  dual_port_bram_16x32_write_first_1178
                     ZeroWireload          tcbn22ullbwp30p140tt0p9v25c
  dual_port_bram_16x32_write_first_1177
                     ZeroWireload          tcbn22ullbwp30p140tt0p9v25c
  dual_port_bram_16x32_write_first_1176
                     ZeroWireload          tcbn22ullbwp30p140tt0p9v25c
  dual_port_bram_16x32_write_first_1175
                     ZeroWireload          tcbn22ullbwp30p140tt0p9v25c
  dual_port_bram_16x32_write_first_1174
                     ZeroWireload          tcbn22ullbwp30p140tt0p9v25c
  dual_port_bram_16x32_write_first_1173
                     ZeroWireload          tcbn22ullbwp30p140tt0p9v25c
  dual_port_bram_16x32_write_first_1172
                     ZeroWireload          tcbn22ullbwp30p140tt0p9v25c
  dual_port_bram_16x32_write_first_1171
                     ZeroWireload          tcbn22ullbwp30p140tt0p9v25c
  dual_port_bram_16x32_write_first_1170
                     ZeroWireload          tcbn22ullbwp30p140tt0p9v25c
  dual_port_bram_16x32_write_first_1169
                     ZeroWireload          tcbn22ullbwp30p140tt0p9v25c
  dual_port_bram_16x32_write_first_1168
                     ZeroWireload          tcbn22ullbwp30p140tt0p9v25c
  dual_port_bram_16x32_write_first_1167
                     ZeroWireload          tcbn22ullbwp30p140tt0p9v25c
  dual_port_bram_16x32_write_first_1166
                     ZeroWireload          tcbn22ullbwp30p140tt0p9v25c
  dual_port_bram_16x32_write_first_1165
                     ZeroWireload          tcbn22ullbwp30p140tt0p9v25c
  dual_port_bram_16x32_write_first_1164
                     ZeroWireload          tcbn22ullbwp30p140tt0p9v25c
  dual_port_bram_16x32_write_first_1163
                     ZeroWireload          tcbn22ullbwp30p140tt0p9v25c
  dual_port_bram_16x32_write_first_1162
                     ZeroWireload          tcbn22ullbwp30p140tt0p9v25c
  dual_port_bram_16x32_write_first_1161
                     ZeroWireload          tcbn22ullbwp30p140tt0p9v25c
  dual_port_bram_16x32_write_first_1160
                     ZeroWireload          tcbn22ullbwp30p140tt0p9v25c
  dual_port_bram_16x32_write_first_1159
                     ZeroWireload          tcbn22ullbwp30p140tt0p9v25c
  dual_port_bram_16x32_write_first_1158
                     ZeroWireload          tcbn22ullbwp30p140tt0p9v25c
  dual_port_bram_16x32_write_first_1157
                     ZeroWireload          tcbn22ullbwp30p140tt0p9v25c
  dual_port_bram_16x32_write_first_1156
                     ZeroWireload          tcbn22ullbwp30p140tt0p9v25c
  dual_port_bram_16x32_write_first_1155
                     ZeroWireload          tcbn22ullbwp30p140tt0p9v25c
  dual_port_bram_16x32_write_first_1154
                     ZeroWireload          tcbn22ullbwp30p140tt0p9v25c
  dual_port_bram_16x32_write_first_1153
                     ZeroWireload          tcbn22ullbwp30p140tt0p9v25c
  dual_port_bram_16x32_write_first_1152
                     ZeroWireload          tcbn22ullbwp30p140tt0p9v25c
  dual_port_bram_16x32_write_first_1151
                     ZeroWireload          tcbn22ullbwp30p140tt0p9v25c
  dual_port_bram_16x32_write_first_1150
                     ZeroWireload          tcbn22ullbwp30p140tt0p9v25c
  dual_port_bram_16x32_write_first_1149
                     ZeroWireload          tcbn22ullbwp30p140tt0p9v25c
  dual_port_bram_16x32_write_first_1148
                     ZeroWireload          tcbn22ullbwp30p140tt0p9v25c
  dual_port_bram_16x32_write_first_1147
                     ZeroWireload          tcbn22ullbwp30p140tt0p9v25c
  dual_port_bram_16x32_write_first_1146
                     ZeroWireload          tcbn22ullbwp30p140tt0p9v25c
  dual_port_bram_16x32_write_first_1145
                     ZeroWireload          tcbn22ullbwp30p140tt0p9v25c
  dual_port_bram_16x32_write_first_1144
                     ZeroWireload          tcbn22ullbwp30p140tt0p9v25c
  dual_port_bram_16x32_write_first_1143
                     ZeroWireload          tcbn22ullbwp30p140tt0p9v25c
  dual_port_bram_16x32_write_first_1142
                     ZeroWireload          tcbn22ullbwp30p140tt0p9v25c
  dual_port_bram_16x32_write_first_1141
                     ZeroWireload          tcbn22ullbwp30p140tt0p9v25c
  dual_port_bram_16x32_write_first_1140
                     ZeroWireload          tcbn22ullbwp30p140tt0p9v25c
  dual_port_bram_16x32_write_first_1139
                     ZeroWireload          tcbn22ullbwp30p140tt0p9v25c
  dual_port_bram_16x32_write_first_1138
                     ZeroWireload          tcbn22ullbwp30p140tt0p9v25c
  dual_port_bram_16x32_write_first_1137
                     ZeroWireload          tcbn22ullbwp30p140tt0p9v25c
  dual_port_bram_16x32_write_first_1136
                     ZeroWireload          tcbn22ullbwp30p140tt0p9v25c
  dual_port_bram_16x32_write_first_1135
                     ZeroWireload          tcbn22ullbwp30p140tt0p9v25c
  dual_port_bram_16x32_write_first_1134
                     ZeroWireload          tcbn22ullbwp30p140tt0p9v25c
  dual_port_bram_16x32_write_first_1133
                     ZeroWireload          tcbn22ullbwp30p140tt0p9v25c
  dual_port_bram_16x32_write_first_1132
                     ZeroWireload          tcbn22ullbwp30p140tt0p9v25c
  dual_port_bram_16x32_write_first_1131
                     ZeroWireload          tcbn22ullbwp30p140tt0p9v25c
  dual_port_bram_16x32_write_first_1130
                     ZeroWireload          tcbn22ullbwp30p140tt0p9v25c
  dual_port_bram_16x32_write_first_1129
                     ZeroWireload          tcbn22ullbwp30p140tt0p9v25c
  dual_port_bram_16x32_write_first_1128
                     ZeroWireload          tcbn22ullbwp30p140tt0p9v25c
  dual_port_bram_16x32_write_first_1127
                     ZeroWireload          tcbn22ullbwp30p140tt0p9v25c
  dual_port_bram_16x32_write_first_1126
                     ZeroWireload          tcbn22ullbwp30p140tt0p9v25c
  dual_port_bram_16x32_write_first_1125
                     ZeroWireload          tcbn22ullbwp30p140tt0p9v25c
  dual_port_bram_16x32_write_first_1124
                     ZeroWireload          tcbn22ullbwp30p140tt0p9v25c
  dual_port_bram_16x32_write_first_1123
                     ZeroWireload          tcbn22ullbwp30p140tt0p9v25c
  dual_port_bram_16x32_write_first_1122
                     ZeroWireload          tcbn22ullbwp30p140tt0p9v25c
  dual_port_bram_16x32_write_first_1121
                     ZeroWireload          tcbn22ullbwp30p140tt0p9v25c
  dual_port_bram_16x32_write_first_1120
                     ZeroWireload          tcbn22ullbwp30p140tt0p9v25c
  dual_port_bram_16x32_write_first_1119
                     ZeroWireload          tcbn22ullbwp30p140tt0p9v25c
  dual_port_bram_16x32_write_first_1118
                     ZeroWireload          tcbn22ullbwp30p140tt0p9v25c
  dual_port_bram_16x32_write_first_1117
                     ZeroWireload          tcbn22ullbwp30p140tt0p9v25c
  dual_port_bram_16x32_write_first_1116
                     ZeroWireload          tcbn22ullbwp30p140tt0p9v25c
  dual_port_bram_16x32_write_first_1115
                     ZeroWireload          tcbn22ullbwp30p140tt0p9v25c
  dual_port_bram_16x32_write_first_1114
                     ZeroWireload          tcbn22ullbwp30p140tt0p9v25c
  dual_port_bram_16x32_write_first_1113
                     ZeroWireload          tcbn22ullbwp30p140tt0p9v25c
  dual_port_bram_16x32_write_first_1112
                     ZeroWireload          tcbn22ullbwp30p140tt0p9v25c
  dual_port_bram_16x32_write_first_1111
                     ZeroWireload          tcbn22ullbwp30p140tt0p9v25c
  dual_port_bram_16x32_write_first_1110
                     ZeroWireload          tcbn22ullbwp30p140tt0p9v25c
  dual_port_bram_16x32_write_first_1109
                     ZeroWireload          tcbn22ullbwp30p140tt0p9v25c
  dual_port_bram_16x32_write_first_1108
                     ZeroWireload          tcbn22ullbwp30p140tt0p9v25c
  dual_port_bram_16x32_write_first_1107
                     ZeroWireload          tcbn22ullbwp30p140tt0p9v25c
  dual_port_bram_16x32_write_first_1106
                     ZeroWireload          tcbn22ullbwp30p140tt0p9v25c
  dual_port_bram_16x32_write_first_1105
                     ZeroWireload          tcbn22ullbwp30p140tt0p9v25c
  dual_port_bram_16x32_write_first_1104
                     ZeroWireload          tcbn22ullbwp30p140tt0p9v25c
  dual_port_bram_16x32_write_first_1103
                     ZeroWireload          tcbn22ullbwp30p140tt0p9v25c
  dual_port_bram_16x32_write_first_1102
                     ZeroWireload          tcbn22ullbwp30p140tt0p9v25c
  dual_port_bram_16x32_write_first_1101
                     ZeroWireload          tcbn22ullbwp30p140tt0p9v25c
  dual_port_bram_16x32_write_first_1100
                     ZeroWireload          tcbn22ullbwp30p140tt0p9v25c
  dual_port_bram_16x32_write_first_1099
                     ZeroWireload          tcbn22ullbwp30p140tt0p9v25c
  dual_port_bram_16x32_write_first_1098
                     ZeroWireload          tcbn22ullbwp30p140tt0p9v25c
  dual_port_bram_16x32_write_first_1097
                     ZeroWireload          tcbn22ullbwp30p140tt0p9v25c
  dual_port_bram_16x32_write_first_1096
                     ZeroWireload          tcbn22ullbwp30p140tt0p9v25c
  dual_port_bram_16x32_write_first_1095
                     ZeroWireload          tcbn22ullbwp30p140tt0p9v25c
  dual_port_bram_16x32_write_first_1094
                     ZeroWireload          tcbn22ullbwp30p140tt0p9v25c
  dual_port_bram_16x32_write_first_1093
                     ZeroWireload          tcbn22ullbwp30p140tt0p9v25c
  dual_port_bram_16x32_write_first_1092
                     ZeroWireload          tcbn22ullbwp30p140tt0p9v25c
  dual_port_bram_16x32_write_first_1091
                     ZeroWireload          tcbn22ullbwp30p140tt0p9v25c
  dual_port_bram_16x32_write_first_1090
                     ZeroWireload          tcbn22ullbwp30p140tt0p9v25c
  dual_port_bram_16x32_write_first_1089
                     ZeroWireload          tcbn22ullbwp30p140tt0p9v25c
  dual_port_bram_16x32_write_first_1088
                     ZeroWireload          tcbn22ullbwp30p140tt0p9v25c
  dual_port_bram_16x32_write_first_1087
                     ZeroWireload          tcbn22ullbwp30p140tt0p9v25c
  dual_port_bram_16x32_write_first_1086
                     ZeroWireload          tcbn22ullbwp30p140tt0p9v25c
  dual_port_bram_16x32_write_first_1085
                     ZeroWireload          tcbn22ullbwp30p140tt0p9v25c
  dual_port_bram_16x32_write_first_1084
                     ZeroWireload          tcbn22ullbwp30p140tt0p9v25c
  dual_port_bram_16x32_write_first_1083
                     ZeroWireload          tcbn22ullbwp30p140tt0p9v25c
  dual_port_bram_16x32_write_first_1082
                     ZeroWireload          tcbn22ullbwp30p140tt0p9v25c
  dual_port_bram_16x32_write_first_1081
                     ZeroWireload          tcbn22ullbwp30p140tt0p9v25c
  dual_port_bram_16x32_write_first_1080
                     ZeroWireload          tcbn22ullbwp30p140tt0p9v25c
  dual_port_bram_16x32_write_first_1079
                     ZeroWireload          tcbn22ullbwp30p140tt0p9v25c
  dual_port_bram_16x32_write_first_1078
                     ZeroWireload          tcbn22ullbwp30p140tt0p9v25c
  dual_port_bram_16x32_write_first_1077
                     ZeroWireload          tcbn22ullbwp30p140tt0p9v25c
  dual_port_bram_16x32_write_first_1076
                     ZeroWireload          tcbn22ullbwp30p140tt0p9v25c
  dual_port_bram_16x32_write_first_1075
                     ZeroWireload          tcbn22ullbwp30p140tt0p9v25c
  dual_port_bram_16x32_write_first_1074
                     ZeroWireload          tcbn22ullbwp30p140tt0p9v25c
  dual_port_bram_16x32_write_first_1073
                     ZeroWireload          tcbn22ullbwp30p140tt0p9v25c
  dual_port_bram_16x32_write_first_1072
                     ZeroWireload          tcbn22ullbwp30p140tt0p9v25c
  dual_port_bram_16x32_write_first_1071
                     ZeroWireload          tcbn22ullbwp30p140tt0p9v25c
  dual_port_bram_16x32_write_first_1070
                     ZeroWireload          tcbn22ullbwp30p140tt0p9v25c
  dual_port_bram_16x32_write_first_1069
                     ZeroWireload          tcbn22ullbwp30p140tt0p9v25c
  dual_port_bram_16x32_write_first_1068
                     ZeroWireload          tcbn22ullbwp30p140tt0p9v25c
  dual_port_bram_16x32_write_first_1067
                     ZeroWireload          tcbn22ullbwp30p140tt0p9v25c
  dual_port_bram_16x32_write_first_1066
                     ZeroWireload          tcbn22ullbwp30p140tt0p9v25c
  dual_port_bram_16x32_write_first_1065
                     ZeroWireload          tcbn22ullbwp30p140tt0p9v25c
  dual_port_bram_16x32_write_first_1064
                     ZeroWireload          tcbn22ullbwp30p140tt0p9v25c
  dual_port_bram_16x32_write_first_1063
                     ZeroWireload          tcbn22ullbwp30p140tt0p9v25c
  dual_port_bram_16x32_write_first_1062
                     ZeroWireload          tcbn22ullbwp30p140tt0p9v25c
  dual_port_bram_16x32_write_first_1061
                     ZeroWireload          tcbn22ullbwp30p140tt0p9v25c
  dual_port_bram_16x32_write_first_1060
                     ZeroWireload          tcbn22ullbwp30p140tt0p9v25c
  dual_port_bram_16x32_write_first_1059
                     ZeroWireload          tcbn22ullbwp30p140tt0p9v25c
  dual_port_bram_16x32_write_first_1058
                     ZeroWireload          tcbn22ullbwp30p140tt0p9v25c
  dual_port_bram_16x32_write_first_1057
                     ZeroWireload          tcbn22ullbwp30p140tt0p9v25c
  dual_port_bram_16x32_write_first_1056
                     ZeroWireload          tcbn22ullbwp30p140tt0p9v25c
  dual_port_bram_16x32_write_first_1055
                     ZeroWireload          tcbn22ullbwp30p140tt0p9v25c
  dual_port_bram_16x32_write_first_1054
                     ZeroWireload          tcbn22ullbwp30p140tt0p9v25c
  dual_port_bram_16x32_write_first_1053
                     ZeroWireload          tcbn22ullbwp30p140tt0p9v25c
  dual_port_bram_16x32_write_first_1052
                     ZeroWireload          tcbn22ullbwp30p140tt0p9v25c
  dual_port_bram_16x32_write_first_1051
                     ZeroWireload          tcbn22ullbwp30p140tt0p9v25c
  dual_port_bram_16x32_write_first_1050
                     ZeroWireload          tcbn22ullbwp30p140tt0p9v25c
  dual_port_bram_16x32_write_first_1049
                     ZeroWireload          tcbn22ullbwp30p140tt0p9v25c
  dual_port_bram_16x32_write_first_1048
                     ZeroWireload          tcbn22ullbwp30p140tt0p9v25c
  dual_port_bram_16x32_write_first_1047
                     ZeroWireload          tcbn22ullbwp30p140tt0p9v25c
  dual_port_bram_16x32_write_first_1046
                     ZeroWireload          tcbn22ullbwp30p140tt0p9v25c
  dual_port_bram_16x32_write_first_1045
                     ZeroWireload          tcbn22ullbwp30p140tt0p9v25c
  dual_port_bram_16x32_write_first_1044
                     ZeroWireload          tcbn22ullbwp30p140tt0p9v25c
  dual_port_bram_16x32_write_first_1043
                     ZeroWireload          tcbn22ullbwp30p140tt0p9v25c
  dual_port_bram_16x32_write_first_1042
                     ZeroWireload          tcbn22ullbwp30p140tt0p9v25c
  dual_port_bram_16x32_write_first_1041
                     ZeroWireload          tcbn22ullbwp30p140tt0p9v25c
  dual_port_bram_16x32_write_first_1040
                     ZeroWireload          tcbn22ullbwp30p140tt0p9v25c
  dual_port_bram_16x32_write_first_1039
                     ZeroWireload          tcbn22ullbwp30p140tt0p9v25c
  dual_port_bram_16x32_write_first_1038
                     ZeroWireload          tcbn22ullbwp30p140tt0p9v25c
  dual_port_bram_16x32_write_first_1037
                     ZeroWireload          tcbn22ullbwp30p140tt0p9v25c
  dual_port_bram_16x32_write_first_1036
                     ZeroWireload          tcbn22ullbwp30p140tt0p9v25c
  dual_port_bram_16x32_write_first_1035
                     ZeroWireload          tcbn22ullbwp30p140tt0p9v25c
  dual_port_bram_16x32_write_first_1034
                     ZeroWireload          tcbn22ullbwp30p140tt0p9v25c
  dual_port_bram_16x32_write_first_1033
                     ZeroWireload          tcbn22ullbwp30p140tt0p9v25c
  dual_port_bram_16x32_write_first_1032
                     ZeroWireload          tcbn22ullbwp30p140tt0p9v25c
  dual_port_bram_16x32_write_first_1031
                     ZeroWireload          tcbn22ullbwp30p140tt0p9v25c
  dual_port_bram_16x32_write_first_1030
                     ZeroWireload          tcbn22ullbwp30p140tt0p9v25c
  dual_port_bram_16x32_write_first_1029
                     ZeroWireload          tcbn22ullbwp30p140tt0p9v25c
  dual_port_bram_16x32_write_first_1028
                     ZeroWireload          tcbn22ullbwp30p140tt0p9v25c
  dual_port_bram_16x32_write_first_1027
                     ZeroWireload          tcbn22ullbwp30p140tt0p9v25c
  dual_port_bram_16x32_write_first_1026
                     ZeroWireload          tcbn22ullbwp30p140tt0p9v25c
  dual_port_bram_16x32_write_first_1025
                     ZeroWireload          tcbn22ullbwp30p140tt0p9v25c
  dual_port_bram_16x32_write_first_1024
                     ZeroWireload          tcbn22ullbwp30p140tt0p9v25c
  dual_port_bram_16x32_write_first_1023
                     ZeroWireload          tcbn22ullbwp30p140tt0p9v25c
  dual_port_bram_16x32_write_first_1022
                     ZeroWireload          tcbn22ullbwp30p140tt0p9v25c
  dual_port_bram_16x32_write_first_1021
                     ZeroWireload          tcbn22ullbwp30p140tt0p9v25c
  dual_port_bram_16x32_write_first_1020
                     ZeroWireload          tcbn22ullbwp30p140tt0p9v25c
  dual_port_bram_16x32_write_first_1019
                     ZeroWireload          tcbn22ullbwp30p140tt0p9v25c
  dual_port_bram_16x32_write_first_1018
                     ZeroWireload          tcbn22ullbwp30p140tt0p9v25c
  dual_port_bram_16x32_write_first_1017
                     ZeroWireload          tcbn22ullbwp30p140tt0p9v25c
  dual_port_bram_16x32_write_first_1016
                     ZeroWireload          tcbn22ullbwp30p140tt0p9v25c
  dual_port_bram_16x32_write_first_1015
                     ZeroWireload          tcbn22ullbwp30p140tt0p9v25c
  dual_port_bram_16x32_write_first_1014
                     ZeroWireload          tcbn22ullbwp30p140tt0p9v25c
  dual_port_bram_16x32_write_first_1013
                     ZeroWireload          tcbn22ullbwp30p140tt0p9v25c
  dual_port_bram_16x32_write_first_1012
                     ZeroWireload          tcbn22ullbwp30p140tt0p9v25c
  dual_port_bram_16x32_write_first_1011
                     ZeroWireload          tcbn22ullbwp30p140tt0p9v25c
  dual_port_bram_16x32_write_first_1010
                     ZeroWireload          tcbn22ullbwp30p140tt0p9v25c
  dual_port_bram_16x32_write_first_1009
                     ZeroWireload          tcbn22ullbwp30p140tt0p9v25c
  dual_port_bram_16x32_write_first_1008
                     ZeroWireload          tcbn22ullbwp30p140tt0p9v25c
  dual_port_bram_16x32_write_first_1007
                     ZeroWireload          tcbn22ullbwp30p140tt0p9v25c
  dual_port_bram_16x32_write_first_1006
                     ZeroWireload          tcbn22ullbwp30p140tt0p9v25c
  dual_port_bram_16x32_write_first_1005
                     ZeroWireload          tcbn22ullbwp30p140tt0p9v25c
  dual_port_bram_16x32_write_first_1004
                     ZeroWireload          tcbn22ullbwp30p140tt0p9v25c
  dual_port_bram_16x32_write_first_1003
                     ZeroWireload          tcbn22ullbwp30p140tt0p9v25c
  dual_port_bram_16x32_write_first_1002
                     ZeroWireload          tcbn22ullbwp30p140tt0p9v25c
  dual_port_bram_16x32_write_first_1001
                     ZeroWireload          tcbn22ullbwp30p140tt0p9v25c
  dual_port_bram_16x32_write_first_1000
                     ZeroWireload          tcbn22ullbwp30p140tt0p9v25c
  dual_port_bram_16x32_write_first_999
                     ZeroWireload          tcbn22ullbwp30p140tt0p9v25c
  dual_port_bram_16x32_write_first_998
                     ZeroWireload          tcbn22ullbwp30p140tt0p9v25c
  dual_port_bram_16x32_write_first_997
                     ZeroWireload          tcbn22ullbwp30p140tt0p9v25c
  dual_port_bram_16x32_write_first_996
                     ZeroWireload          tcbn22ullbwp30p140tt0p9v25c
  dual_port_bram_16x32_write_first_995
                     ZeroWireload          tcbn22ullbwp30p140tt0p9v25c
  dual_port_bram_16x32_write_first_994
                     ZeroWireload          tcbn22ullbwp30p140tt0p9v25c
  dual_port_bram_16x32_write_first_993
                     ZeroWireload          tcbn22ullbwp30p140tt0p9v25c
  dual_port_bram_16x32_write_first_992
                     ZeroWireload          tcbn22ullbwp30p140tt0p9v25c
  dual_port_bram_16x32_write_first_991
                     ZeroWireload          tcbn22ullbwp30p140tt0p9v25c
  dual_port_bram_16x32_write_first_990
                     ZeroWireload          tcbn22ullbwp30p140tt0p9v25c
  dual_port_bram_16x32_write_first_989
                     ZeroWireload          tcbn22ullbwp30p140tt0p9v25c
  dual_port_bram_16x32_write_first_988
                     ZeroWireload          tcbn22ullbwp30p140tt0p9v25c
  dual_port_bram_16x32_write_first_987
                     ZeroWireload          tcbn22ullbwp30p140tt0p9v25c
  dual_port_bram_16x32_write_first_986
                     ZeroWireload          tcbn22ullbwp30p140tt0p9v25c
  dual_port_bram_16x32_write_first_985
                     ZeroWireload          tcbn22ullbwp30p140tt0p9v25c
  dual_port_bram_16x32_write_first_984
                     ZeroWireload          tcbn22ullbwp30p140tt0p9v25c
  dual_port_bram_16x32_write_first_983
                     ZeroWireload          tcbn22ullbwp30p140tt0p9v25c
  dual_port_bram_16x32_write_first_982
                     ZeroWireload          tcbn22ullbwp30p140tt0p9v25c
  dual_port_bram_16x32_write_first_981
                     ZeroWireload          tcbn22ullbwp30p140tt0p9v25c
  dual_port_bram_16x32_write_first_980
                     ZeroWireload          tcbn22ullbwp30p140tt0p9v25c
  dual_port_bram_16x32_write_first_979
                     ZeroWireload          tcbn22ullbwp30p140tt0p9v25c
  dual_port_bram_16x32_write_first_978
                     ZeroWireload          tcbn22ullbwp30p140tt0p9v25c
  dual_port_bram_16x32_write_first_977
                     ZeroWireload          tcbn22ullbwp30p140tt0p9v25c
  dual_port_bram_16x32_write_first_976
                     ZeroWireload          tcbn22ullbwp30p140tt0p9v25c
  dual_port_bram_16x32_write_first_975
                     ZeroWireload          tcbn22ullbwp30p140tt0p9v25c
  dual_port_bram_16x32_write_first_974
                     ZeroWireload          tcbn22ullbwp30p140tt0p9v25c
  dual_port_bram_16x32_write_first_973
                     ZeroWireload          tcbn22ullbwp30p140tt0p9v25c
  dual_port_bram_16x32_write_first_972
                     ZeroWireload          tcbn22ullbwp30p140tt0p9v25c
  dual_port_bram_16x32_write_first_971
                     ZeroWireload          tcbn22ullbwp30p140tt0p9v25c
  dual_port_bram_16x32_write_first_970
                     ZeroWireload          tcbn22ullbwp30p140tt0p9v25c
  dual_port_bram_16x32_write_first_969
                     ZeroWireload          tcbn22ullbwp30p140tt0p9v25c
  dual_port_bram_16x32_write_first_968
                     ZeroWireload          tcbn22ullbwp30p140tt0p9v25c
  dual_port_bram_16x32_write_first_967
                     ZeroWireload          tcbn22ullbwp30p140tt0p9v25c
  dual_port_bram_16x32_write_first_966
                     ZeroWireload          tcbn22ullbwp30p140tt0p9v25c
  dual_port_bram_16x32_write_first_965
                     ZeroWireload          tcbn22ullbwp30p140tt0p9v25c
  dual_port_bram_16x32_write_first_964
                     ZeroWireload          tcbn22ullbwp30p140tt0p9v25c
  dual_port_bram_16x32_write_first_963
                     ZeroWireload          tcbn22ullbwp30p140tt0p9v25c
  dual_port_bram_16x32_write_first_962
                     ZeroWireload          tcbn22ullbwp30p140tt0p9v25c
  dual_port_bram_16x32_write_first_961
                     ZeroWireload          tcbn22ullbwp30p140tt0p9v25c
  dual_port_bram_16x32_write_first_960
                     ZeroWireload          tcbn22ullbwp30p140tt0p9v25c
  dual_port_bram_16x32_write_first_959
                     ZeroWireload          tcbn22ullbwp30p140tt0p9v25c
  dual_port_bram_16x32_write_first_958
                     ZeroWireload          tcbn22ullbwp30p140tt0p9v25c
  dual_port_bram_16x32_write_first_957
                     ZeroWireload          tcbn22ullbwp30p140tt0p9v25c
  dual_port_bram_16x32_write_first_956
                     ZeroWireload          tcbn22ullbwp30p140tt0p9v25c
  dual_port_bram_16x32_write_first_955
                     ZeroWireload          tcbn22ullbwp30p140tt0p9v25c
  dual_port_bram_16x32_write_first_954
                     ZeroWireload          tcbn22ullbwp30p140tt0p9v25c
  dual_port_bram_16x32_write_first_953
                     ZeroWireload          tcbn22ullbwp30p140tt0p9v25c
  dual_port_bram_16x32_write_first_952
                     ZeroWireload          tcbn22ullbwp30p140tt0p9v25c
  dual_port_bram_16x32_write_first_951
                     ZeroWireload          tcbn22ullbwp30p140tt0p9v25c
  dual_port_bram_16x32_write_first_950
                     ZeroWireload          tcbn22ullbwp30p140tt0p9v25c
  dual_port_bram_16x32_write_first_949
                     ZeroWireload          tcbn22ullbwp30p140tt0p9v25c
  dual_port_bram_16x32_write_first_948
                     ZeroWireload          tcbn22ullbwp30p140tt0p9v25c
  dual_port_bram_16x32_write_first_947
                     ZeroWireload          tcbn22ullbwp30p140tt0p9v25c
  dual_port_bram_16x32_write_first_946
                     ZeroWireload          tcbn22ullbwp30p140tt0p9v25c
  dual_port_bram_16x32_write_first_945
                     ZeroWireload          tcbn22ullbwp30p140tt0p9v25c
  dual_port_bram_16x32_write_first_944
                     ZeroWireload          tcbn22ullbwp30p140tt0p9v25c
  dual_port_bram_16x32_write_first_943
                     ZeroWireload          tcbn22ullbwp30p140tt0p9v25c
  dual_port_bram_16x32_write_first_942
                     ZeroWireload          tcbn22ullbwp30p140tt0p9v25c
  dual_port_bram_16x32_write_first_941
                     ZeroWireload          tcbn22ullbwp30p140tt0p9v25c
  dual_port_bram_16x32_write_first_940
                     ZeroWireload          tcbn22ullbwp30p140tt0p9v25c
  dual_port_bram_16x32_write_first_939
                     ZeroWireload          tcbn22ullbwp30p140tt0p9v25c
  dual_port_bram_16x32_write_first_938
                     ZeroWireload          tcbn22ullbwp30p140tt0p9v25c
  dual_port_bram_16x32_write_first_937
                     ZeroWireload          tcbn22ullbwp30p140tt0p9v25c
  dual_port_bram_16x32_write_first_936
                     ZeroWireload          tcbn22ullbwp30p140tt0p9v25c
  dual_port_bram_16x32_write_first_935
                     ZeroWireload          tcbn22ullbwp30p140tt0p9v25c
  dual_port_bram_16x32_write_first_934
                     ZeroWireload          tcbn22ullbwp30p140tt0p9v25c
  dual_port_bram_16x32_write_first_933
                     ZeroWireload          tcbn22ullbwp30p140tt0p9v25c
  dual_port_bram_16x32_write_first_932
                     ZeroWireload          tcbn22ullbwp30p140tt0p9v25c
  dual_port_bram_16x32_write_first_931
                     ZeroWireload          tcbn22ullbwp30p140tt0p9v25c
  dual_port_bram_16x32_write_first_930
                     ZeroWireload          tcbn22ullbwp30p140tt0p9v25c
  dual_port_bram_16x32_write_first_929
                     ZeroWireload          tcbn22ullbwp30p140tt0p9v25c
  dual_port_bram_16x32_write_first_928
                     ZeroWireload          tcbn22ullbwp30p140tt0p9v25c
  dual_port_bram_16x32_write_first_927
                     ZeroWireload          tcbn22ullbwp30p140tt0p9v25c
  dual_port_bram_16x32_write_first_926
                     ZeroWireload          tcbn22ullbwp30p140tt0p9v25c
  dual_port_bram_16x32_write_first_925
                     ZeroWireload          tcbn22ullbwp30p140tt0p9v25c
  dual_port_bram_16x32_write_first_924
                     ZeroWireload          tcbn22ullbwp30p140tt0p9v25c
  dual_port_bram_16x32_write_first_923
                     ZeroWireload          tcbn22ullbwp30p140tt0p9v25c
  dual_port_bram_16x32_write_first_922
                     ZeroWireload          tcbn22ullbwp30p140tt0p9v25c
  dual_port_bram_16x32_write_first_921
                     ZeroWireload          tcbn22ullbwp30p140tt0p9v25c
  dual_port_bram_16x32_write_first_920
                     ZeroWireload          tcbn22ullbwp30p140tt0p9v25c
  dual_port_bram_16x32_write_first_919
                     ZeroWireload          tcbn22ullbwp30p140tt0p9v25c
  dual_port_bram_16x32_write_first_918
                     ZeroWireload          tcbn22ullbwp30p140tt0p9v25c
  dual_port_bram_16x32_write_first_917
                     ZeroWireload          tcbn22ullbwp30p140tt0p9v25c
  dual_port_bram_16x32_write_first_916
                     ZeroWireload          tcbn22ullbwp30p140tt0p9v25c
  dual_port_bram_16x32_write_first_915
                     ZeroWireload          tcbn22ullbwp30p140tt0p9v25c
  dual_port_bram_16x32_write_first_914
                     ZeroWireload          tcbn22ullbwp30p140tt0p9v25c
  dual_port_bram_16x32_write_first_913
                     ZeroWireload          tcbn22ullbwp30p140tt0p9v25c
  dual_port_bram_16x32_write_first_912
                     ZeroWireload          tcbn22ullbwp30p140tt0p9v25c
  dual_port_bram_16x32_write_first_911
                     ZeroWireload          tcbn22ullbwp30p140tt0p9v25c
  dual_port_bram_16x32_write_first_910
                     ZeroWireload          tcbn22ullbwp30p140tt0p9v25c
  dual_port_bram_16x32_write_first_909
                     ZeroWireload          tcbn22ullbwp30p140tt0p9v25c
  dual_port_bram_16x32_write_first_908
                     ZeroWireload          tcbn22ullbwp30p140tt0p9v25c
  dual_port_bram_16x32_write_first_907
                     ZeroWireload          tcbn22ullbwp30p140tt0p9v25c
  dual_port_bram_16x32_write_first_906
                     ZeroWireload          tcbn22ullbwp30p140tt0p9v25c
  dual_port_bram_16x32_write_first_905
                     ZeroWireload          tcbn22ullbwp30p140tt0p9v25c
  dual_port_bram_16x32_write_first_904
                     ZeroWireload          tcbn22ullbwp30p140tt0p9v25c
  dual_port_bram_16x32_write_first_903
                     ZeroWireload          tcbn22ullbwp30p140tt0p9v25c
  dual_port_bram_16x32_write_first_902
                     ZeroWireload          tcbn22ullbwp30p140tt0p9v25c
  dual_port_bram_16x32_write_first_901
                     ZeroWireload          tcbn22ullbwp30p140tt0p9v25c
  dual_port_bram_16x32_write_first_900
                     ZeroWireload          tcbn22ullbwp30p140tt0p9v25c
  dual_port_bram_16x32_write_first_899
                     ZeroWireload          tcbn22ullbwp30p140tt0p9v25c
  dual_port_bram_16x32_write_first_898
                     ZeroWireload          tcbn22ullbwp30p140tt0p9v25c
  dual_port_bram_16x32_write_first_897
                     ZeroWireload          tcbn22ullbwp30p140tt0p9v25c
  dual_port_bram_16x32_write_first_896
                     ZeroWireload          tcbn22ullbwp30p140tt0p9v25c
  dual_port_bram_16x32_write_first_895
                     ZeroWireload          tcbn22ullbwp30p140tt0p9v25c
  dual_port_bram_16x32_write_first_894
                     ZeroWireload          tcbn22ullbwp30p140tt0p9v25c
  dual_port_bram_16x32_write_first_893
                     ZeroWireload          tcbn22ullbwp30p140tt0p9v25c
  dual_port_bram_16x32_write_first_892
                     ZeroWireload          tcbn22ullbwp30p140tt0p9v25c
  dual_port_bram_16x32_write_first_891
                     ZeroWireload          tcbn22ullbwp30p140tt0p9v25c
  dual_port_bram_16x32_write_first_890
                     ZeroWireload          tcbn22ullbwp30p140tt0p9v25c
  dual_port_bram_16x32_write_first_889
                     ZeroWireload          tcbn22ullbwp30p140tt0p9v25c
  dual_port_bram_16x32_write_first_888
                     ZeroWireload          tcbn22ullbwp30p140tt0p9v25c
  dual_port_bram_16x32_write_first_887
                     ZeroWireload          tcbn22ullbwp30p140tt0p9v25c
  dual_port_bram_16x32_write_first_886
                     ZeroWireload          tcbn22ullbwp30p140tt0p9v25c
  dual_port_bram_16x32_write_first_885
                     ZeroWireload          tcbn22ullbwp30p140tt0p9v25c
  dual_port_bram_16x32_write_first_884
                     ZeroWireload          tcbn22ullbwp30p140tt0p9v25c
  dual_port_bram_16x32_write_first_883
                     ZeroWireload          tcbn22ullbwp30p140tt0p9v25c
  dual_port_bram_16x32_write_first_882
                     ZeroWireload          tcbn22ullbwp30p140tt0p9v25c
  dual_port_bram_16x32_write_first_881
                     ZeroWireload          tcbn22ullbwp30p140tt0p9v25c
  dual_port_bram_16x32_write_first_880
                     ZeroWireload          tcbn22ullbwp30p140tt0p9v25c
  dual_port_bram_16x32_write_first_879
                     ZeroWireload          tcbn22ullbwp30p140tt0p9v25c
  dual_port_bram_16x32_write_first_878
                     ZeroWireload          tcbn22ullbwp30p140tt0p9v25c
  dual_port_bram_16x32_write_first_877
                     ZeroWireload          tcbn22ullbwp30p140tt0p9v25c
  dual_port_bram_16x32_write_first_876
                     ZeroWireload          tcbn22ullbwp30p140tt0p9v25c
  dual_port_bram_16x32_write_first_875
                     ZeroWireload          tcbn22ullbwp30p140tt0p9v25c
  dual_port_bram_16x32_write_first_874
                     ZeroWireload          tcbn22ullbwp30p140tt0p9v25c
  dual_port_bram_16x32_write_first_873
                     ZeroWireload          tcbn22ullbwp30p140tt0p9v25c
  dual_port_bram_16x32_write_first_872
                     ZeroWireload          tcbn22ullbwp30p140tt0p9v25c
  dual_port_bram_16x32_write_first_871
                     ZeroWireload          tcbn22ullbwp30p140tt0p9v25c
  dual_port_bram_16x32_write_first_870
                     ZeroWireload          tcbn22ullbwp30p140tt0p9v25c
  dual_port_bram_16x32_write_first_869
                     ZeroWireload          tcbn22ullbwp30p140tt0p9v25c
  dual_port_bram_16x32_write_first_868
                     ZeroWireload          tcbn22ullbwp30p140tt0p9v25c
  dual_port_bram_16x32_write_first_867
                     ZeroWireload          tcbn22ullbwp30p140tt0p9v25c
  dual_port_bram_16x32_write_first_866
                     ZeroWireload          tcbn22ullbwp30p140tt0p9v25c
  dual_port_bram_16x32_write_first_865
                     ZeroWireload          tcbn22ullbwp30p140tt0p9v25c
  dual_port_bram_16x32_write_first_864
                     ZeroWireload          tcbn22ullbwp30p140tt0p9v25c
  dual_port_bram_16x32_write_first_863
                     ZeroWireload          tcbn22ullbwp30p140tt0p9v25c
  dual_port_bram_16x32_write_first_862
                     ZeroWireload          tcbn22ullbwp30p140tt0p9v25c
  dual_port_bram_16x32_write_first_861
                     ZeroWireload          tcbn22ullbwp30p140tt0p9v25c
  dual_port_bram_16x32_write_first_860
                     ZeroWireload          tcbn22ullbwp30p140tt0p9v25c
  dual_port_bram_16x32_write_first_859
                     ZeroWireload          tcbn22ullbwp30p140tt0p9v25c
  dual_port_bram_16x32_write_first_858
                     ZeroWireload          tcbn22ullbwp30p140tt0p9v25c
  dual_port_bram_16x32_write_first_857
                     ZeroWireload          tcbn22ullbwp30p140tt0p9v25c
  dual_port_bram_16x32_write_first_856
                     ZeroWireload          tcbn22ullbwp30p140tt0p9v25c
  dual_port_bram_16x32_write_first_855
                     ZeroWireload          tcbn22ullbwp30p140tt0p9v25c
  dual_port_bram_16x32_write_first_854
                     ZeroWireload          tcbn22ullbwp30p140tt0p9v25c
  dual_port_bram_16x32_write_first_853
                     ZeroWireload          tcbn22ullbwp30p140tt0p9v25c
  dual_port_bram_16x32_write_first_852
                     ZeroWireload          tcbn22ullbwp30p140tt0p9v25c
  dual_port_bram_16x32_write_first_851
                     ZeroWireload          tcbn22ullbwp30p140tt0p9v25c
  dual_port_bram_16x32_write_first_850
                     ZeroWireload          tcbn22ullbwp30p140tt0p9v25c
  dual_port_bram_16x32_write_first_849
                     ZeroWireload          tcbn22ullbwp30p140tt0p9v25c
  dual_port_bram_16x32_write_first_848
                     ZeroWireload          tcbn22ullbwp30p140tt0p9v25c
  dual_port_bram_16x32_write_first_847
                     ZeroWireload          tcbn22ullbwp30p140tt0p9v25c
  dual_port_bram_16x32_write_first_846
                     ZeroWireload          tcbn22ullbwp30p140tt0p9v25c
  dual_port_bram_16x32_write_first_845
                     ZeroWireload          tcbn22ullbwp30p140tt0p9v25c
  dual_port_bram_16x32_write_first_844
                     ZeroWireload          tcbn22ullbwp30p140tt0p9v25c
  dual_port_bram_16x32_write_first_843
                     ZeroWireload          tcbn22ullbwp30p140tt0p9v25c
  dual_port_bram_16x32_write_first_842
                     ZeroWireload          tcbn22ullbwp30p140tt0p9v25c
  dual_port_bram_16x32_write_first_841
                     ZeroWireload          tcbn22ullbwp30p140tt0p9v25c
  dual_port_bram_16x32_write_first_840
                     ZeroWireload          tcbn22ullbwp30p140tt0p9v25c
  dual_port_bram_16x32_write_first_839
                     ZeroWireload          tcbn22ullbwp30p140tt0p9v25c
  dual_port_bram_16x32_write_first_838
                     ZeroWireload          tcbn22ullbwp30p140tt0p9v25c
  dual_port_bram_16x32_write_first_837
                     ZeroWireload          tcbn22ullbwp30p140tt0p9v25c
  dual_port_bram_16x32_write_first_836
                     ZeroWireload          tcbn22ullbwp30p140tt0p9v25c
  dual_port_bram_16x32_write_first_835
                     ZeroWireload          tcbn22ullbwp30p140tt0p9v25c
  dual_port_bram_16x32_write_first_834
                     ZeroWireload          tcbn22ullbwp30p140tt0p9v25c
  dual_port_bram_16x32_write_first_833
                     ZeroWireload          tcbn22ullbwp30p140tt0p9v25c
  dual_port_bram_16x32_write_first_832
                     ZeroWireload          tcbn22ullbwp30p140tt0p9v25c
  dual_port_bram_16x32_write_first_831
                     ZeroWireload          tcbn22ullbwp30p140tt0p9v25c
  dual_port_bram_16x32_write_first_830
                     ZeroWireload          tcbn22ullbwp30p140tt0p9v25c
  dual_port_bram_16x32_write_first_829
                     ZeroWireload          tcbn22ullbwp30p140tt0p9v25c
  dual_port_bram_16x32_write_first_828
                     ZeroWireload          tcbn22ullbwp30p140tt0p9v25c
  dual_port_bram_16x32_write_first_827
                     ZeroWireload          tcbn22ullbwp30p140tt0p9v25c
  dual_port_bram_16x32_write_first_826
                     ZeroWireload          tcbn22ullbwp30p140tt0p9v25c
  dual_port_bram_16x32_write_first_825
                     ZeroWireload          tcbn22ullbwp30p140tt0p9v25c
  dual_port_bram_16x32_write_first_824
                     ZeroWireload          tcbn22ullbwp30p140tt0p9v25c
  dual_port_bram_16x32_write_first_823
                     ZeroWireload          tcbn22ullbwp30p140tt0p9v25c
  dual_port_bram_16x32_write_first_822
                     ZeroWireload          tcbn22ullbwp30p140tt0p9v25c
  dual_port_bram_16x32_write_first_821
                     ZeroWireload          tcbn22ullbwp30p140tt0p9v25c
  dual_port_bram_16x32_write_first_820
                     ZeroWireload          tcbn22ullbwp30p140tt0p9v25c
  dual_port_bram_16x32_write_first_819
                     ZeroWireload          tcbn22ullbwp30p140tt0p9v25c
  dual_port_bram_16x32_write_first_818
                     ZeroWireload          tcbn22ullbwp30p140tt0p9v25c
  dual_port_bram_16x32_write_first_817
                     ZeroWireload          tcbn22ullbwp30p140tt0p9v25c
  dual_port_bram_16x32_write_first_816
                     ZeroWireload          tcbn22ullbwp30p140tt0p9v25c
  dual_port_bram_16x32_write_first_815
                     ZeroWireload          tcbn22ullbwp30p140tt0p9v25c
  dual_port_bram_16x32_write_first_814
                     ZeroWireload          tcbn22ullbwp30p140tt0p9v25c
  dual_port_bram_16x32_write_first_813
                     ZeroWireload          tcbn22ullbwp30p140tt0p9v25c
  dual_port_bram_16x32_write_first_812
                     ZeroWireload          tcbn22ullbwp30p140tt0p9v25c
  dual_port_bram_16x32_write_first_811
                     ZeroWireload          tcbn22ullbwp30p140tt0p9v25c
  dual_port_bram_16x32_write_first_810
                     ZeroWireload          tcbn22ullbwp30p140tt0p9v25c
  dual_port_bram_16x32_write_first_809
                     ZeroWireload          tcbn22ullbwp30p140tt0p9v25c
  dual_port_bram_16x32_write_first_808
                     ZeroWireload          tcbn22ullbwp30p140tt0p9v25c
  dual_port_bram_16x32_write_first_807
                     ZeroWireload          tcbn22ullbwp30p140tt0p9v25c
  dual_port_bram_16x32_write_first_806
                     ZeroWireload          tcbn22ullbwp30p140tt0p9v25c
  dual_port_bram_16x32_write_first_805
                     ZeroWireload          tcbn22ullbwp30p140tt0p9v25c
  dual_port_bram_16x32_write_first_804
                     ZeroWireload          tcbn22ullbwp30p140tt0p9v25c
  dual_port_bram_16x32_write_first_803
                     ZeroWireload          tcbn22ullbwp30p140tt0p9v25c
  dual_port_bram_16x32_write_first_802
                     ZeroWireload          tcbn22ullbwp30p140tt0p9v25c
  dual_port_bram_16x32_write_first_801
                     ZeroWireload          tcbn22ullbwp30p140tt0p9v25c
  dual_port_bram_16x32_write_first_800
                     ZeroWireload          tcbn22ullbwp30p140tt0p9v25c
  dual_port_bram_16x32_write_first_799
                     ZeroWireload          tcbn22ullbwp30p140tt0p9v25c
  dual_port_bram_16x32_write_first_798
                     ZeroWireload          tcbn22ullbwp30p140tt0p9v25c
  dual_port_bram_16x32_write_first_797
                     ZeroWireload          tcbn22ullbwp30p140tt0p9v25c
  dual_port_bram_16x32_write_first_796
                     ZeroWireload          tcbn22ullbwp30p140tt0p9v25c
  dual_port_bram_16x32_write_first_795
                     ZeroWireload          tcbn22ullbwp30p140tt0p9v25c
  dual_port_bram_16x32_write_first_794
                     ZeroWireload          tcbn22ullbwp30p140tt0p9v25c
  dual_port_bram_16x32_write_first_793
                     ZeroWireload          tcbn22ullbwp30p140tt0p9v25c
  dual_port_bram_16x32_write_first_792
                     ZeroWireload          tcbn22ullbwp30p140tt0p9v25c
  dual_port_bram_16x32_write_first_791
                     ZeroWireload          tcbn22ullbwp30p140tt0p9v25c
  dual_port_bram_16x32_write_first_790
                     ZeroWireload          tcbn22ullbwp30p140tt0p9v25c
  dual_port_bram_16x32_write_first_789
                     ZeroWireload          tcbn22ullbwp30p140tt0p9v25c
  dual_port_bram_16x32_write_first_788
                     ZeroWireload          tcbn22ullbwp30p140tt0p9v25c
  dual_port_bram_16x32_write_first_787
                     ZeroWireload          tcbn22ullbwp30p140tt0p9v25c
  dual_port_bram_16x32_write_first_786
                     ZeroWireload          tcbn22ullbwp30p140tt0p9v25c
  dual_port_bram_16x32_write_first_785
                     ZeroWireload          tcbn22ullbwp30p140tt0p9v25c
  dual_port_bram_16x32_write_first_784
                     ZeroWireload          tcbn22ullbwp30p140tt0p9v25c
  dual_port_bram_16x32_write_first_783
                     ZeroWireload          tcbn22ullbwp30p140tt0p9v25c
  dual_port_bram_16x32_write_first_782
                     ZeroWireload          tcbn22ullbwp30p140tt0p9v25c
  dual_port_bram_16x32_write_first_781
                     ZeroWireload          tcbn22ullbwp30p140tt0p9v25c
  dual_port_bram_16x32_write_first_780
                     ZeroWireload          tcbn22ullbwp30p140tt0p9v25c
  dual_port_bram_16x32_write_first_779
                     ZeroWireload          tcbn22ullbwp30p140tt0p9v25c
  dual_port_bram_16x32_write_first_778
                     ZeroWireload          tcbn22ullbwp30p140tt0p9v25c
  dual_port_bram_16x32_write_first_777
                     ZeroWireload          tcbn22ullbwp30p140tt0p9v25c
  dual_port_bram_16x32_write_first_776
                     ZeroWireload          tcbn22ullbwp30p140tt0p9v25c
  dual_port_bram_16x32_write_first_775
                     ZeroWireload          tcbn22ullbwp30p140tt0p9v25c
  dual_port_bram_16x32_write_first_774
                     ZeroWireload          tcbn22ullbwp30p140tt0p9v25c
  dual_port_bram_16x32_write_first_773
                     ZeroWireload          tcbn22ullbwp30p140tt0p9v25c
  dual_port_bram_16x32_write_first_772
                     ZeroWireload          tcbn22ullbwp30p140tt0p9v25c
  dual_port_bram_16x32_write_first_771
                     ZeroWireload          tcbn22ullbwp30p140tt0p9v25c
  dual_port_bram_16x32_write_first_770
                     ZeroWireload          tcbn22ullbwp30p140tt0p9v25c
  dual_port_bram_16x32_write_first_769
                     ZeroWireload          tcbn22ullbwp30p140tt0p9v25c
  dual_port_bram_16x32_write_first_768
                     ZeroWireload          tcbn22ullbwp30p140tt0p9v25c
  dual_port_bram_16x32_write_first_767
                     ZeroWireload          tcbn22ullbwp30p140tt0p9v25c
  dual_port_bram_16x32_write_first_766
                     ZeroWireload          tcbn22ullbwp30p140tt0p9v25c
  dual_port_bram_16x32_write_first_765
                     ZeroWireload          tcbn22ullbwp30p140tt0p9v25c
  dual_port_bram_16x32_write_first_764
                     ZeroWireload          tcbn22ullbwp30p140tt0p9v25c
  dual_port_bram_16x32_write_first_763
                     ZeroWireload          tcbn22ullbwp30p140tt0p9v25c
  dual_port_bram_16x32_write_first_762
                     ZeroWireload          tcbn22ullbwp30p140tt0p9v25c
  dual_port_bram_16x32_write_first_761
                     ZeroWireload          tcbn22ullbwp30p140tt0p9v25c
  dual_port_bram_16x32_write_first_760
                     ZeroWireload          tcbn22ullbwp30p140tt0p9v25c
  dual_port_bram_16x32_write_first_759
                     ZeroWireload          tcbn22ullbwp30p140tt0p9v25c
  dual_port_bram_16x32_write_first_758
                     ZeroWireload          tcbn22ullbwp30p140tt0p9v25c
  dual_port_bram_16x32_write_first_757
                     ZeroWireload          tcbn22ullbwp30p140tt0p9v25c
  dual_port_bram_16x32_write_first_756
                     ZeroWireload          tcbn22ullbwp30p140tt0p9v25c
  dual_port_bram_16x32_write_first_755
                     ZeroWireload          tcbn22ullbwp30p140tt0p9v25c
  dual_port_bram_16x32_write_first_754
                     ZeroWireload          tcbn22ullbwp30p140tt0p9v25c
  dual_port_bram_16x32_write_first_753
                     ZeroWireload          tcbn22ullbwp30p140tt0p9v25c
  dual_port_bram_16x32_write_first_752
                     ZeroWireload          tcbn22ullbwp30p140tt0p9v25c
  dual_port_bram_16x32_write_first_751
                     ZeroWireload          tcbn22ullbwp30p140tt0p9v25c
  dual_port_bram_16x32_write_first_750
                     ZeroWireload          tcbn22ullbwp30p140tt0p9v25c
  dual_port_bram_16x32_write_first_749
                     ZeroWireload          tcbn22ullbwp30p140tt0p9v25c
  dual_port_bram_16x32_write_first_748
                     ZeroWireload          tcbn22ullbwp30p140tt0p9v25c
  dual_port_bram_16x32_write_first_747
                     ZeroWireload          tcbn22ullbwp30p140tt0p9v25c
  dual_port_bram_16x32_write_first_746
                     ZeroWireload          tcbn22ullbwp30p140tt0p9v25c
  dual_port_bram_16x32_write_first_745
                     ZeroWireload          tcbn22ullbwp30p140tt0p9v25c
  dual_port_bram_16x32_write_first_744
                     ZeroWireload          tcbn22ullbwp30p140tt0p9v25c
  dual_port_bram_16x32_write_first_743
                     ZeroWireload          tcbn22ullbwp30p140tt0p9v25c
  dual_port_bram_16x32_write_first_742
                     ZeroWireload          tcbn22ullbwp30p140tt0p9v25c
  dual_port_bram_16x32_write_first_741
                     ZeroWireload          tcbn22ullbwp30p140tt0p9v25c
  dual_port_bram_16x32_write_first_740
                     ZeroWireload          tcbn22ullbwp30p140tt0p9v25c
  dual_port_bram_16x32_write_first_739
                     ZeroWireload          tcbn22ullbwp30p140tt0p9v25c
  dual_port_bram_16x32_write_first_738
                     ZeroWireload          tcbn22ullbwp30p140tt0p9v25c
  dual_port_bram_16x32_write_first_737
                     ZeroWireload          tcbn22ullbwp30p140tt0p9v25c
  dual_port_bram_16x32_write_first_736
                     ZeroWireload          tcbn22ullbwp30p140tt0p9v25c
  dual_port_bram_16x32_write_first_735
                     ZeroWireload          tcbn22ullbwp30p140tt0p9v25c
  dual_port_bram_16x32_write_first_734
                     ZeroWireload          tcbn22ullbwp30p140tt0p9v25c
  dual_port_bram_16x32_write_first_733
                     ZeroWireload          tcbn22ullbwp30p140tt0p9v25c
  dual_port_bram_16x32_write_first_732
                     ZeroWireload          tcbn22ullbwp30p140tt0p9v25c
  dual_port_bram_16x32_write_first_731
                     ZeroWireload          tcbn22ullbwp30p140tt0p9v25c
  dual_port_bram_16x32_write_first_730
                     ZeroWireload          tcbn22ullbwp30p140tt0p9v25c
  dual_port_bram_16x32_write_first_729
                     ZeroWireload          tcbn22ullbwp30p140tt0p9v25c
  dual_port_bram_16x32_write_first_728
                     ZeroWireload          tcbn22ullbwp30p140tt0p9v25c
  dual_port_bram_16x32_write_first_727
                     ZeroWireload          tcbn22ullbwp30p140tt0p9v25c
  dual_port_bram_16x32_write_first_726
                     ZeroWireload          tcbn22ullbwp30p140tt0p9v25c
  dual_port_bram_16x32_write_first_725
                     ZeroWireload          tcbn22ullbwp30p140tt0p9v25c
  dual_port_bram_16x32_write_first_724
                     ZeroWireload          tcbn22ullbwp30p140tt0p9v25c
  dual_port_bram_16x32_write_first_723
                     ZeroWireload          tcbn22ullbwp30p140tt0p9v25c
  dual_port_bram_16x32_write_first_722
                     ZeroWireload          tcbn22ullbwp30p140tt0p9v25c
  dual_port_bram_16x32_write_first_721
                     ZeroWireload          tcbn22ullbwp30p140tt0p9v25c
  dual_port_bram_16x32_write_first_720
                     ZeroWireload          tcbn22ullbwp30p140tt0p9v25c
  dual_port_bram_16x32_write_first_719
                     ZeroWireload          tcbn22ullbwp30p140tt0p9v25c
  dual_port_bram_16x32_write_first_718
                     ZeroWireload          tcbn22ullbwp30p140tt0p9v25c
  dual_port_bram_16x32_write_first_717
                     ZeroWireload          tcbn22ullbwp30p140tt0p9v25c
  dual_port_bram_16x32_write_first_716
                     ZeroWireload          tcbn22ullbwp30p140tt0p9v25c
  dual_port_bram_16x32_write_first_715
                     ZeroWireload          tcbn22ullbwp30p140tt0p9v25c
  dual_port_bram_16x32_write_first_714
                     ZeroWireload          tcbn22ullbwp30p140tt0p9v25c
  dual_port_bram_16x32_write_first_713
                     ZeroWireload          tcbn22ullbwp30p140tt0p9v25c
  dual_port_bram_16x32_write_first_712
                     ZeroWireload          tcbn22ullbwp30p140tt0p9v25c
  dual_port_bram_16x32_write_first_711
                     ZeroWireload          tcbn22ullbwp30p140tt0p9v25c
  dual_port_bram_16x32_write_first_710
                     ZeroWireload          tcbn22ullbwp30p140tt0p9v25c
  dual_port_bram_16x32_write_first_709
                     ZeroWireload          tcbn22ullbwp30p140tt0p9v25c
  dual_port_bram_16x32_write_first_708
                     ZeroWireload          tcbn22ullbwp30p140tt0p9v25c
  dual_port_bram_16x32_write_first_707
                     ZeroWireload          tcbn22ullbwp30p140tt0p9v25c
  dual_port_bram_16x32_write_first_706
                     ZeroWireload          tcbn22ullbwp30p140tt0p9v25c
  dual_port_bram_16x32_write_first_705
                     ZeroWireload          tcbn22ullbwp30p140tt0p9v25c
  dual_port_bram_16x32_write_first_704
                     ZeroWireload          tcbn22ullbwp30p140tt0p9v25c
  dual_port_bram_16x32_write_first_703
                     ZeroWireload          tcbn22ullbwp30p140tt0p9v25c
  dual_port_bram_16x32_write_first_702
                     ZeroWireload          tcbn22ullbwp30p140tt0p9v25c
  dual_port_bram_16x32_write_first_701
                     ZeroWireload          tcbn22ullbwp30p140tt0p9v25c
  dual_port_bram_16x32_write_first_700
                     ZeroWireload          tcbn22ullbwp30p140tt0p9v25c
  dual_port_bram_16x32_write_first_699
                     ZeroWireload          tcbn22ullbwp30p140tt0p9v25c
  dual_port_bram_16x32_write_first_698
                     ZeroWireload          tcbn22ullbwp30p140tt0p9v25c
  dual_port_bram_16x32_write_first_697
                     ZeroWireload          tcbn22ullbwp30p140tt0p9v25c
  dual_port_bram_16x32_write_first_696
                     ZeroWireload          tcbn22ullbwp30p140tt0p9v25c
  dual_port_bram_16x32_write_first_695
                     ZeroWireload          tcbn22ullbwp30p140tt0p9v25c
  dual_port_bram_16x32_write_first_694
                     ZeroWireload          tcbn22ullbwp30p140tt0p9v25c
  dual_port_bram_16x32_write_first_693
                     ZeroWireload          tcbn22ullbwp30p140tt0p9v25c
  dual_port_bram_16x32_write_first_692
                     ZeroWireload          tcbn22ullbwp30p140tt0p9v25c
  dual_port_bram_16x32_write_first_691
                     ZeroWireload          tcbn22ullbwp30p140tt0p9v25c
  dual_port_bram_16x32_write_first_690
                     ZeroWireload          tcbn22ullbwp30p140tt0p9v25c
  dual_port_bram_16x32_write_first_689
                     ZeroWireload          tcbn22ullbwp30p140tt0p9v25c
  dual_port_bram_16x32_write_first_688
                     ZeroWireload          tcbn22ullbwp30p140tt0p9v25c
  dual_port_bram_16x32_write_first_687
                     ZeroWireload          tcbn22ullbwp30p140tt0p9v25c
  dual_port_bram_16x32_write_first_686
                     ZeroWireload          tcbn22ullbwp30p140tt0p9v25c
  dual_port_bram_16x32_write_first_685
                     ZeroWireload          tcbn22ullbwp30p140tt0p9v25c
  dual_port_bram_16x32_write_first_684
                     ZeroWireload          tcbn22ullbwp30p140tt0p9v25c
  dual_port_bram_16x32_write_first_683
                     ZeroWireload          tcbn22ullbwp30p140tt0p9v25c
  dual_port_bram_16x32_write_first_682
                     ZeroWireload          tcbn22ullbwp30p140tt0p9v25c
  dual_port_bram_16x32_write_first_681
                     ZeroWireload          tcbn22ullbwp30p140tt0p9v25c
  dual_port_bram_16x32_write_first_680
                     ZeroWireload          tcbn22ullbwp30p140tt0p9v25c
  dual_port_bram_16x32_write_first_679
                     ZeroWireload          tcbn22ullbwp30p140tt0p9v25c
  dual_port_bram_16x32_write_first_678
                     ZeroWireload          tcbn22ullbwp30p140tt0p9v25c
  dual_port_bram_16x32_write_first_677
                     ZeroWireload          tcbn22ullbwp30p140tt0p9v25c
  dual_port_bram_16x32_write_first_676
                     ZeroWireload          tcbn22ullbwp30p140tt0p9v25c
  dual_port_bram_16x32_write_first_675
                     ZeroWireload          tcbn22ullbwp30p140tt0p9v25c
  dual_port_bram_16x32_write_first_674
                     ZeroWireload          tcbn22ullbwp30p140tt0p9v25c
  dual_port_bram_16x32_write_first_673
                     ZeroWireload          tcbn22ullbwp30p140tt0p9v25c
  dual_port_bram_16x32_write_first_672
                     ZeroWireload          tcbn22ullbwp30p140tt0p9v25c
  dual_port_bram_16x32_write_first_671
                     ZeroWireload          tcbn22ullbwp30p140tt0p9v25c
  dual_port_bram_16x32_write_first_670
                     ZeroWireload          tcbn22ullbwp30p140tt0p9v25c
  dual_port_bram_16x32_write_first_669
                     ZeroWireload          tcbn22ullbwp30p140tt0p9v25c
  dual_port_bram_16x32_write_first_668
                     ZeroWireload          tcbn22ullbwp30p140tt0p9v25c
  dual_port_bram_16x32_write_first_667
                     ZeroWireload          tcbn22ullbwp30p140tt0p9v25c
  dual_port_bram_16x32_write_first_666
                     ZeroWireload          tcbn22ullbwp30p140tt0p9v25c
  dual_port_bram_16x32_write_first_665
                     ZeroWireload          tcbn22ullbwp30p140tt0p9v25c
  dual_port_bram_16x32_write_first_664
                     ZeroWireload          tcbn22ullbwp30p140tt0p9v25c
  dual_port_bram_16x32_write_first_663
                     ZeroWireload          tcbn22ullbwp30p140tt0p9v25c
  dual_port_bram_16x32_write_first_662
                     ZeroWireload          tcbn22ullbwp30p140tt0p9v25c
  dual_port_bram_16x32_write_first_661
                     ZeroWireload          tcbn22ullbwp30p140tt0p9v25c
  dual_port_bram_16x32_write_first_660
                     ZeroWireload          tcbn22ullbwp30p140tt0p9v25c
  dual_port_bram_16x32_write_first_659
                     ZeroWireload          tcbn22ullbwp30p140tt0p9v25c
  dual_port_bram_16x32_write_first_658
                     ZeroWireload          tcbn22ullbwp30p140tt0p9v25c
  dual_port_bram_16x32_write_first_657
                     ZeroWireload          tcbn22ullbwp30p140tt0p9v25c
  dual_port_bram_16x32_write_first_656
                     ZeroWireload          tcbn22ullbwp30p140tt0p9v25c
  dual_port_bram_16x32_write_first_655
                     ZeroWireload          tcbn22ullbwp30p140tt0p9v25c
  dual_port_bram_16x32_write_first_654
                     ZeroWireload          tcbn22ullbwp30p140tt0p9v25c
  dual_port_bram_16x32_write_first_653
                     ZeroWireload          tcbn22ullbwp30p140tt0p9v25c
  dual_port_bram_16x32_write_first_652
                     ZeroWireload          tcbn22ullbwp30p140tt0p9v25c
  dual_port_bram_16x32_write_first_651
                     ZeroWireload          tcbn22ullbwp30p140tt0p9v25c
  dual_port_bram_16x32_write_first_650
                     ZeroWireload          tcbn22ullbwp30p140tt0p9v25c
  dual_port_bram_16x32_write_first_649
                     ZeroWireload          tcbn22ullbwp30p140tt0p9v25c
  dual_port_bram_16x32_write_first_648
                     ZeroWireload          tcbn22ullbwp30p140tt0p9v25c
  dual_port_bram_16x32_write_first_647
                     ZeroWireload          tcbn22ullbwp30p140tt0p9v25c
  dual_port_bram_16x32_write_first_646
                     ZeroWireload          tcbn22ullbwp30p140tt0p9v25c
  dual_port_bram_16x32_write_first_645
                     ZeroWireload          tcbn22ullbwp30p140tt0p9v25c
  dual_port_bram_16x32_write_first_644
                     ZeroWireload          tcbn22ullbwp30p140tt0p9v25c
  dual_port_bram_16x32_write_first_643
                     ZeroWireload          tcbn22ullbwp30p140tt0p9v25c
  dual_port_bram_16x32_write_first_642
                     ZeroWireload          tcbn22ullbwp30p140tt0p9v25c
  dual_port_bram_16x32_write_first_641
                     ZeroWireload          tcbn22ullbwp30p140tt0p9v25c
  dual_port_bram_16x32_write_first_640
                     ZeroWireload          tcbn22ullbwp30p140tt0p9v25c
  dual_port_bram_16x32_write_first_639
                     ZeroWireload          tcbn22ullbwp30p140tt0p9v25c
  dual_port_bram_16x32_write_first_638
                     ZeroWireload          tcbn22ullbwp30p140tt0p9v25c
  dual_port_bram_16x32_write_first_637
                     ZeroWireload          tcbn22ullbwp30p140tt0p9v25c
  dual_port_bram_16x32_write_first_636
                     ZeroWireload          tcbn22ullbwp30p140tt0p9v25c
  dual_port_bram_16x32_write_first_635
                     ZeroWireload          tcbn22ullbwp30p140tt0p9v25c
  dual_port_bram_16x32_write_first_634
                     ZeroWireload          tcbn22ullbwp30p140tt0p9v25c
  dual_port_bram_16x32_write_first_633
                     ZeroWireload          tcbn22ullbwp30p140tt0p9v25c
  dual_port_bram_16x32_write_first_632
                     ZeroWireload          tcbn22ullbwp30p140tt0p9v25c
  dual_port_bram_16x32_write_first_631
                     ZeroWireload          tcbn22ullbwp30p140tt0p9v25c
  dual_port_bram_16x32_write_first_630
                     ZeroWireload          tcbn22ullbwp30p140tt0p9v25c
  dual_port_bram_16x32_write_first_629
                     ZeroWireload          tcbn22ullbwp30p140tt0p9v25c
  dual_port_bram_16x32_write_first_628
                     ZeroWireload          tcbn22ullbwp30p140tt0p9v25c
  dual_port_bram_16x32_write_first_627
                     ZeroWireload          tcbn22ullbwp30p140tt0p9v25c
  dual_port_bram_16x32_write_first_626
                     ZeroWireload          tcbn22ullbwp30p140tt0p9v25c
  dual_port_bram_16x32_write_first_625
                     ZeroWireload          tcbn22ullbwp30p140tt0p9v25c
  dual_port_bram_16x32_write_first_624
                     ZeroWireload          tcbn22ullbwp30p140tt0p9v25c
  dual_port_bram_16x32_write_first_623
                     ZeroWireload          tcbn22ullbwp30p140tt0p9v25c
  dual_port_bram_16x32_write_first_622
                     ZeroWireload          tcbn22ullbwp30p140tt0p9v25c
  dual_port_bram_16x32_write_first_621
                     ZeroWireload          tcbn22ullbwp30p140tt0p9v25c
  dual_port_bram_16x32_write_first_620
                     ZeroWireload          tcbn22ullbwp30p140tt0p9v25c
  dual_port_bram_16x32_write_first_619
                     ZeroWireload          tcbn22ullbwp30p140tt0p9v25c
  dual_port_bram_16x32_write_first_618
                     ZeroWireload          tcbn22ullbwp30p140tt0p9v25c
  dual_port_bram_16x32_write_first_617
                     ZeroWireload          tcbn22ullbwp30p140tt0p9v25c
  dual_port_bram_16x32_write_first_616
                     ZeroWireload          tcbn22ullbwp30p140tt0p9v25c
  dual_port_bram_16x32_write_first_615
                     ZeroWireload          tcbn22ullbwp30p140tt0p9v25c
  dual_port_bram_16x32_write_first_614
                     ZeroWireload          tcbn22ullbwp30p140tt0p9v25c
  dual_port_bram_16x32_write_first_613
                     ZeroWireload          tcbn22ullbwp30p140tt0p9v25c
  dual_port_bram_16x32_write_first_612
                     ZeroWireload          tcbn22ullbwp30p140tt0p9v25c
  dual_port_bram_16x32_write_first_611
                     ZeroWireload          tcbn22ullbwp30p140tt0p9v25c
  dual_port_bram_16x32_write_first_610
                     ZeroWireload          tcbn22ullbwp30p140tt0p9v25c
  dual_port_bram_16x32_write_first_609
                     ZeroWireload          tcbn22ullbwp30p140tt0p9v25c
  dual_port_bram_16x32_write_first_608
                     ZeroWireload          tcbn22ullbwp30p140tt0p9v25c
  dual_port_bram_16x32_write_first_607
                     ZeroWireload          tcbn22ullbwp30p140tt0p9v25c
  dual_port_bram_16x32_write_first_606
                     ZeroWireload          tcbn22ullbwp30p140tt0p9v25c
  dual_port_bram_16x32_write_first_605
                     ZeroWireload          tcbn22ullbwp30p140tt0p9v25c
  dual_port_bram_16x32_write_first_604
                     ZeroWireload          tcbn22ullbwp30p140tt0p9v25c
  dual_port_bram_16x32_write_first_603
                     ZeroWireload          tcbn22ullbwp30p140tt0p9v25c
  dual_port_bram_16x32_write_first_602
                     ZeroWireload          tcbn22ullbwp30p140tt0p9v25c
  dual_port_bram_16x32_write_first_601
                     ZeroWireload          tcbn22ullbwp30p140tt0p9v25c
  dual_port_bram_16x32_write_first_600
                     ZeroWireload          tcbn22ullbwp30p140tt0p9v25c
  dual_port_bram_16x32_write_first_599
                     ZeroWireload          tcbn22ullbwp30p140tt0p9v25c
  dual_port_bram_16x32_write_first_598
                     ZeroWireload          tcbn22ullbwp30p140tt0p9v25c
  dual_port_bram_16x32_write_first_597
                     ZeroWireload          tcbn22ullbwp30p140tt0p9v25c
  dual_port_bram_16x32_write_first_596
                     ZeroWireload          tcbn22ullbwp30p140tt0p9v25c
  dual_port_bram_16x32_write_first_595
                     ZeroWireload          tcbn22ullbwp30p140tt0p9v25c
  dual_port_bram_16x32_write_first_594
                     ZeroWireload          tcbn22ullbwp30p140tt0p9v25c
  dual_port_bram_16x32_write_first_593
                     ZeroWireload          tcbn22ullbwp30p140tt0p9v25c
  dual_port_bram_16x32_write_first_592
                     ZeroWireload          tcbn22ullbwp30p140tt0p9v25c
  dual_port_bram_16x32_write_first_591
                     ZeroWireload          tcbn22ullbwp30p140tt0p9v25c
  dual_port_bram_16x32_write_first_590
                     ZeroWireload          tcbn22ullbwp30p140tt0p9v25c
  dual_port_bram_16x32_write_first_589
                     ZeroWireload          tcbn22ullbwp30p140tt0p9v25c
  dual_port_bram_16x32_write_first_588
                     ZeroWireload          tcbn22ullbwp30p140tt0p9v25c
  dual_port_bram_16x32_write_first_587
                     ZeroWireload          tcbn22ullbwp30p140tt0p9v25c
  dual_port_bram_16x32_write_first_586
                     ZeroWireload          tcbn22ullbwp30p140tt0p9v25c
  dual_port_bram_16x32_write_first_585
                     ZeroWireload          tcbn22ullbwp30p140tt0p9v25c
  dual_port_bram_16x32_write_first_584
                     ZeroWireload          tcbn22ullbwp30p140tt0p9v25c
  dual_port_bram_16x32_write_first_583
                     ZeroWireload          tcbn22ullbwp30p140tt0p9v25c
  dual_port_bram_16x32_write_first_582
                     ZeroWireload          tcbn22ullbwp30p140tt0p9v25c
  dual_port_bram_16x32_write_first_581
                     ZeroWireload          tcbn22ullbwp30p140tt0p9v25c
  dual_port_bram_16x32_write_first_580
                     ZeroWireload          tcbn22ullbwp30p140tt0p9v25c
  dual_port_bram_16x32_write_first_579
                     ZeroWireload          tcbn22ullbwp30p140tt0p9v25c
  dual_port_bram_16x32_write_first_578
                     ZeroWireload          tcbn22ullbwp30p140tt0p9v25c
  dual_port_bram_16x32_write_first_577
                     ZeroWireload          tcbn22ullbwp30p140tt0p9v25c
  dual_port_bram_16x32_write_first_576
                     ZeroWireload          tcbn22ullbwp30p140tt0p9v25c
  dual_port_bram_16x32_write_first_575
                     ZeroWireload          tcbn22ullbwp30p140tt0p9v25c
  dual_port_bram_16x32_write_first_574
                     ZeroWireload          tcbn22ullbwp30p140tt0p9v25c
  dual_port_bram_16x32_write_first_573
                     ZeroWireload          tcbn22ullbwp30p140tt0p9v25c
  dual_port_bram_16x32_write_first_572
                     ZeroWireload          tcbn22ullbwp30p140tt0p9v25c
  dual_port_bram_16x32_write_first_571
                     ZeroWireload          tcbn22ullbwp30p140tt0p9v25c
  dual_port_bram_16x32_write_first_570
                     ZeroWireload          tcbn22ullbwp30p140tt0p9v25c
  dual_port_bram_16x32_write_first_569
                     ZeroWireload          tcbn22ullbwp30p140tt0p9v25c
  dual_port_bram_16x32_write_first_568
                     ZeroWireload          tcbn22ullbwp30p140tt0p9v25c
  dual_port_bram_16x32_write_first_567
                     ZeroWireload          tcbn22ullbwp30p140tt0p9v25c
  dual_port_bram_16x32_write_first_566
                     ZeroWireload          tcbn22ullbwp30p140tt0p9v25c
  dual_port_bram_16x32_write_first_565
                     ZeroWireload          tcbn22ullbwp30p140tt0p9v25c
  dual_port_bram_16x32_write_first_564
                     ZeroWireload          tcbn22ullbwp30p140tt0p9v25c
  dual_port_bram_16x32_write_first_563
                     ZeroWireload          tcbn22ullbwp30p140tt0p9v25c
  dual_port_bram_16x32_write_first_562
                     ZeroWireload          tcbn22ullbwp30p140tt0p9v25c
  dual_port_bram_16x32_write_first_561
                     ZeroWireload          tcbn22ullbwp30p140tt0p9v25c
  dual_port_bram_16x32_write_first_560
                     ZeroWireload          tcbn22ullbwp30p140tt0p9v25c
  dual_port_bram_16x32_write_first_559
                     ZeroWireload          tcbn22ullbwp30p140tt0p9v25c
  dual_port_bram_16x32_write_first_558
                     ZeroWireload          tcbn22ullbwp30p140tt0p9v25c
  dual_port_bram_16x32_write_first_557
                     ZeroWireload          tcbn22ullbwp30p140tt0p9v25c
  dual_port_bram_16x32_write_first_556
                     ZeroWireload          tcbn22ullbwp30p140tt0p9v25c
  dual_port_bram_16x32_write_first_555
                     ZeroWireload          tcbn22ullbwp30p140tt0p9v25c
  dual_port_bram_16x32_write_first_554
                     ZeroWireload          tcbn22ullbwp30p140tt0p9v25c
  dual_port_bram_16x32_write_first_553
                     ZeroWireload          tcbn22ullbwp30p140tt0p9v25c
  dual_port_bram_16x32_write_first_552
                     ZeroWireload          tcbn22ullbwp30p140tt0p9v25c
  dual_port_bram_16x32_write_first_551
                     ZeroWireload          tcbn22ullbwp30p140tt0p9v25c
  dual_port_bram_16x32_write_first_550
                     ZeroWireload          tcbn22ullbwp30p140tt0p9v25c
  dual_port_bram_16x32_write_first_549
                     ZeroWireload          tcbn22ullbwp30p140tt0p9v25c
  dual_port_bram_16x32_write_first_548
                     ZeroWireload          tcbn22ullbwp30p140tt0p9v25c
  dual_port_bram_16x32_write_first_547
                     ZeroWireload          tcbn22ullbwp30p140tt0p9v25c
  dual_port_bram_16x32_write_first_546
                     ZeroWireload          tcbn22ullbwp30p140tt0p9v25c
  dual_port_bram_16x32_write_first_545
                     ZeroWireload          tcbn22ullbwp30p140tt0p9v25c
  dual_port_bram_16x32_write_first_544
                     ZeroWireload          tcbn22ullbwp30p140tt0p9v25c
  dual_port_bram_16x32_write_first_543
                     ZeroWireload          tcbn22ullbwp30p140tt0p9v25c
  dual_port_bram_16x32_write_first_542
                     ZeroWireload          tcbn22ullbwp30p140tt0p9v25c
  dual_port_bram_16x32_write_first_541
                     ZeroWireload          tcbn22ullbwp30p140tt0p9v25c
  dual_port_bram_16x32_write_first_540
                     ZeroWireload          tcbn22ullbwp30p140tt0p9v25c
  dual_port_bram_16x32_write_first_539
                     ZeroWireload          tcbn22ullbwp30p140tt0p9v25c
  dual_port_bram_16x32_write_first_538
                     ZeroWireload          tcbn22ullbwp30p140tt0p9v25c
  dual_port_bram_16x32_write_first_537
                     ZeroWireload          tcbn22ullbwp30p140tt0p9v25c
  dual_port_bram_16x32_write_first_536
                     ZeroWireload          tcbn22ullbwp30p140tt0p9v25c
  dual_port_bram_16x32_write_first_535
                     ZeroWireload          tcbn22ullbwp30p140tt0p9v25c
  dual_port_bram_16x32_write_first_534
                     ZeroWireload          tcbn22ullbwp30p140tt0p9v25c
  dual_port_bram_16x32_write_first_533
                     ZeroWireload          tcbn22ullbwp30p140tt0p9v25c
  dual_port_bram_16x32_write_first_532
                     ZeroWireload          tcbn22ullbwp30p140tt0p9v25c
  dual_port_bram_16x32_write_first_531
                     ZeroWireload          tcbn22ullbwp30p140tt0p9v25c
  dual_port_bram_16x32_write_first_530
                     ZeroWireload          tcbn22ullbwp30p140tt0p9v25c
  dual_port_bram_16x32_write_first_529
                     ZeroWireload          tcbn22ullbwp30p140tt0p9v25c
  dual_port_bram_16x32_write_first_528
                     ZeroWireload          tcbn22ullbwp30p140tt0p9v25c
  dual_port_bram_16x32_write_first_527
                     ZeroWireload          tcbn22ullbwp30p140tt0p9v25c
  dual_port_bram_16x32_write_first_526
                     ZeroWireload          tcbn22ullbwp30p140tt0p9v25c
  dual_port_bram_16x32_write_first_525
                     ZeroWireload          tcbn22ullbwp30p140tt0p9v25c
  dual_port_bram_16x32_write_first_524
                     ZeroWireload          tcbn22ullbwp30p140tt0p9v25c
  dual_port_bram_16x32_write_first_523
                     ZeroWireload          tcbn22ullbwp30p140tt0p9v25c
  dual_port_bram_16x32_write_first_522
                     ZeroWireload          tcbn22ullbwp30p140tt0p9v25c
  dual_port_bram_16x32_write_first_521
                     ZeroWireload          tcbn22ullbwp30p140tt0p9v25c
  dual_port_bram_16x32_write_first_520
                     ZeroWireload          tcbn22ullbwp30p140tt0p9v25c
  dual_port_bram_16x32_write_first_519
                     ZeroWireload          tcbn22ullbwp30p140tt0p9v25c
  dual_port_bram_16x32_write_first_518
                     ZeroWireload          tcbn22ullbwp30p140tt0p9v25c
  dual_port_bram_16x32_write_first_517
                     ZeroWireload          tcbn22ullbwp30p140tt0p9v25c
  dual_port_bram_16x32_write_first_516
                     ZeroWireload          tcbn22ullbwp30p140tt0p9v25c
  dual_port_bram_16x32_write_first_515
                     ZeroWireload          tcbn22ullbwp30p140tt0p9v25c
  dual_port_bram_16x32_write_first_514
                     ZeroWireload          tcbn22ullbwp30p140tt0p9v25c
  dual_port_bram_16x32_write_first_513
                     ZeroWireload          tcbn22ullbwp30p140tt0p9v25c
  dual_port_bram_16x32_write_first_512
                     ZeroWireload          tcbn22ullbwp30p140tt0p9v25c
  dual_port_bram_16x32_write_first_511
                     ZeroWireload          tcbn22ullbwp30p140tt0p9v25c
  dual_port_bram_16x32_write_first_510
                     ZeroWireload          tcbn22ullbwp30p140tt0p9v25c
  dual_port_bram_16x32_write_first_509
                     ZeroWireload          tcbn22ullbwp30p140tt0p9v25c
  dual_port_bram_16x32_write_first_508
                     ZeroWireload          tcbn22ullbwp30p140tt0p9v25c
  dual_port_bram_16x32_write_first_507
                     ZeroWireload          tcbn22ullbwp30p140tt0p9v25c
  dual_port_bram_16x32_write_first_506
                     ZeroWireload          tcbn22ullbwp30p140tt0p9v25c
  dual_port_bram_16x32_write_first_505
                     ZeroWireload          tcbn22ullbwp30p140tt0p9v25c
  dual_port_bram_16x32_write_first_504
                     ZeroWireload          tcbn22ullbwp30p140tt0p9v25c
  dual_port_bram_16x32_write_first_503
                     ZeroWireload          tcbn22ullbwp30p140tt0p9v25c
  dual_port_bram_16x32_write_first_502
                     ZeroWireload          tcbn22ullbwp30p140tt0p9v25c
  dual_port_bram_16x32_write_first_501
                     ZeroWireload          tcbn22ullbwp30p140tt0p9v25c
  dual_port_bram_16x32_write_first_500
                     ZeroWireload          tcbn22ullbwp30p140tt0p9v25c
  dual_port_bram_16x32_write_first_499
                     ZeroWireload          tcbn22ullbwp30p140tt0p9v25c
  dual_port_bram_16x32_write_first_498
                     ZeroWireload          tcbn22ullbwp30p140tt0p9v25c
  dual_port_bram_16x32_write_first_497
                     ZeroWireload          tcbn22ullbwp30p140tt0p9v25c
  dual_port_bram_16x32_write_first_496
                     ZeroWireload          tcbn22ullbwp30p140tt0p9v25c
  dual_port_bram_16x32_write_first_495
                     ZeroWireload          tcbn22ullbwp30p140tt0p9v25c
  dual_port_bram_16x32_write_first_494
                     ZeroWireload          tcbn22ullbwp30p140tt0p9v25c
  dual_port_bram_16x32_write_first_493
                     ZeroWireload          tcbn22ullbwp30p140tt0p9v25c
  dual_port_bram_16x32_write_first_492
                     ZeroWireload          tcbn22ullbwp30p140tt0p9v25c
  dual_port_bram_16x32_write_first_491
                     ZeroWireload          tcbn22ullbwp30p140tt0p9v25c
  dual_port_bram_16x32_write_first_490
                     ZeroWireload          tcbn22ullbwp30p140tt0p9v25c
  dual_port_bram_16x32_write_first_489
                     ZeroWireload          tcbn22ullbwp30p140tt0p9v25c
  dual_port_bram_16x32_write_first_488
                     ZeroWireload          tcbn22ullbwp30p140tt0p9v25c
  dual_port_bram_16x32_write_first_487
                     ZeroWireload          tcbn22ullbwp30p140tt0p9v25c
  dual_port_bram_16x32_write_first_486
                     ZeroWireload          tcbn22ullbwp30p140tt0p9v25c
  dual_port_bram_16x32_write_first_485
                     ZeroWireload          tcbn22ullbwp30p140tt0p9v25c
  dual_port_bram_16x32_write_first_484
                     ZeroWireload          tcbn22ullbwp30p140tt0p9v25c
  dual_port_bram_16x32_write_first_483
                     ZeroWireload          tcbn22ullbwp30p140tt0p9v25c
  dual_port_bram_16x32_write_first_482
                     ZeroWireload          tcbn22ullbwp30p140tt0p9v25c
  dual_port_bram_16x32_write_first_481
                     ZeroWireload          tcbn22ullbwp30p140tt0p9v25c
  dual_port_bram_16x32_write_first_480
                     ZeroWireload          tcbn22ullbwp30p140tt0p9v25c
  dual_port_bram_16x32_write_first_479
                     ZeroWireload          tcbn22ullbwp30p140tt0p9v25c
  dual_port_bram_16x32_write_first_478
                     ZeroWireload          tcbn22ullbwp30p140tt0p9v25c
  dual_port_bram_16x32_write_first_477
                     ZeroWireload          tcbn22ullbwp30p140tt0p9v25c
  dual_port_bram_16x32_write_first_476
                     ZeroWireload          tcbn22ullbwp30p140tt0p9v25c
  dual_port_bram_16x32_write_first_475
                     ZeroWireload          tcbn22ullbwp30p140tt0p9v25c
  dual_port_bram_16x32_write_first_474
                     ZeroWireload          tcbn22ullbwp30p140tt0p9v25c
  dual_port_bram_16x32_write_first_473
                     ZeroWireload          tcbn22ullbwp30p140tt0p9v25c
  dual_port_bram_16x32_write_first_472
                     ZeroWireload          tcbn22ullbwp30p140tt0p9v25c
  dual_port_bram_16x32_write_first_471
                     ZeroWireload          tcbn22ullbwp30p140tt0p9v25c
  dual_port_bram_16x32_write_first_470
                     ZeroWireload          tcbn22ullbwp30p140tt0p9v25c
  dual_port_bram_16x32_write_first_469
                     ZeroWireload          tcbn22ullbwp30p140tt0p9v25c
  dual_port_bram_16x32_write_first_468
                     ZeroWireload          tcbn22ullbwp30p140tt0p9v25c
  dual_port_bram_16x32_write_first_467
                     ZeroWireload          tcbn22ullbwp30p140tt0p9v25c
  dual_port_bram_16x32_write_first_466
                     ZeroWireload          tcbn22ullbwp30p140tt0p9v25c
  dual_port_bram_16x32_write_first_465
                     ZeroWireload          tcbn22ullbwp30p140tt0p9v25c
  dual_port_bram_16x32_write_first_464
                     ZeroWireload          tcbn22ullbwp30p140tt0p9v25c
  dual_port_bram_16x32_write_first_463
                     ZeroWireload          tcbn22ullbwp30p140tt0p9v25c
  dual_port_bram_16x32_write_first_462
                     ZeroWireload          tcbn22ullbwp30p140tt0p9v25c
  dual_port_bram_16x32_write_first_461
                     ZeroWireload          tcbn22ullbwp30p140tt0p9v25c
  dual_port_bram_16x32_write_first_460
                     ZeroWireload          tcbn22ullbwp30p140tt0p9v25c
  dual_port_bram_16x32_write_first_459
                     ZeroWireload          tcbn22ullbwp30p140tt0p9v25c
  dual_port_bram_16x32_write_first_458
                     ZeroWireload          tcbn22ullbwp30p140tt0p9v25c
  dual_port_bram_16x32_write_first_457
                     ZeroWireload          tcbn22ullbwp30p140tt0p9v25c
  dual_port_bram_16x32_write_first_456
                     ZeroWireload          tcbn22ullbwp30p140tt0p9v25c
  dual_port_bram_16x32_write_first_455
                     ZeroWireload          tcbn22ullbwp30p140tt0p9v25c
  dual_port_bram_16x32_write_first_454
                     ZeroWireload          tcbn22ullbwp30p140tt0p9v25c
  dual_port_bram_16x32_write_first_453
                     ZeroWireload          tcbn22ullbwp30p140tt0p9v25c
  dual_port_bram_16x32_write_first_452
                     ZeroWireload          tcbn22ullbwp30p140tt0p9v25c
  dual_port_bram_16x32_write_first_451
                     ZeroWireload          tcbn22ullbwp30p140tt0p9v25c
  dual_port_bram_16x32_write_first_450
                     ZeroWireload          tcbn22ullbwp30p140tt0p9v25c
  dual_port_bram_16x32_write_first_449
                     ZeroWireload          tcbn22ullbwp30p140tt0p9v25c
  dual_port_bram_16x32_write_first_448
                     ZeroWireload          tcbn22ullbwp30p140tt0p9v25c
  dual_port_bram_16x32_write_first_447
                     ZeroWireload          tcbn22ullbwp30p140tt0p9v25c
  dual_port_bram_16x32_write_first_446
                     ZeroWireload          tcbn22ullbwp30p140tt0p9v25c
  dual_port_bram_16x32_write_first_445
                     ZeroWireload          tcbn22ullbwp30p140tt0p9v25c
  dual_port_bram_16x32_write_first_444
                     ZeroWireload          tcbn22ullbwp30p140tt0p9v25c
  dual_port_bram_16x32_write_first_443
                     ZeroWireload          tcbn22ullbwp30p140tt0p9v25c
  dual_port_bram_16x32_write_first_442
                     ZeroWireload          tcbn22ullbwp30p140tt0p9v25c
  dual_port_bram_16x32_write_first_441
                     ZeroWireload          tcbn22ullbwp30p140tt0p9v25c
  dual_port_bram_16x32_write_first_440
                     ZeroWireload          tcbn22ullbwp30p140tt0p9v25c
  dual_port_bram_16x32_write_first_439
                     ZeroWireload          tcbn22ullbwp30p140tt0p9v25c
  dual_port_bram_16x32_write_first_438
                     ZeroWireload          tcbn22ullbwp30p140tt0p9v25c
  dual_port_bram_16x32_write_first_437
                     ZeroWireload          tcbn22ullbwp30p140tt0p9v25c
  dual_port_bram_16x32_write_first_436
                     ZeroWireload          tcbn22ullbwp30p140tt0p9v25c
  dual_port_bram_16x32_write_first_435
                     ZeroWireload          tcbn22ullbwp30p140tt0p9v25c
  dual_port_bram_16x32_write_first_434
                     ZeroWireload          tcbn22ullbwp30p140tt0p9v25c
  dual_port_bram_16x32_write_first_433
                     ZeroWireload          tcbn22ullbwp30p140tt0p9v25c
  dual_port_bram_16x32_write_first_432
                     ZeroWireload          tcbn22ullbwp30p140tt0p9v25c
  dual_port_bram_16x32_write_first_431
                     ZeroWireload          tcbn22ullbwp30p140tt0p9v25c
  dual_port_bram_16x32_write_first_430
                     ZeroWireload          tcbn22ullbwp30p140tt0p9v25c
  dual_port_bram_16x32_write_first_429
                     ZeroWireload          tcbn22ullbwp30p140tt0p9v25c
  dual_port_bram_16x32_write_first_428
                     ZeroWireload          tcbn22ullbwp30p140tt0p9v25c
  dual_port_bram_16x32_write_first_427
                     ZeroWireload          tcbn22ullbwp30p140tt0p9v25c
  dual_port_bram_16x32_write_first_426
                     ZeroWireload          tcbn22ullbwp30p140tt0p9v25c
  dual_port_bram_16x32_write_first_425
                     ZeroWireload          tcbn22ullbwp30p140tt0p9v25c
  dual_port_bram_16x32_write_first_424
                     ZeroWireload          tcbn22ullbwp30p140tt0p9v25c
  dual_port_bram_16x32_write_first_423
                     ZeroWireload          tcbn22ullbwp30p140tt0p9v25c
  dual_port_bram_16x32_write_first_422
                     ZeroWireload          tcbn22ullbwp30p140tt0p9v25c
  dual_port_bram_16x32_write_first_421
                     ZeroWireload          tcbn22ullbwp30p140tt0p9v25c
  dual_port_bram_16x32_write_first_420
                     ZeroWireload          tcbn22ullbwp30p140tt0p9v25c
  dual_port_bram_16x32_write_first_419
                     ZeroWireload          tcbn22ullbwp30p140tt0p9v25c
  dual_port_bram_16x32_write_first_418
                     ZeroWireload          tcbn22ullbwp30p140tt0p9v25c
  dual_port_bram_16x32_write_first_417
                     ZeroWireload          tcbn22ullbwp30p140tt0p9v25c
  dual_port_bram_16x32_write_first_416
                     ZeroWireload          tcbn22ullbwp30p140tt0p9v25c
  dual_port_bram_16x32_write_first_415
                     ZeroWireload          tcbn22ullbwp30p140tt0p9v25c
  dual_port_bram_16x32_write_first_414
                     ZeroWireload          tcbn22ullbwp30p140tt0p9v25c
  dual_port_bram_16x32_write_first_413
                     ZeroWireload          tcbn22ullbwp30p140tt0p9v25c
  dual_port_bram_16x32_write_first_412
                     ZeroWireload          tcbn22ullbwp30p140tt0p9v25c
  dual_port_bram_16x32_write_first_411
                     ZeroWireload          tcbn22ullbwp30p140tt0p9v25c
  dual_port_bram_16x32_write_first_410
                     ZeroWireload          tcbn22ullbwp30p140tt0p9v25c
  dual_port_bram_16x32_write_first_409
                     ZeroWireload          tcbn22ullbwp30p140tt0p9v25c
  dual_port_bram_16x32_write_first_408
                     ZeroWireload          tcbn22ullbwp30p140tt0p9v25c
  dual_port_bram_16x32_write_first_407
                     ZeroWireload          tcbn22ullbwp30p140tt0p9v25c
  dual_port_bram_16x32_write_first_406
                     ZeroWireload          tcbn22ullbwp30p140tt0p9v25c
  dual_port_bram_16x32_write_first_405
                     ZeroWireload          tcbn22ullbwp30p140tt0p9v25c
  dual_port_bram_16x32_write_first_404
                     ZeroWireload          tcbn22ullbwp30p140tt0p9v25c
  dual_port_bram_16x32_write_first_403
                     ZeroWireload          tcbn22ullbwp30p140tt0p9v25c
  dual_port_bram_16x32_write_first_402
                     ZeroWireload          tcbn22ullbwp30p140tt0p9v25c
  dual_port_bram_16x32_write_first_401
                     ZeroWireload          tcbn22ullbwp30p140tt0p9v25c
  dual_port_bram_16x32_write_first_400
                     ZeroWireload          tcbn22ullbwp30p140tt0p9v25c
  dual_port_bram_16x32_write_first_399
                     ZeroWireload          tcbn22ullbwp30p140tt0p9v25c
  dual_port_bram_16x32_write_first_398
                     ZeroWireload          tcbn22ullbwp30p140tt0p9v25c
  dual_port_bram_16x32_write_first_397
                     ZeroWireload          tcbn22ullbwp30p140tt0p9v25c
  dual_port_bram_16x32_write_first_396
                     ZeroWireload          tcbn22ullbwp30p140tt0p9v25c
  dual_port_bram_16x32_write_first_395
                     ZeroWireload          tcbn22ullbwp30p140tt0p9v25c
  dual_port_bram_16x32_write_first_394
                     ZeroWireload          tcbn22ullbwp30p140tt0p9v25c
  dual_port_bram_16x32_write_first_393
                     ZeroWireload          tcbn22ullbwp30p140tt0p9v25c
  dual_port_bram_16x32_write_first_392
                     ZeroWireload          tcbn22ullbwp30p140tt0p9v25c
  dual_port_bram_16x32_write_first_391
                     ZeroWireload          tcbn22ullbwp30p140tt0p9v25c
  dual_port_bram_16x32_write_first_390
                     ZeroWireload          tcbn22ullbwp30p140tt0p9v25c
  dual_port_bram_16x32_write_first_389
                     ZeroWireload          tcbn22ullbwp30p140tt0p9v25c
  dual_port_bram_16x32_write_first_388
                     ZeroWireload          tcbn22ullbwp30p140tt0p9v25c
  dual_port_bram_16x32_write_first_387
                     ZeroWireload          tcbn22ullbwp30p140tt0p9v25c
  dual_port_bram_16x32_write_first_386
                     ZeroWireload          tcbn22ullbwp30p140tt0p9v25c
  dual_port_bram_16x32_write_first_385
                     ZeroWireload          tcbn22ullbwp30p140tt0p9v25c
  dual_port_bram_16x32_write_first_384
                     ZeroWireload          tcbn22ullbwp30p140tt0p9v25c
  dual_port_bram_16x32_write_first_383
                     ZeroWireload          tcbn22ullbwp30p140tt0p9v25c
  dual_port_bram_16x32_write_first_382
                     ZeroWireload          tcbn22ullbwp30p140tt0p9v25c
  dual_port_bram_16x32_write_first_381
                     ZeroWireload          tcbn22ullbwp30p140tt0p9v25c
  dual_port_bram_16x32_write_first_380
                     ZeroWireload          tcbn22ullbwp30p140tt0p9v25c
  dual_port_bram_16x32_write_first_379
                     ZeroWireload          tcbn22ullbwp30p140tt0p9v25c
  dual_port_bram_16x32_write_first_378
                     ZeroWireload          tcbn22ullbwp30p140tt0p9v25c
  dual_port_bram_16x32_write_first_377
                     ZeroWireload          tcbn22ullbwp30p140tt0p9v25c
  dual_port_bram_16x32_write_first_376
                     ZeroWireload          tcbn22ullbwp30p140tt0p9v25c
  dual_port_bram_16x32_write_first_375
                     ZeroWireload          tcbn22ullbwp30p140tt0p9v25c
  dual_port_bram_16x32_write_first_374
                     ZeroWireload          tcbn22ullbwp30p140tt0p9v25c
  dual_port_bram_16x32_write_first_373
                     ZeroWireload          tcbn22ullbwp30p140tt0p9v25c
  dual_port_bram_16x32_write_first_372
                     ZeroWireload          tcbn22ullbwp30p140tt0p9v25c
  dual_port_bram_16x32_write_first_371
                     ZeroWireload          tcbn22ullbwp30p140tt0p9v25c
  dual_port_bram_16x32_write_first_370
                     ZeroWireload          tcbn22ullbwp30p140tt0p9v25c
  dual_port_bram_16x32_write_first_369
                     ZeroWireload          tcbn22ullbwp30p140tt0p9v25c
  dual_port_bram_16x32_write_first_368
                     ZeroWireload          tcbn22ullbwp30p140tt0p9v25c
  dual_port_bram_16x32_write_first_367
                     ZeroWireload          tcbn22ullbwp30p140tt0p9v25c
  dual_port_bram_16x32_write_first_366
                     ZeroWireload          tcbn22ullbwp30p140tt0p9v25c
  dual_port_bram_16x32_write_first_365
                     ZeroWireload          tcbn22ullbwp30p140tt0p9v25c
  dual_port_bram_16x32_write_first_364
                     ZeroWireload          tcbn22ullbwp30p140tt0p9v25c
  dual_port_bram_16x32_write_first_363
                     ZeroWireload          tcbn22ullbwp30p140tt0p9v25c
  dual_port_bram_16x32_write_first_362
                     ZeroWireload          tcbn22ullbwp30p140tt0p9v25c
  dual_port_bram_16x32_write_first_361
                     ZeroWireload          tcbn22ullbwp30p140tt0p9v25c
  dual_port_bram_16x32_write_first_360
                     ZeroWireload          tcbn22ullbwp30p140tt0p9v25c
  dual_port_bram_16x32_write_first_359
                     ZeroWireload          tcbn22ullbwp30p140tt0p9v25c
  dual_port_bram_16x32_write_first_358
                     ZeroWireload          tcbn22ullbwp30p140tt0p9v25c
  dual_port_bram_16x32_write_first_357
                     ZeroWireload          tcbn22ullbwp30p140tt0p9v25c
  dual_port_bram_16x32_write_first_356
                     ZeroWireload          tcbn22ullbwp30p140tt0p9v25c
  dual_port_bram_16x32_write_first_355
                     ZeroWireload          tcbn22ullbwp30p140tt0p9v25c
  dual_port_bram_16x32_write_first_354
                     ZeroWireload          tcbn22ullbwp30p140tt0p9v25c
  dual_port_bram_16x32_write_first_353
                     ZeroWireload          tcbn22ullbwp30p140tt0p9v25c
  dual_port_bram_16x32_write_first_352
                     ZeroWireload          tcbn22ullbwp30p140tt0p9v25c
  dual_port_bram_16x32_write_first_351
                     ZeroWireload          tcbn22ullbwp30p140tt0p9v25c
  dual_port_bram_16x32_write_first_350
                     ZeroWireload          tcbn22ullbwp30p140tt0p9v25c
  dual_port_bram_16x32_write_first_349
                     ZeroWireload          tcbn22ullbwp30p140tt0p9v25c
  dual_port_bram_16x32_write_first_348
                     ZeroWireload          tcbn22ullbwp30p140tt0p9v25c
  dual_port_bram_16x32_write_first_347
                     ZeroWireload          tcbn22ullbwp30p140tt0p9v25c
  dual_port_bram_16x32_write_first_346
                     ZeroWireload          tcbn22ullbwp30p140tt0p9v25c
  dual_port_bram_16x32_write_first_345
                     ZeroWireload          tcbn22ullbwp30p140tt0p9v25c
  dual_port_bram_16x32_write_first_344
                     ZeroWireload          tcbn22ullbwp30p140tt0p9v25c
  dual_port_bram_16x32_write_first_343
                     ZeroWireload          tcbn22ullbwp30p140tt0p9v25c
  dual_port_bram_16x32_write_first_342
                     ZeroWireload          tcbn22ullbwp30p140tt0p9v25c
  dual_port_bram_16x32_write_first_341
                     ZeroWireload          tcbn22ullbwp30p140tt0p9v25c
  dual_port_bram_16x32_write_first_340
                     ZeroWireload          tcbn22ullbwp30p140tt0p9v25c
  dual_port_bram_16x32_write_first_339
                     ZeroWireload          tcbn22ullbwp30p140tt0p9v25c
  dual_port_bram_16x32_write_first_338
                     ZeroWireload          tcbn22ullbwp30p140tt0p9v25c
  dual_port_bram_16x32_write_first_337
                     ZeroWireload          tcbn22ullbwp30p140tt0p9v25c
  dual_port_bram_16x32_write_first_336
                     ZeroWireload          tcbn22ullbwp30p140tt0p9v25c
  dual_port_bram_16x32_write_first_335
                     ZeroWireload          tcbn22ullbwp30p140tt0p9v25c
  dual_port_bram_16x32_write_first_334
                     ZeroWireload          tcbn22ullbwp30p140tt0p9v25c
  dual_port_bram_16x32_write_first_333
                     ZeroWireload          tcbn22ullbwp30p140tt0p9v25c
  dual_port_bram_16x32_write_first_332
                     ZeroWireload          tcbn22ullbwp30p140tt0p9v25c
  dual_port_bram_16x32_write_first_331
                     ZeroWireload          tcbn22ullbwp30p140tt0p9v25c
  dual_port_bram_16x32_write_first_330
                     ZeroWireload          tcbn22ullbwp30p140tt0p9v25c
  dual_port_bram_16x32_write_first_329
                     ZeroWireload          tcbn22ullbwp30p140tt0p9v25c
  dual_port_bram_16x32_write_first_328
                     ZeroWireload          tcbn22ullbwp30p140tt0p9v25c
  dual_port_bram_16x32_write_first_327
                     ZeroWireload          tcbn22ullbwp30p140tt0p9v25c
  dual_port_bram_16x32_write_first_326
                     ZeroWireload          tcbn22ullbwp30p140tt0p9v25c
  dual_port_bram_16x32_write_first_325
                     ZeroWireload          tcbn22ullbwp30p140tt0p9v25c
  dual_port_bram_16x32_write_first_324
                     ZeroWireload          tcbn22ullbwp30p140tt0p9v25c
  dual_port_bram_16x32_write_first_323
                     ZeroWireload          tcbn22ullbwp30p140tt0p9v25c
  dual_port_bram_16x32_write_first_322
                     ZeroWireload          tcbn22ullbwp30p140tt0p9v25c
  dual_port_bram_16x32_write_first_321
                     ZeroWireload          tcbn22ullbwp30p140tt0p9v25c
  dual_port_bram_16x32_write_first_320
                     ZeroWireload          tcbn22ullbwp30p140tt0p9v25c
  dual_port_bram_16x32_write_first_319
                     ZeroWireload          tcbn22ullbwp30p140tt0p9v25c
  dual_port_bram_16x32_write_first_318
                     ZeroWireload          tcbn22ullbwp30p140tt0p9v25c
  dual_port_bram_16x32_write_first_317
                     ZeroWireload          tcbn22ullbwp30p140tt0p9v25c
  dual_port_bram_16x32_write_first_316
                     ZeroWireload          tcbn22ullbwp30p140tt0p9v25c
  dual_port_bram_16x32_write_first_315
                     ZeroWireload          tcbn22ullbwp30p140tt0p9v25c
  dual_port_bram_16x32_write_first_314
                     ZeroWireload          tcbn22ullbwp30p140tt0p9v25c
  dual_port_bram_16x32_write_first_313
                     ZeroWireload          tcbn22ullbwp30p140tt0p9v25c
  dual_port_bram_16x32_write_first_312
                     ZeroWireload          tcbn22ullbwp30p140tt0p9v25c
  dual_port_bram_16x32_write_first_311
                     ZeroWireload          tcbn22ullbwp30p140tt0p9v25c
  dual_port_bram_16x32_write_first_310
                     ZeroWireload          tcbn22ullbwp30p140tt0p9v25c
  dual_port_bram_16x32_write_first_309
                     ZeroWireload          tcbn22ullbwp30p140tt0p9v25c
  dual_port_bram_16x32_write_first_308
                     ZeroWireload          tcbn22ullbwp30p140tt0p9v25c
  dual_port_bram_16x32_write_first_307
                     ZeroWireload          tcbn22ullbwp30p140tt0p9v25c
  dual_port_bram_16x32_write_first_306
                     ZeroWireload          tcbn22ullbwp30p140tt0p9v25c
  dual_port_bram_16x32_write_first_305
                     ZeroWireload          tcbn22ullbwp30p140tt0p9v25c
  dual_port_bram_16x32_write_first_304
                     ZeroWireload          tcbn22ullbwp30p140tt0p9v25c
  dual_port_bram_16x32_write_first_303
                     ZeroWireload          tcbn22ullbwp30p140tt0p9v25c
  dual_port_bram_16x32_write_first_302
                     ZeroWireload          tcbn22ullbwp30p140tt0p9v25c
  dual_port_bram_16x32_write_first_301
                     ZeroWireload          tcbn22ullbwp30p140tt0p9v25c
  dual_port_bram_16x32_write_first_300
                     ZeroWireload          tcbn22ullbwp30p140tt0p9v25c
  dual_port_bram_16x32_write_first_299
                     ZeroWireload          tcbn22ullbwp30p140tt0p9v25c
  dual_port_bram_16x32_write_first_298
                     ZeroWireload          tcbn22ullbwp30p140tt0p9v25c
  dual_port_bram_16x32_write_first_297
                     ZeroWireload          tcbn22ullbwp30p140tt0p9v25c
  dual_port_bram_16x32_write_first_296
                     ZeroWireload          tcbn22ullbwp30p140tt0p9v25c
  dual_port_bram_16x32_write_first_295
                     ZeroWireload          tcbn22ullbwp30p140tt0p9v25c
  dual_port_bram_16x32_write_first_294
                     ZeroWireload          tcbn22ullbwp30p140tt0p9v25c
  dual_port_bram_16x32_write_first_293
                     ZeroWireload          tcbn22ullbwp30p140tt0p9v25c
  dual_port_bram_16x32_write_first_292
                     ZeroWireload          tcbn22ullbwp30p140tt0p9v25c
  dual_port_bram_16x32_write_first_291
                     ZeroWireload          tcbn22ullbwp30p140tt0p9v25c
  dual_port_bram_16x32_write_first_290
                     ZeroWireload          tcbn22ullbwp30p140tt0p9v25c
  dual_port_bram_16x32_write_first_289
                     ZeroWireload          tcbn22ullbwp30p140tt0p9v25c
  dual_port_bram_16x32_write_first_288
                     ZeroWireload          tcbn22ullbwp30p140tt0p9v25c
  dual_port_bram_16x32_write_first_287
                     ZeroWireload          tcbn22ullbwp30p140tt0p9v25c
  dual_port_bram_16x32_write_first_286
                     ZeroWireload          tcbn22ullbwp30p140tt0p9v25c
  dual_port_bram_16x32_write_first_285
                     ZeroWireload          tcbn22ullbwp30p140tt0p9v25c
  dual_port_bram_16x32_write_first_284
                     ZeroWireload          tcbn22ullbwp30p140tt0p9v25c
  dual_port_bram_16x32_write_first_283
                     ZeroWireload          tcbn22ullbwp30p140tt0p9v25c
  dual_port_bram_16x32_write_first_282
                     ZeroWireload          tcbn22ullbwp30p140tt0p9v25c
  dual_port_bram_16x32_write_first_281
                     ZeroWireload          tcbn22ullbwp30p140tt0p9v25c
  dual_port_bram_16x32_write_first_280
                     ZeroWireload          tcbn22ullbwp30p140tt0p9v25c
  dual_port_bram_16x32_write_first_279
                     ZeroWireload          tcbn22ullbwp30p140tt0p9v25c
  dual_port_bram_16x32_write_first_278
                     ZeroWireload          tcbn22ullbwp30p140tt0p9v25c
  dual_port_bram_16x32_write_first_277
                     ZeroWireload          tcbn22ullbwp30p140tt0p9v25c
  dual_port_bram_16x32_write_first_276
                     ZeroWireload          tcbn22ullbwp30p140tt0p9v25c
  dual_port_bram_16x32_write_first_275
                     ZeroWireload          tcbn22ullbwp30p140tt0p9v25c
  dual_port_bram_16x32_write_first_274
                     ZeroWireload          tcbn22ullbwp30p140tt0p9v25c
  dual_port_bram_16x32_write_first_273
                     ZeroWireload          tcbn22ullbwp30p140tt0p9v25c
  dual_port_bram_16x32_write_first_272
                     ZeroWireload          tcbn22ullbwp30p140tt0p9v25c
  dual_port_bram_16x32_write_first_271
                     ZeroWireload          tcbn22ullbwp30p140tt0p9v25c
  dual_port_bram_16x32_write_first_270
                     ZeroWireload          tcbn22ullbwp30p140tt0p9v25c
  dual_port_bram_16x32_write_first_269
                     ZeroWireload          tcbn22ullbwp30p140tt0p9v25c
  dual_port_bram_16x32_write_first_268
                     ZeroWireload          tcbn22ullbwp30p140tt0p9v25c
  dual_port_bram_16x32_write_first_267
                     ZeroWireload          tcbn22ullbwp30p140tt0p9v25c
  dual_port_bram_16x32_write_first_266
                     ZeroWireload          tcbn22ullbwp30p140tt0p9v25c
  dual_port_bram_16x32_write_first_265
                     ZeroWireload          tcbn22ullbwp30p140tt0p9v25c
  dual_port_bram_16x32_write_first_264
                     ZeroWireload          tcbn22ullbwp30p140tt0p9v25c
  dual_port_bram_16x32_write_first_263
                     ZeroWireload          tcbn22ullbwp30p140tt0p9v25c
  dual_port_bram_16x32_write_first_262
                     ZeroWireload          tcbn22ullbwp30p140tt0p9v25c
  dual_port_bram_16x32_write_first_261
                     ZeroWireload          tcbn22ullbwp30p140tt0p9v25c
  dual_port_bram_16x32_write_first_260
                     ZeroWireload          tcbn22ullbwp30p140tt0p9v25c
  dual_port_bram_16x32_write_first_259
                     ZeroWireload          tcbn22ullbwp30p140tt0p9v25c
  dual_port_bram_16x32_write_first_258
                     ZeroWireload          tcbn22ullbwp30p140tt0p9v25c
  dual_port_bram_16x32_write_first_257
                     ZeroWireload          tcbn22ullbwp30p140tt0p9v25c
  dual_port_bram_16x32_write_first_256
                     ZeroWireload          tcbn22ullbwp30p140tt0p9v25c
  dual_port_bram_16x32_write_first_255
                     ZeroWireload          tcbn22ullbwp30p140tt0p9v25c
  dual_port_bram_16x32_write_first_254
                     ZeroWireload          tcbn22ullbwp30p140tt0p9v25c
  dual_port_bram_16x32_write_first_253
                     ZeroWireload          tcbn22ullbwp30p140tt0p9v25c
  dual_port_bram_16x32_write_first_252
                     ZeroWireload          tcbn22ullbwp30p140tt0p9v25c
  dual_port_bram_16x32_write_first_251
                     ZeroWireload          tcbn22ullbwp30p140tt0p9v25c
  dual_port_bram_16x32_write_first_250
                     ZeroWireload          tcbn22ullbwp30p140tt0p9v25c
  dual_port_bram_16x32_write_first_249
                     ZeroWireload          tcbn22ullbwp30p140tt0p9v25c
  dual_port_bram_16x32_write_first_248
                     ZeroWireload          tcbn22ullbwp30p140tt0p9v25c
  dual_port_bram_16x32_write_first_247
                     ZeroWireload          tcbn22ullbwp30p140tt0p9v25c
  dual_port_bram_16x32_write_first_246
                     ZeroWireload          tcbn22ullbwp30p140tt0p9v25c
  dual_port_bram_16x32_write_first_245
                     ZeroWireload          tcbn22ullbwp30p140tt0p9v25c
  dual_port_bram_16x32_write_first_244
                     ZeroWireload          tcbn22ullbwp30p140tt0p9v25c
  dual_port_bram_16x32_write_first_243
                     ZeroWireload          tcbn22ullbwp30p140tt0p9v25c
  dual_port_bram_16x32_write_first_242
                     ZeroWireload          tcbn22ullbwp30p140tt0p9v25c
  dual_port_bram_16x32_write_first_241
                     ZeroWireload          tcbn22ullbwp30p140tt0p9v25c
  dual_port_bram_16x32_write_first_240
                     ZeroWireload          tcbn22ullbwp30p140tt0p9v25c
  dual_port_bram_16x32_write_first_239
                     ZeroWireload          tcbn22ullbwp30p140tt0p9v25c
  dual_port_bram_16x32_write_first_238
                     ZeroWireload          tcbn22ullbwp30p140tt0p9v25c
  dual_port_bram_16x32_write_first_237
                     ZeroWireload          tcbn22ullbwp30p140tt0p9v25c
  dual_port_bram_16x32_write_first_236
                     ZeroWireload          tcbn22ullbwp30p140tt0p9v25c
  dual_port_bram_16x32_write_first_235
                     ZeroWireload          tcbn22ullbwp30p140tt0p9v25c
  dual_port_bram_16x32_write_first_234
                     ZeroWireload          tcbn22ullbwp30p140tt0p9v25c
  dual_port_bram_16x32_write_first_233
                     ZeroWireload          tcbn22ullbwp30p140tt0p9v25c
  dual_port_bram_16x32_write_first_232
                     ZeroWireload          tcbn22ullbwp30p140tt0p9v25c
  dual_port_bram_16x32_write_first_231
                     ZeroWireload          tcbn22ullbwp30p140tt0p9v25c
  dual_port_bram_16x32_write_first_230
                     ZeroWireload          tcbn22ullbwp30p140tt0p9v25c
  dual_port_bram_16x32_write_first_229
                     ZeroWireload          tcbn22ullbwp30p140tt0p9v25c
  dual_port_bram_16x32_write_first_228
                     ZeroWireload          tcbn22ullbwp30p140tt0p9v25c
  dual_port_bram_16x32_write_first_227
                     ZeroWireload          tcbn22ullbwp30p140tt0p9v25c
  dual_port_bram_16x32_write_first_226
                     ZeroWireload          tcbn22ullbwp30p140tt0p9v25c
  dual_port_bram_16x32_write_first_225
                     ZeroWireload          tcbn22ullbwp30p140tt0p9v25c
  dual_port_bram_16x32_write_first_224
                     ZeroWireload          tcbn22ullbwp30p140tt0p9v25c
  dual_port_bram_16x32_write_first_223
                     ZeroWireload          tcbn22ullbwp30p140tt0p9v25c
  dual_port_bram_16x32_write_first_222
                     ZeroWireload          tcbn22ullbwp30p140tt0p9v25c
  dual_port_bram_16x32_write_first_221
                     ZeroWireload          tcbn22ullbwp30p140tt0p9v25c
  dual_port_bram_16x32_write_first_220
                     ZeroWireload          tcbn22ullbwp30p140tt0p9v25c
  dual_port_bram_16x32_write_first_219
                     ZeroWireload          tcbn22ullbwp30p140tt0p9v25c
  dual_port_bram_16x32_write_first_218
                     ZeroWireload          tcbn22ullbwp30p140tt0p9v25c
  dual_port_bram_16x32_write_first_217
                     ZeroWireload          tcbn22ullbwp30p140tt0p9v25c
  dual_port_bram_16x32_write_first_216
                     ZeroWireload          tcbn22ullbwp30p140tt0p9v25c
  dual_port_bram_16x32_write_first_215
                     ZeroWireload          tcbn22ullbwp30p140tt0p9v25c
  dual_port_bram_16x32_write_first_214
                     ZeroWireload          tcbn22ullbwp30p140tt0p9v25c
  dual_port_bram_16x32_write_first_213
                     ZeroWireload          tcbn22ullbwp30p140tt0p9v25c
  dual_port_bram_16x32_write_first_212
                     ZeroWireload          tcbn22ullbwp30p140tt0p9v25c
  dual_port_bram_16x32_write_first_211
                     ZeroWireload          tcbn22ullbwp30p140tt0p9v25c
  dual_port_bram_16x32_write_first_210
                     ZeroWireload          tcbn22ullbwp30p140tt0p9v25c
  dual_port_bram_16x32_write_first_209
                     ZeroWireload          tcbn22ullbwp30p140tt0p9v25c
  dual_port_bram_16x32_write_first_208
                     ZeroWireload          tcbn22ullbwp30p140tt0p9v25c
  dual_port_bram_16x32_write_first_207
                     ZeroWireload          tcbn22ullbwp30p140tt0p9v25c
  dual_port_bram_16x32_write_first_206
                     ZeroWireload          tcbn22ullbwp30p140tt0p9v25c
  dual_port_bram_16x32_write_first_205
                     ZeroWireload          tcbn22ullbwp30p140tt0p9v25c
  dual_port_bram_16x32_write_first_204
                     ZeroWireload          tcbn22ullbwp30p140tt0p9v25c
  dual_port_bram_16x32_write_first_203
                     ZeroWireload          tcbn22ullbwp30p140tt0p9v25c
  dual_port_bram_16x32_write_first_202
                     ZeroWireload          tcbn22ullbwp30p140tt0p9v25c
  dual_port_bram_16x32_write_first_201
                     ZeroWireload          tcbn22ullbwp30p140tt0p9v25c
  dual_port_bram_16x32_write_first_200
                     ZeroWireload          tcbn22ullbwp30p140tt0p9v25c
  dual_port_bram_16x32_write_first_199
                     ZeroWireload          tcbn22ullbwp30p140tt0p9v25c
  dual_port_bram_16x32_write_first_198
                     ZeroWireload          tcbn22ullbwp30p140tt0p9v25c
  dual_port_bram_16x32_write_first_197
                     ZeroWireload          tcbn22ullbwp30p140tt0p9v25c
  dual_port_bram_16x32_write_first_196
                     ZeroWireload          tcbn22ullbwp30p140tt0p9v25c
  dual_port_bram_16x32_write_first_195
                     ZeroWireload          tcbn22ullbwp30p140tt0p9v25c
  dual_port_bram_16x32_write_first_194
                     ZeroWireload          tcbn22ullbwp30p140tt0p9v25c
  dual_port_bram_16x32_write_first_193
                     ZeroWireload          tcbn22ullbwp30p140tt0p9v25c
  dual_port_bram_16x32_write_first_192
                     ZeroWireload          tcbn22ullbwp30p140tt0p9v25c
  dual_port_bram_16x32_write_first_191
                     ZeroWireload          tcbn22ullbwp30p140tt0p9v25c
  dual_port_bram_16x32_write_first_190
                     ZeroWireload          tcbn22ullbwp30p140tt0p9v25c
  dual_port_bram_16x32_write_first_189
                     ZeroWireload          tcbn22ullbwp30p140tt0p9v25c
  dual_port_bram_16x32_write_first_188
                     ZeroWireload          tcbn22ullbwp30p140tt0p9v25c
  dual_port_bram_16x32_write_first_187
                     ZeroWireload          tcbn22ullbwp30p140tt0p9v25c
  dual_port_bram_16x32_write_first_186
                     ZeroWireload          tcbn22ullbwp30p140tt0p9v25c
  dual_port_bram_16x32_write_first_185
                     ZeroWireload          tcbn22ullbwp30p140tt0p9v25c
  dual_port_bram_16x32_write_first_184
                     ZeroWireload          tcbn22ullbwp30p140tt0p9v25c
  dual_port_bram_16x32_write_first_183
                     ZeroWireload          tcbn22ullbwp30p140tt0p9v25c
  dual_port_bram_16x32_write_first_182
                     ZeroWireload          tcbn22ullbwp30p140tt0p9v25c
  dual_port_bram_16x32_write_first_181
                     ZeroWireload          tcbn22ullbwp30p140tt0p9v25c
  dual_port_bram_16x32_write_first_180
                     ZeroWireload          tcbn22ullbwp30p140tt0p9v25c
  dual_port_bram_16x32_write_first_179
                     ZeroWireload          tcbn22ullbwp30p140tt0p9v25c
  dual_port_bram_16x32_write_first_178
                     ZeroWireload          tcbn22ullbwp30p140tt0p9v25c
  dual_port_bram_16x32_write_first_177
                     ZeroWireload          tcbn22ullbwp30p140tt0p9v25c
  dual_port_bram_16x32_write_first_176
                     ZeroWireload          tcbn22ullbwp30p140tt0p9v25c
  dual_port_bram_16x32_write_first_175
                     ZeroWireload          tcbn22ullbwp30p140tt0p9v25c
  dual_port_bram_16x32_write_first_174
                     ZeroWireload          tcbn22ullbwp30p140tt0p9v25c
  dual_port_bram_16x32_write_first_173
                     ZeroWireload          tcbn22ullbwp30p140tt0p9v25c
  dual_port_bram_16x32_write_first_172
                     ZeroWireload          tcbn22ullbwp30p140tt0p9v25c
  dual_port_bram_16x32_write_first_171
                     ZeroWireload          tcbn22ullbwp30p140tt0p9v25c
  dual_port_bram_16x32_write_first_170
                     ZeroWireload          tcbn22ullbwp30p140tt0p9v25c
  dual_port_bram_16x32_write_first_169
                     ZeroWireload          tcbn22ullbwp30p140tt0p9v25c
  dual_port_bram_16x32_write_first_168
                     ZeroWireload          tcbn22ullbwp30p140tt0p9v25c
  dual_port_bram_16x32_write_first_167
                     ZeroWireload          tcbn22ullbwp30p140tt0p9v25c
  dual_port_bram_16x32_write_first_166
                     ZeroWireload          tcbn22ullbwp30p140tt0p9v25c
  dual_port_bram_16x32_write_first_165
                     ZeroWireload          tcbn22ullbwp30p140tt0p9v25c
  dual_port_bram_16x32_write_first_164
                     ZeroWireload          tcbn22ullbwp30p140tt0p9v25c
  dual_port_bram_16x32_write_first_163
                     ZeroWireload          tcbn22ullbwp30p140tt0p9v25c
  dual_port_bram_16x32_write_first_162
                     ZeroWireload          tcbn22ullbwp30p140tt0p9v25c
  dual_port_bram_16x32_write_first_161
                     ZeroWireload          tcbn22ullbwp30p140tt0p9v25c
  dual_port_bram_16x32_write_first_160
                     ZeroWireload          tcbn22ullbwp30p140tt0p9v25c
  dual_port_bram_16x32_write_first_159
                     ZeroWireload          tcbn22ullbwp30p140tt0p9v25c
  dual_port_bram_16x32_write_first_158
                     ZeroWireload          tcbn22ullbwp30p140tt0p9v25c
  dual_port_bram_16x32_write_first_157
                     ZeroWireload          tcbn22ullbwp30p140tt0p9v25c
  dual_port_bram_16x32_write_first_156
                     ZeroWireload          tcbn22ullbwp30p140tt0p9v25c
  dual_port_bram_16x32_write_first_155
                     ZeroWireload          tcbn22ullbwp30p140tt0p9v25c
  dual_port_bram_16x32_write_first_154
                     ZeroWireload          tcbn22ullbwp30p140tt0p9v25c
  dual_port_bram_16x32_write_first_153
                     ZeroWireload          tcbn22ullbwp30p140tt0p9v25c
  dual_port_bram_16x32_write_first_152
                     ZeroWireload          tcbn22ullbwp30p140tt0p9v25c
  dual_port_bram_16x32_write_first_151
                     ZeroWireload          tcbn22ullbwp30p140tt0p9v25c
  dual_port_bram_16x32_write_first_150
                     ZeroWireload          tcbn22ullbwp30p140tt0p9v25c
  dual_port_bram_16x32_write_first_149
                     ZeroWireload          tcbn22ullbwp30p140tt0p9v25c
  dual_port_bram_16x32_write_first_148
                     ZeroWireload          tcbn22ullbwp30p140tt0p9v25c
  dual_port_bram_16x32_write_first_147
                     ZeroWireload          tcbn22ullbwp30p140tt0p9v25c
  dual_port_bram_16x32_write_first_146
                     ZeroWireload          tcbn22ullbwp30p140tt0p9v25c
  dual_port_bram_16x32_write_first_145
                     ZeroWireload          tcbn22ullbwp30p140tt0p9v25c
  dual_port_bram_16x32_write_first_144
                     ZeroWireload          tcbn22ullbwp30p140tt0p9v25c
  dual_port_bram_16x32_write_first_143
                     ZeroWireload          tcbn22ullbwp30p140tt0p9v25c
  dual_port_bram_16x32_write_first_142
                     ZeroWireload          tcbn22ullbwp30p140tt0p9v25c
  dual_port_bram_16x32_write_first_141
                     ZeroWireload          tcbn22ullbwp30p140tt0p9v25c
  dual_port_bram_16x32_write_first_140
                     ZeroWireload          tcbn22ullbwp30p140tt0p9v25c
  dual_port_bram_16x32_write_first_139
                     ZeroWireload          tcbn22ullbwp30p140tt0p9v25c
  dual_port_bram_16x32_write_first_138
                     ZeroWireload          tcbn22ullbwp30p140tt0p9v25c
  dual_port_bram_16x32_write_first_137
                     ZeroWireload          tcbn22ullbwp30p140tt0p9v25c
  dual_port_bram_16x32_write_first_136
                     ZeroWireload          tcbn22ullbwp30p140tt0p9v25c
  dual_port_bram_16x32_write_first_135
                     ZeroWireload          tcbn22ullbwp30p140tt0p9v25c
  dual_port_bram_16x32_write_first_134
                     ZeroWireload          tcbn22ullbwp30p140tt0p9v25c
  dual_port_bram_16x32_write_first_133
                     ZeroWireload          tcbn22ullbwp30p140tt0p9v25c
  dual_port_bram_16x32_write_first_132
                     ZeroWireload          tcbn22ullbwp30p140tt0p9v25c
  dual_port_bram_16x32_write_first_131
                     ZeroWireload          tcbn22ullbwp30p140tt0p9v25c
  dual_port_bram_16x32_write_first_130
                     ZeroWireload          tcbn22ullbwp30p140tt0p9v25c
  dual_port_bram_16x32_write_first_129
                     ZeroWireload          tcbn22ullbwp30p140tt0p9v25c
  dual_port_bram_16x32_write_first_128
                     ZeroWireload          tcbn22ullbwp30p140tt0p9v25c
  dual_port_bram_16x32_write_first_127
                     ZeroWireload          tcbn22ullbwp30p140tt0p9v25c
  dual_port_bram_16x32_write_first_126
                     ZeroWireload          tcbn22ullbwp30p140tt0p9v25c
  dual_port_bram_16x32_write_first_125
                     ZeroWireload          tcbn22ullbwp30p140tt0p9v25c
  dual_port_bram_16x32_write_first_124
                     ZeroWireload          tcbn22ullbwp30p140tt0p9v25c
  dual_port_bram_16x32_write_first_123
                     ZeroWireload          tcbn22ullbwp30p140tt0p9v25c
  dual_port_bram_16x32_write_first_122
                     ZeroWireload          tcbn22ullbwp30p140tt0p9v25c
  dual_port_bram_16x32_write_first_121
                     ZeroWireload          tcbn22ullbwp30p140tt0p9v25c
  dual_port_bram_16x32_write_first_120
                     ZeroWireload          tcbn22ullbwp30p140tt0p9v25c
  dual_port_bram_16x32_write_first_119
                     ZeroWireload          tcbn22ullbwp30p140tt0p9v25c
  dual_port_bram_16x32_write_first_118
                     ZeroWireload          tcbn22ullbwp30p140tt0p9v25c
  dual_port_bram_16x32_write_first_117
                     ZeroWireload          tcbn22ullbwp30p140tt0p9v25c
  dual_port_bram_16x32_write_first_116
                     ZeroWireload          tcbn22ullbwp30p140tt0p9v25c
  dual_port_bram_16x32_write_first_115
                     ZeroWireload          tcbn22ullbwp30p140tt0p9v25c
  dual_port_bram_16x32_write_first_114
                     ZeroWireload          tcbn22ullbwp30p140tt0p9v25c
  dual_port_bram_16x32_write_first_113
                     ZeroWireload          tcbn22ullbwp30p140tt0p9v25c
  dual_port_bram_16x32_write_first_112
                     ZeroWireload          tcbn22ullbwp30p140tt0p9v25c
  dual_port_bram_16x32_write_first_111
                     ZeroWireload          tcbn22ullbwp30p140tt0p9v25c
  dual_port_bram_16x32_write_first_110
                     ZeroWireload          tcbn22ullbwp30p140tt0p9v25c
  dual_port_bram_16x32_write_first_109
                     ZeroWireload          tcbn22ullbwp30p140tt0p9v25c
  dual_port_bram_16x32_write_first_108
                     ZeroWireload          tcbn22ullbwp30p140tt0p9v25c
  dual_port_bram_16x32_write_first_107
                     ZeroWireload          tcbn22ullbwp30p140tt0p9v25c
  dual_port_bram_16x32_write_first_106
                     ZeroWireload          tcbn22ullbwp30p140tt0p9v25c
  dual_port_bram_16x32_write_first_105
                     ZeroWireload          tcbn22ullbwp30p140tt0p9v25c
  dual_port_bram_16x32_write_first_104
                     ZeroWireload          tcbn22ullbwp30p140tt0p9v25c
  dual_port_bram_16x32_write_first_103
                     ZeroWireload          tcbn22ullbwp30p140tt0p9v25c
  dual_port_bram_16x32_write_first_102
                     ZeroWireload          tcbn22ullbwp30p140tt0p9v25c
  dual_port_bram_16x32_write_first_101
                     ZeroWireload          tcbn22ullbwp30p140tt0p9v25c
  dual_port_bram_16x32_write_first_100
                     ZeroWireload          tcbn22ullbwp30p140tt0p9v25c
  dual_port_bram_16x32_write_first_99
                     ZeroWireload          tcbn22ullbwp30p140tt0p9v25c
  dual_port_bram_16x32_write_first_98
                     ZeroWireload          tcbn22ullbwp30p140tt0p9v25c
  dual_port_bram_16x32_write_first_97
                     ZeroWireload          tcbn22ullbwp30p140tt0p9v25c
  dual_port_bram_16x32_write_first_96
                     ZeroWireload          tcbn22ullbwp30p140tt0p9v25c
  dual_port_bram_16x32_write_first_95
                     ZeroWireload          tcbn22ullbwp30p140tt0p9v25c
  dual_port_bram_16x32_write_first_94
                     ZeroWireload          tcbn22ullbwp30p140tt0p9v25c
  dual_port_bram_16x32_write_first_93
                     ZeroWireload          tcbn22ullbwp30p140tt0p9v25c
  dual_port_bram_16x32_write_first_92
                     ZeroWireload          tcbn22ullbwp30p140tt0p9v25c
  dual_port_bram_16x32_write_first_91
                     ZeroWireload          tcbn22ullbwp30p140tt0p9v25c
  dual_port_bram_16x32_write_first_90
                     ZeroWireload          tcbn22ullbwp30p140tt0p9v25c
  dual_port_bram_16x32_write_first_89
                     ZeroWireload          tcbn22ullbwp30p140tt0p9v25c
  dual_port_bram_16x32_write_first_88
                     ZeroWireload          tcbn22ullbwp30p140tt0p9v25c
  dual_port_bram_16x32_write_first_87
                     ZeroWireload          tcbn22ullbwp30p140tt0p9v25c
  dual_port_bram_16x32_write_first_86
                     ZeroWireload          tcbn22ullbwp30p140tt0p9v25c
  dual_port_bram_16x32_write_first_85
                     ZeroWireload          tcbn22ullbwp30p140tt0p9v25c
  dual_port_bram_16x32_write_first_84
                     ZeroWireload          tcbn22ullbwp30p140tt0p9v25c
  dual_port_bram_16x32_write_first_83
                     ZeroWireload          tcbn22ullbwp30p140tt0p9v25c
  dual_port_bram_16x32_write_first_82
                     ZeroWireload          tcbn22ullbwp30p140tt0p9v25c
  dual_port_bram_16x32_write_first_81
                     ZeroWireload          tcbn22ullbwp30p140tt0p9v25c
  dual_port_bram_16x32_write_first_80
                     ZeroWireload          tcbn22ullbwp30p140tt0p9v25c
  dual_port_bram_16x32_write_first_79
                     ZeroWireload          tcbn22ullbwp30p140tt0p9v25c
  dual_port_bram_16x32_write_first_78
                     ZeroWireload          tcbn22ullbwp30p140tt0p9v25c
  dual_port_bram_16x32_write_first_77
                     ZeroWireload          tcbn22ullbwp30p140tt0p9v25c
  dual_port_bram_16x32_write_first_76
                     ZeroWireload          tcbn22ullbwp30p140tt0p9v25c
  dual_port_bram_16x32_write_first_75
                     ZeroWireload          tcbn22ullbwp30p140tt0p9v25c
  dual_port_bram_16x32_write_first_74
                     ZeroWireload          tcbn22ullbwp30p140tt0p9v25c
  dual_port_bram_16x32_write_first_73
                     ZeroWireload          tcbn22ullbwp30p140tt0p9v25c
  dual_port_bram_16x32_write_first_72
                     ZeroWireload          tcbn22ullbwp30p140tt0p9v25c
  dual_port_bram_16x32_write_first_71
                     ZeroWireload          tcbn22ullbwp30p140tt0p9v25c
  dual_port_bram_16x32_write_first_70
                     ZeroWireload          tcbn22ullbwp30p140tt0p9v25c
  dual_port_bram_16x32_write_first_69
                     ZeroWireload          tcbn22ullbwp30p140tt0p9v25c
  dual_port_bram_16x32_write_first_68
                     ZeroWireload          tcbn22ullbwp30p140tt0p9v25c
  dual_port_bram_16x32_write_first_67
                     ZeroWireload          tcbn22ullbwp30p140tt0p9v25c
  dual_port_bram_16x32_write_first_66
                     ZeroWireload          tcbn22ullbwp30p140tt0p9v25c
  dual_port_bram_16x32_write_first_65
                     ZeroWireload          tcbn22ullbwp30p140tt0p9v25c
  dual_port_bram_16x32_write_first_64
                     ZeroWireload          tcbn22ullbwp30p140tt0p9v25c
  dual_port_bram_16x32_write_first_63
                     ZeroWireload          tcbn22ullbwp30p140tt0p9v25c
  dual_port_bram_16x32_write_first_62
                     ZeroWireload          tcbn22ullbwp30p140tt0p9v25c
  dual_port_bram_16x32_write_first_61
                     ZeroWireload          tcbn22ullbwp30p140tt0p9v25c
  dual_port_bram_16x32_write_first_60
                     ZeroWireload          tcbn22ullbwp30p140tt0p9v25c
  dual_port_bram_16x32_write_first_59
                     ZeroWireload          tcbn22ullbwp30p140tt0p9v25c
  dual_port_bram_16x32_write_first_58
                     ZeroWireload          tcbn22ullbwp30p140tt0p9v25c
  dual_port_bram_16x32_write_first_57
                     ZeroWireload          tcbn22ullbwp30p140tt0p9v25c
  dual_port_bram_16x32_write_first_56
                     ZeroWireload          tcbn22ullbwp30p140tt0p9v25c
  dual_port_bram_16x32_write_first_55
                     ZeroWireload          tcbn22ullbwp30p140tt0p9v25c
  dual_port_bram_16x32_write_first_54
                     ZeroWireload          tcbn22ullbwp30p140tt0p9v25c
  dual_port_bram_16x32_write_first_53
                     ZeroWireload          tcbn22ullbwp30p140tt0p9v25c
  dual_port_bram_16x32_write_first_52
                     ZeroWireload          tcbn22ullbwp30p140tt0p9v25c
  dual_port_bram_16x32_write_first_51
                     ZeroWireload          tcbn22ullbwp30p140tt0p9v25c
  dual_port_bram_16x32_write_first_50
                     ZeroWireload          tcbn22ullbwp30p140tt0p9v25c
  dual_port_bram_16x32_write_first_49
                     ZeroWireload          tcbn22ullbwp30p140tt0p9v25c
  dual_port_bram_16x32_write_first_48
                     ZeroWireload          tcbn22ullbwp30p140tt0p9v25c
  dual_port_bram_16x32_write_first_47
                     ZeroWireload          tcbn22ullbwp30p140tt0p9v25c
  dual_port_bram_16x32_write_first_46
                     ZeroWireload          tcbn22ullbwp30p140tt0p9v25c
  dual_port_bram_16x32_write_first_45
                     ZeroWireload          tcbn22ullbwp30p140tt0p9v25c
  dual_port_bram_16x32_write_first_44
                     ZeroWireload          tcbn22ullbwp30p140tt0p9v25c
  dual_port_bram_16x32_write_first_43
                     ZeroWireload          tcbn22ullbwp30p140tt0p9v25c
  dual_port_bram_16x32_write_first_42
                     ZeroWireload          tcbn22ullbwp30p140tt0p9v25c
  dual_port_bram_16x32_write_first_41
                     ZeroWireload          tcbn22ullbwp30p140tt0p9v25c
  dual_port_bram_16x32_write_first_40
                     ZeroWireload          tcbn22ullbwp30p140tt0p9v25c
  dual_port_bram_16x32_write_first_39
                     ZeroWireload          tcbn22ullbwp30p140tt0p9v25c
  dual_port_bram_16x32_write_first_38
                     ZeroWireload          tcbn22ullbwp30p140tt0p9v25c
  dual_port_bram_16x32_write_first_37
                     ZeroWireload          tcbn22ullbwp30p140tt0p9v25c
  dual_port_bram_16x32_write_first_36
                     ZeroWireload          tcbn22ullbwp30p140tt0p9v25c
  dual_port_bram_16x32_write_first_35
                     ZeroWireload          tcbn22ullbwp30p140tt0p9v25c
  dual_port_bram_16x32_write_first_34
                     ZeroWireload          tcbn22ullbwp30p140tt0p9v25c
  dual_port_bram_16x32_write_first_33
                     ZeroWireload          tcbn22ullbwp30p140tt0p9v25c
  dual_port_bram_16x32_write_first_32
                     ZeroWireload          tcbn22ullbwp30p140tt0p9v25c
  dual_port_bram_16x32_write_first_31
                     ZeroWireload          tcbn22ullbwp30p140tt0p9v25c
  dual_port_bram_16x32_write_first_30
                     ZeroWireload          tcbn22ullbwp30p140tt0p9v25c
  dual_port_bram_16x32_write_first_29
                     ZeroWireload          tcbn22ullbwp30p140tt0p9v25c
  dual_port_bram_16x32_write_first_28
                     ZeroWireload          tcbn22ullbwp30p140tt0p9v25c
  dual_port_bram_16x32_write_first_27
                     ZeroWireload          tcbn22ullbwp30p140tt0p9v25c
  dual_port_bram_16x32_write_first_26
                     ZeroWireload          tcbn22ullbwp30p140tt0p9v25c
  dual_port_bram_16x32_write_first_25
                     ZeroWireload          tcbn22ullbwp30p140tt0p9v25c
  dual_port_bram_16x32_write_first_24
                     ZeroWireload          tcbn22ullbwp30p140tt0p9v25c
  dual_port_bram_16x32_write_first_23
                     ZeroWireload          tcbn22ullbwp30p140tt0p9v25c
  dual_port_bram_16x32_write_first_22
                     ZeroWireload          tcbn22ullbwp30p140tt0p9v25c
  dual_port_bram_16x32_write_first_21
                     ZeroWireload          tcbn22ullbwp30p140tt0p9v25c
  dual_port_bram_16x32_write_first_20
                     ZeroWireload          tcbn22ullbwp30p140tt0p9v25c
  dual_port_bram_16x32_write_first_19
                     ZeroWireload          tcbn22ullbwp30p140tt0p9v25c
  dual_port_bram_16x32_write_first_18
                     ZeroWireload          tcbn22ullbwp30p140tt0p9v25c
  dual_port_bram_16x32_write_first_17
                     ZeroWireload          tcbn22ullbwp30p140tt0p9v25c
  dual_port_bram_16x32_write_first_16
                     ZeroWireload          tcbn22ullbwp30p140tt0p9v25c
  dual_port_bram_16x32_write_first_15
                     ZeroWireload          tcbn22ullbwp30p140tt0p9v25c
  dual_port_bram_16x32_write_first_14
                     ZeroWireload          tcbn22ullbwp30p140tt0p9v25c
  dual_port_bram_16x32_write_first_13
                     ZeroWireload          tcbn22ullbwp30p140tt0p9v25c
  dual_port_bram_16x32_write_first_12
                     ZeroWireload          tcbn22ullbwp30p140tt0p9v25c
  dual_port_bram_16x32_write_first_11
                     ZeroWireload          tcbn22ullbwp30p140tt0p9v25c
  dual_port_bram_16x32_write_first_10
                     ZeroWireload          tcbn22ullbwp30p140tt0p9v25c
  dual_port_bram_16x32_write_first_9
                     ZeroWireload          tcbn22ullbwp30p140tt0p9v25c
  dual_port_bram_16x32_write_first_8
                     ZeroWireload          tcbn22ullbwp30p140tt0p9v25c
  dual_port_bram_16x32_write_first_7
                     ZeroWireload          tcbn22ullbwp30p140tt0p9v25c
  dual_port_bram_16x32_write_first_6
                     ZeroWireload          tcbn22ullbwp30p140tt0p9v25c
  dual_port_bram_16x32_write_first_5
                     ZeroWireload          tcbn22ullbwp30p140tt0p9v25c
  dual_port_bram_16x32_write_first_4
                     ZeroWireload          tcbn22ullbwp30p140tt0p9v25c
  dual_port_bram_16x32_write_first_3
                     ZeroWireload          tcbn22ullbwp30p140tt0p9v25c
  dual_port_bram_16x32_write_first_2
                     ZeroWireload          tcbn22ullbwp30p140tt0p9v25c
  dual_port_bram_16x32_write_first_1
                     ZeroWireload          tcbn22ullbwp30p140tt0p9v25c
  dual_port_bram_16x32_write_first_0
                     ZeroWireload          tcbn22ullbwp30p140tt0p9v25c
  VFU_5_ctrl_8       ZeroWireload          tcbn22ullbwp30p140tt0p9v25c
  VFU_5_ctrl_7       ZeroWireload          tcbn22ullbwp30p140tt0p9v25c
  VFU_5_ctrl_6       ZeroWireload          tcbn22ullbwp30p140tt0p9v25c
  VFU_5_ctrl_5       ZeroWireload          tcbn22ullbwp30p140tt0p9v25c
  VFU_5_ctrl_4       ZeroWireload          tcbn22ullbwp30p140tt0p9v25c
  VFU_5_ctrl_3       ZeroWireload          tcbn22ullbwp30p140tt0p9v25c
  VFU_5_ctrl_2       ZeroWireload          tcbn22ullbwp30p140tt0p9v25c
  VFU_5_ctrl_1       ZeroWireload          tcbn22ullbwp30p140tt0p9v25c
  VFU_5_ctrl_0       ZeroWireload          tcbn22ullbwp30p140tt0p9v25c
  VFU_4_ctrl_521     ZeroWireload          tcbn22ullbwp30p140tt0p9v25c
  VFU_4_ctrl_520     ZeroWireload          tcbn22ullbwp30p140tt0p9v25c
  VFU_4_ctrl_519     ZeroWireload          tcbn22ullbwp30p140tt0p9v25c
  VFU_4_ctrl_518     ZeroWireload          tcbn22ullbwp30p140tt0p9v25c
  VFU_4_ctrl_517     ZeroWireload          tcbn22ullbwp30p140tt0p9v25c
  VFU_4_ctrl_516     ZeroWireload          tcbn22ullbwp30p140tt0p9v25c
  VFU_4_ctrl_515     ZeroWireload          tcbn22ullbwp30p140tt0p9v25c
  VFU_4_ctrl_514     ZeroWireload          tcbn22ullbwp30p140tt0p9v25c
  VFU_4_ctrl_513     ZeroWireload          tcbn22ullbwp30p140tt0p9v25c
  VFU_4_ctrl_512     ZeroWireload          tcbn22ullbwp30p140tt0p9v25c
  VFU_4_ctrl_511     ZeroWireload          tcbn22ullbwp30p140tt0p9v25c
  VFU_4_ctrl_510     ZeroWireload          tcbn22ullbwp30p140tt0p9v25c
  VFU_4_ctrl_509     ZeroWireload          tcbn22ullbwp30p140tt0p9v25c
  VFU_4_ctrl_508     ZeroWireload          tcbn22ullbwp30p140tt0p9v25c
  VFU_4_ctrl_507     ZeroWireload          tcbn22ullbwp30p140tt0p9v25c
  VFU_4_ctrl_506     ZeroWireload          tcbn22ullbwp30p140tt0p9v25c
  VFU_4_ctrl_505     ZeroWireload          tcbn22ullbwp30p140tt0p9v25c
  VFU_4_ctrl_504     ZeroWireload          tcbn22ullbwp30p140tt0p9v25c
  VFU_4_ctrl_503     ZeroWireload          tcbn22ullbwp30p140tt0p9v25c
  VFU_4_ctrl_502     ZeroWireload          tcbn22ullbwp30p140tt0p9v25c
  VFU_4_ctrl_501     ZeroWireload          tcbn22ullbwp30p140tt0p9v25c
  VFU_4_ctrl_500     ZeroWireload          tcbn22ullbwp30p140tt0p9v25c
  VFU_4_ctrl_499     ZeroWireload          tcbn22ullbwp30p140tt0p9v25c
  VFU_4_ctrl_498     ZeroWireload          tcbn22ullbwp30p140tt0p9v25c
  VFU_4_ctrl_497     ZeroWireload          tcbn22ullbwp30p140tt0p9v25c
  VFU_4_ctrl_496     ZeroWireload          tcbn22ullbwp30p140tt0p9v25c
  VFU_4_ctrl_495     ZeroWireload          tcbn22ullbwp30p140tt0p9v25c
  VFU_4_ctrl_494     ZeroWireload          tcbn22ullbwp30p140tt0p9v25c
  VFU_4_ctrl_493     ZeroWireload          tcbn22ullbwp30p140tt0p9v25c
  VFU_4_ctrl_492     ZeroWireload          tcbn22ullbwp30p140tt0p9v25c
  VFU_4_ctrl_491     ZeroWireload          tcbn22ullbwp30p140tt0p9v25c
  VFU_4_ctrl_490     ZeroWireload          tcbn22ullbwp30p140tt0p9v25c
  VFU_4_ctrl_489     ZeroWireload          tcbn22ullbwp30p140tt0p9v25c
  VFU_4_ctrl_488     ZeroWireload          tcbn22ullbwp30p140tt0p9v25c
  VFU_4_ctrl_487     ZeroWireload          tcbn22ullbwp30p140tt0p9v25c
  VFU_4_ctrl_486     ZeroWireload          tcbn22ullbwp30p140tt0p9v25c
  VFU_4_ctrl_485     ZeroWireload          tcbn22ullbwp30p140tt0p9v25c
  VFU_4_ctrl_484     ZeroWireload          tcbn22ullbwp30p140tt0p9v25c
  VFU_4_ctrl_483     ZeroWireload          tcbn22ullbwp30p140tt0p9v25c
  VFU_4_ctrl_482     ZeroWireload          tcbn22ullbwp30p140tt0p9v25c
  VFU_4_ctrl_481     ZeroWireload          tcbn22ullbwp30p140tt0p9v25c
  VFU_4_ctrl_480     ZeroWireload          tcbn22ullbwp30p140tt0p9v25c
  VFU_4_ctrl_479     ZeroWireload          tcbn22ullbwp30p140tt0p9v25c
  VFU_4_ctrl_478     ZeroWireload          tcbn22ullbwp30p140tt0p9v25c
  VFU_4_ctrl_477     ZeroWireload          tcbn22ullbwp30p140tt0p9v25c
  VFU_4_ctrl_476     ZeroWireload          tcbn22ullbwp30p140tt0p9v25c
  VFU_4_ctrl_475     ZeroWireload          tcbn22ullbwp30p140tt0p9v25c
  VFU_4_ctrl_474     ZeroWireload          tcbn22ullbwp30p140tt0p9v25c
  VFU_4_ctrl_473     ZeroWireload          tcbn22ullbwp30p140tt0p9v25c
  VFU_4_ctrl_472     ZeroWireload          tcbn22ullbwp30p140tt0p9v25c
  VFU_4_ctrl_471     ZeroWireload          tcbn22ullbwp30p140tt0p9v25c
  VFU_4_ctrl_470     ZeroWireload          tcbn22ullbwp30p140tt0p9v25c
  VFU_4_ctrl_469     ZeroWireload          tcbn22ullbwp30p140tt0p9v25c
  VFU_4_ctrl_468     ZeroWireload          tcbn22ullbwp30p140tt0p9v25c
  VFU_4_ctrl_467     ZeroWireload          tcbn22ullbwp30p140tt0p9v25c
  VFU_4_ctrl_466     ZeroWireload          tcbn22ullbwp30p140tt0p9v25c
  VFU_4_ctrl_465     ZeroWireload          tcbn22ullbwp30p140tt0p9v25c
  VFU_4_ctrl_464     ZeroWireload          tcbn22ullbwp30p140tt0p9v25c
  VFU_4_ctrl_463     ZeroWireload          tcbn22ullbwp30p140tt0p9v25c
  VFU_4_ctrl_462     ZeroWireload          tcbn22ullbwp30p140tt0p9v25c
  VFU_4_ctrl_461     ZeroWireload          tcbn22ullbwp30p140tt0p9v25c
  VFU_4_ctrl_460     ZeroWireload          tcbn22ullbwp30p140tt0p9v25c
  VFU_4_ctrl_459     ZeroWireload          tcbn22ullbwp30p140tt0p9v25c
  VFU_4_ctrl_458     ZeroWireload          tcbn22ullbwp30p140tt0p9v25c
  VFU_4_ctrl_457     ZeroWireload          tcbn22ullbwp30p140tt0p9v25c
  VFU_4_ctrl_456     ZeroWireload          tcbn22ullbwp30p140tt0p9v25c
  VFU_4_ctrl_455     ZeroWireload          tcbn22ullbwp30p140tt0p9v25c
  VFU_4_ctrl_454     ZeroWireload          tcbn22ullbwp30p140tt0p9v25c
  VFU_4_ctrl_453     ZeroWireload          tcbn22ullbwp30p140tt0p9v25c
  VFU_4_ctrl_452     ZeroWireload          tcbn22ullbwp30p140tt0p9v25c
  VFU_4_ctrl_451     ZeroWireload          tcbn22ullbwp30p140tt0p9v25c
  VFU_4_ctrl_450     ZeroWireload          tcbn22ullbwp30p140tt0p9v25c
  VFU_4_ctrl_449     ZeroWireload          tcbn22ullbwp30p140tt0p9v25c
  VFU_4_ctrl_448     ZeroWireload          tcbn22ullbwp30p140tt0p9v25c
  VFU_4_ctrl_447     ZeroWireload          tcbn22ullbwp30p140tt0p9v25c
  VFU_4_ctrl_446     ZeroWireload          tcbn22ullbwp30p140tt0p9v25c
  VFU_4_ctrl_445     ZeroWireload          tcbn22ullbwp30p140tt0p9v25c
  VFU_4_ctrl_444     ZeroWireload          tcbn22ullbwp30p140tt0p9v25c
  VFU_4_ctrl_443     ZeroWireload          tcbn22ullbwp30p140tt0p9v25c
  VFU_4_ctrl_442     ZeroWireload          tcbn22ullbwp30p140tt0p9v25c
  VFU_4_ctrl_441     ZeroWireload          tcbn22ullbwp30p140tt0p9v25c
  VFU_4_ctrl_440     ZeroWireload          tcbn22ullbwp30p140tt0p9v25c
  VFU_4_ctrl_439     ZeroWireload          tcbn22ullbwp30p140tt0p9v25c
  VFU_4_ctrl_438     ZeroWireload          tcbn22ullbwp30p140tt0p9v25c
  VFU_4_ctrl_437     ZeroWireload          tcbn22ullbwp30p140tt0p9v25c
  VFU_4_ctrl_436     ZeroWireload          tcbn22ullbwp30p140tt0p9v25c
  VFU_4_ctrl_435     ZeroWireload          tcbn22ullbwp30p140tt0p9v25c
  VFU_4_ctrl_434     ZeroWireload          tcbn22ullbwp30p140tt0p9v25c
  VFU_4_ctrl_433     ZeroWireload          tcbn22ullbwp30p140tt0p9v25c
  VFU_4_ctrl_432     ZeroWireload          tcbn22ullbwp30p140tt0p9v25c
  VFU_4_ctrl_431     ZeroWireload          tcbn22ullbwp30p140tt0p9v25c
  VFU_4_ctrl_430     ZeroWireload          tcbn22ullbwp30p140tt0p9v25c
  VFU_4_ctrl_429     ZeroWireload          tcbn22ullbwp30p140tt0p9v25c
  VFU_4_ctrl_428     ZeroWireload          tcbn22ullbwp30p140tt0p9v25c
  VFU_4_ctrl_427     ZeroWireload          tcbn22ullbwp30p140tt0p9v25c
  VFU_4_ctrl_426     ZeroWireload          tcbn22ullbwp30p140tt0p9v25c
  VFU_4_ctrl_425     ZeroWireload          tcbn22ullbwp30p140tt0p9v25c
  VFU_4_ctrl_424     ZeroWireload          tcbn22ullbwp30p140tt0p9v25c
  VFU_4_ctrl_423     ZeroWireload          tcbn22ullbwp30p140tt0p9v25c
  VFU_4_ctrl_422     ZeroWireload          tcbn22ullbwp30p140tt0p9v25c
  VFU_4_ctrl_421     ZeroWireload          tcbn22ullbwp30p140tt0p9v25c
  VFU_4_ctrl_420     ZeroWireload          tcbn22ullbwp30p140tt0p9v25c
  VFU_4_ctrl_419     ZeroWireload          tcbn22ullbwp30p140tt0p9v25c
  VFU_4_ctrl_418     ZeroWireload          tcbn22ullbwp30p140tt0p9v25c
  VFU_4_ctrl_417     ZeroWireload          tcbn22ullbwp30p140tt0p9v25c
  VFU_4_ctrl_416     ZeroWireload          tcbn22ullbwp30p140tt0p9v25c
  VFU_4_ctrl_415     ZeroWireload          tcbn22ullbwp30p140tt0p9v25c
  VFU_4_ctrl_414     ZeroWireload          tcbn22ullbwp30p140tt0p9v25c
  VFU_4_ctrl_413     ZeroWireload          tcbn22ullbwp30p140tt0p9v25c
  VFU_4_ctrl_412     ZeroWireload          tcbn22ullbwp30p140tt0p9v25c
  VFU_4_ctrl_411     ZeroWireload          tcbn22ullbwp30p140tt0p9v25c
  VFU_4_ctrl_410     ZeroWireload          tcbn22ullbwp30p140tt0p9v25c
  VFU_4_ctrl_409     ZeroWireload          tcbn22ullbwp30p140tt0p9v25c
  VFU_4_ctrl_408     ZeroWireload          tcbn22ullbwp30p140tt0p9v25c
  VFU_4_ctrl_407     ZeroWireload          tcbn22ullbwp30p140tt0p9v25c
  VFU_4_ctrl_406     ZeroWireload          tcbn22ullbwp30p140tt0p9v25c
  VFU_4_ctrl_405     ZeroWireload          tcbn22ullbwp30p140tt0p9v25c
  VFU_4_ctrl_404     ZeroWireload          tcbn22ullbwp30p140tt0p9v25c
  VFU_4_ctrl_403     ZeroWireload          tcbn22ullbwp30p140tt0p9v25c
  VFU_4_ctrl_402     ZeroWireload          tcbn22ullbwp30p140tt0p9v25c
  VFU_4_ctrl_401     ZeroWireload          tcbn22ullbwp30p140tt0p9v25c
  VFU_4_ctrl_400     ZeroWireload          tcbn22ullbwp30p140tt0p9v25c
  VFU_4_ctrl_399     ZeroWireload          tcbn22ullbwp30p140tt0p9v25c
  VFU_4_ctrl_398     ZeroWireload          tcbn22ullbwp30p140tt0p9v25c
  VFU_4_ctrl_397     ZeroWireload          tcbn22ullbwp30p140tt0p9v25c
  VFU_4_ctrl_396     ZeroWireload          tcbn22ullbwp30p140tt0p9v25c
  VFU_4_ctrl_395     ZeroWireload          tcbn22ullbwp30p140tt0p9v25c
  VFU_4_ctrl_394     ZeroWireload          tcbn22ullbwp30p140tt0p9v25c
  VFU_4_ctrl_393     ZeroWireload          tcbn22ullbwp30p140tt0p9v25c
  VFU_4_ctrl_392     ZeroWireload          tcbn22ullbwp30p140tt0p9v25c
  VFU_4_ctrl_391     ZeroWireload          tcbn22ullbwp30p140tt0p9v25c
  VFU_4_ctrl_390     ZeroWireload          tcbn22ullbwp30p140tt0p9v25c
  VFU_4_ctrl_389     ZeroWireload          tcbn22ullbwp30p140tt0p9v25c
  VFU_4_ctrl_388     ZeroWireload          tcbn22ullbwp30p140tt0p9v25c
  VFU_4_ctrl_387     ZeroWireload          tcbn22ullbwp30p140tt0p9v25c
  VFU_4_ctrl_386     ZeroWireload          tcbn22ullbwp30p140tt0p9v25c
  VFU_4_ctrl_385     ZeroWireload          tcbn22ullbwp30p140tt0p9v25c
  VFU_4_ctrl_384     ZeroWireload          tcbn22ullbwp30p140tt0p9v25c
  VFU_4_ctrl_383     ZeroWireload          tcbn22ullbwp30p140tt0p9v25c
  VFU_4_ctrl_382     ZeroWireload          tcbn22ullbwp30p140tt0p9v25c
  VFU_4_ctrl_381     ZeroWireload          tcbn22ullbwp30p140tt0p9v25c
  VFU_4_ctrl_380     ZeroWireload          tcbn22ullbwp30p140tt0p9v25c
  VFU_4_ctrl_379     ZeroWireload          tcbn22ullbwp30p140tt0p9v25c
  VFU_4_ctrl_378     ZeroWireload          tcbn22ullbwp30p140tt0p9v25c
  VFU_4_ctrl_377     ZeroWireload          tcbn22ullbwp30p140tt0p9v25c
  VFU_4_ctrl_376     ZeroWireload          tcbn22ullbwp30p140tt0p9v25c
  VFU_4_ctrl_375     ZeroWireload          tcbn22ullbwp30p140tt0p9v25c
  VFU_4_ctrl_374     ZeroWireload          tcbn22ullbwp30p140tt0p9v25c
  VFU_4_ctrl_373     ZeroWireload          tcbn22ullbwp30p140tt0p9v25c
  VFU_4_ctrl_372     ZeroWireload          tcbn22ullbwp30p140tt0p9v25c
  VFU_4_ctrl_371     ZeroWireload          tcbn22ullbwp30p140tt0p9v25c
  VFU_4_ctrl_370     ZeroWireload          tcbn22ullbwp30p140tt0p9v25c
  VFU_4_ctrl_369     ZeroWireload          tcbn22ullbwp30p140tt0p9v25c
  VFU_4_ctrl_368     ZeroWireload          tcbn22ullbwp30p140tt0p9v25c
  VFU_4_ctrl_367     ZeroWireload          tcbn22ullbwp30p140tt0p9v25c
  VFU_4_ctrl_366     ZeroWireload          tcbn22ullbwp30p140tt0p9v25c
  VFU_4_ctrl_365     ZeroWireload          tcbn22ullbwp30p140tt0p9v25c
  VFU_4_ctrl_364     ZeroWireload          tcbn22ullbwp30p140tt0p9v25c
  VFU_4_ctrl_363     ZeroWireload          tcbn22ullbwp30p140tt0p9v25c
  VFU_4_ctrl_362     ZeroWireload          tcbn22ullbwp30p140tt0p9v25c
  VFU_4_ctrl_361     ZeroWireload          tcbn22ullbwp30p140tt0p9v25c
  VFU_4_ctrl_360     ZeroWireload          tcbn22ullbwp30p140tt0p9v25c
  VFU_4_ctrl_359     ZeroWireload          tcbn22ullbwp30p140tt0p9v25c
  VFU_4_ctrl_358     ZeroWireload          tcbn22ullbwp30p140tt0p9v25c
  VFU_4_ctrl_357     ZeroWireload          tcbn22ullbwp30p140tt0p9v25c
  VFU_4_ctrl_356     ZeroWireload          tcbn22ullbwp30p140tt0p9v25c
  VFU_4_ctrl_355     ZeroWireload          tcbn22ullbwp30p140tt0p9v25c
  VFU_4_ctrl_354     ZeroWireload          tcbn22ullbwp30p140tt0p9v25c
  VFU_4_ctrl_353     ZeroWireload          tcbn22ullbwp30p140tt0p9v25c
  VFU_4_ctrl_352     ZeroWireload          tcbn22ullbwp30p140tt0p9v25c
  VFU_4_ctrl_351     ZeroWireload          tcbn22ullbwp30p140tt0p9v25c
  VFU_4_ctrl_350     ZeroWireload          tcbn22ullbwp30p140tt0p9v25c
  VFU_4_ctrl_349     ZeroWireload          tcbn22ullbwp30p140tt0p9v25c
  VFU_4_ctrl_348     ZeroWireload          tcbn22ullbwp30p140tt0p9v25c
  VFU_4_ctrl_347     ZeroWireload          tcbn22ullbwp30p140tt0p9v25c
  VFU_4_ctrl_346     ZeroWireload          tcbn22ullbwp30p140tt0p9v25c
  VFU_4_ctrl_345     ZeroWireload          tcbn22ullbwp30p140tt0p9v25c
  VFU_4_ctrl_344     ZeroWireload          tcbn22ullbwp30p140tt0p9v25c
  VFU_4_ctrl_343     ZeroWireload          tcbn22ullbwp30p140tt0p9v25c
  VFU_4_ctrl_342     ZeroWireload          tcbn22ullbwp30p140tt0p9v25c
  VFU_4_ctrl_341     ZeroWireload          tcbn22ullbwp30p140tt0p9v25c
  VFU_4_ctrl_340     ZeroWireload          tcbn22ullbwp30p140tt0p9v25c
  VFU_4_ctrl_339     ZeroWireload          tcbn22ullbwp30p140tt0p9v25c
  VFU_4_ctrl_338     ZeroWireload          tcbn22ullbwp30p140tt0p9v25c
  VFU_4_ctrl_337     ZeroWireload          tcbn22ullbwp30p140tt0p9v25c
  VFU_4_ctrl_336     ZeroWireload          tcbn22ullbwp30p140tt0p9v25c
  VFU_4_ctrl_335     ZeroWireload          tcbn22ullbwp30p140tt0p9v25c
  VFU_4_ctrl_334     ZeroWireload          tcbn22ullbwp30p140tt0p9v25c
  VFU_4_ctrl_333     ZeroWireload          tcbn22ullbwp30p140tt0p9v25c
  VFU_4_ctrl_332     ZeroWireload          tcbn22ullbwp30p140tt0p9v25c
  VFU_4_ctrl_331     ZeroWireload          tcbn22ullbwp30p140tt0p9v25c
  VFU_4_ctrl_330     ZeroWireload          tcbn22ullbwp30p140tt0p9v25c
  VFU_4_ctrl_329     ZeroWireload          tcbn22ullbwp30p140tt0p9v25c
  VFU_4_ctrl_328     ZeroWireload          tcbn22ullbwp30p140tt0p9v25c
  VFU_4_ctrl_327     ZeroWireload          tcbn22ullbwp30p140tt0p9v25c
  VFU_4_ctrl_326     ZeroWireload          tcbn22ullbwp30p140tt0p9v25c
  VFU_4_ctrl_325     ZeroWireload          tcbn22ullbwp30p140tt0p9v25c
  VFU_4_ctrl_324     ZeroWireload          tcbn22ullbwp30p140tt0p9v25c
  VFU_4_ctrl_323     ZeroWireload          tcbn22ullbwp30p140tt0p9v25c
  VFU_4_ctrl_322     ZeroWireload          tcbn22ullbwp30p140tt0p9v25c
  VFU_4_ctrl_321     ZeroWireload          tcbn22ullbwp30p140tt0p9v25c
  VFU_4_ctrl_320     ZeroWireload          tcbn22ullbwp30p140tt0p9v25c
  VFU_4_ctrl_319     ZeroWireload          tcbn22ullbwp30p140tt0p9v25c
  VFU_4_ctrl_318     ZeroWireload          tcbn22ullbwp30p140tt0p9v25c
  VFU_4_ctrl_317     ZeroWireload          tcbn22ullbwp30p140tt0p9v25c
  VFU_4_ctrl_316     ZeroWireload          tcbn22ullbwp30p140tt0p9v25c
  VFU_4_ctrl_315     ZeroWireload          tcbn22ullbwp30p140tt0p9v25c
  VFU_4_ctrl_314     ZeroWireload          tcbn22ullbwp30p140tt0p9v25c
  VFU_4_ctrl_313     ZeroWireload          tcbn22ullbwp30p140tt0p9v25c
  VFU_4_ctrl_312     ZeroWireload          tcbn22ullbwp30p140tt0p9v25c
  VFU_4_ctrl_311     ZeroWireload          tcbn22ullbwp30p140tt0p9v25c
  VFU_4_ctrl_310     ZeroWireload          tcbn22ullbwp30p140tt0p9v25c
  VFU_4_ctrl_309     ZeroWireload          tcbn22ullbwp30p140tt0p9v25c
  VFU_4_ctrl_308     ZeroWireload          tcbn22ullbwp30p140tt0p9v25c
  VFU_4_ctrl_307     ZeroWireload          tcbn22ullbwp30p140tt0p9v25c
  VFU_4_ctrl_306     ZeroWireload          tcbn22ullbwp30p140tt0p9v25c
  VFU_4_ctrl_305     ZeroWireload          tcbn22ullbwp30p140tt0p9v25c
  VFU_4_ctrl_304     ZeroWireload          tcbn22ullbwp30p140tt0p9v25c
  VFU_4_ctrl_303     ZeroWireload          tcbn22ullbwp30p140tt0p9v25c
  VFU_4_ctrl_302     ZeroWireload          tcbn22ullbwp30p140tt0p9v25c
  VFU_4_ctrl_301     ZeroWireload          tcbn22ullbwp30p140tt0p9v25c
  VFU_4_ctrl_300     ZeroWireload          tcbn22ullbwp30p140tt0p9v25c
  VFU_4_ctrl_299     ZeroWireload          tcbn22ullbwp30p140tt0p9v25c
  VFU_4_ctrl_298     ZeroWireload          tcbn22ullbwp30p140tt0p9v25c
  VFU_4_ctrl_297     ZeroWireload          tcbn22ullbwp30p140tt0p9v25c
  VFU_4_ctrl_296     ZeroWireload          tcbn22ullbwp30p140tt0p9v25c
  VFU_4_ctrl_295     ZeroWireload          tcbn22ullbwp30p140tt0p9v25c
  VFU_4_ctrl_294     ZeroWireload          tcbn22ullbwp30p140tt0p9v25c
  VFU_4_ctrl_293     ZeroWireload          tcbn22ullbwp30p140tt0p9v25c
  VFU_4_ctrl_292     ZeroWireload          tcbn22ullbwp30p140tt0p9v25c
  VFU_4_ctrl_291     ZeroWireload          tcbn22ullbwp30p140tt0p9v25c
  VFU_4_ctrl_290     ZeroWireload          tcbn22ullbwp30p140tt0p9v25c
  VFU_4_ctrl_289     ZeroWireload          tcbn22ullbwp30p140tt0p9v25c
  VFU_4_ctrl_288     ZeroWireload          tcbn22ullbwp30p140tt0p9v25c
  VFU_4_ctrl_287     ZeroWireload          tcbn22ullbwp30p140tt0p9v25c
  VFU_4_ctrl_286     ZeroWireload          tcbn22ullbwp30p140tt0p9v25c
  VFU_4_ctrl_285     ZeroWireload          tcbn22ullbwp30p140tt0p9v25c
  VFU_4_ctrl_284     ZeroWireload          tcbn22ullbwp30p140tt0p9v25c
  VFU_4_ctrl_283     ZeroWireload          tcbn22ullbwp30p140tt0p9v25c
  VFU_4_ctrl_282     ZeroWireload          tcbn22ullbwp30p140tt0p9v25c
  VFU_4_ctrl_281     ZeroWireload          tcbn22ullbwp30p140tt0p9v25c
  VFU_4_ctrl_280     ZeroWireload          tcbn22ullbwp30p140tt0p9v25c
  VFU_4_ctrl_279     ZeroWireload          tcbn22ullbwp30p140tt0p9v25c
  VFU_4_ctrl_278     ZeroWireload          tcbn22ullbwp30p140tt0p9v25c
  VFU_4_ctrl_277     ZeroWireload          tcbn22ullbwp30p140tt0p9v25c
  VFU_4_ctrl_276     ZeroWireload          tcbn22ullbwp30p140tt0p9v25c
  VFU_4_ctrl_275     ZeroWireload          tcbn22ullbwp30p140tt0p9v25c
  VFU_4_ctrl_274     ZeroWireload          tcbn22ullbwp30p140tt0p9v25c
  VFU_4_ctrl_273     ZeroWireload          tcbn22ullbwp30p140tt0p9v25c
  VFU_4_ctrl_272     ZeroWireload          tcbn22ullbwp30p140tt0p9v25c
  VFU_4_ctrl_271     ZeroWireload          tcbn22ullbwp30p140tt0p9v25c
  VFU_4_ctrl_270     ZeroWireload          tcbn22ullbwp30p140tt0p9v25c
  VFU_4_ctrl_269     ZeroWireload          tcbn22ullbwp30p140tt0p9v25c
  VFU_4_ctrl_268     ZeroWireload          tcbn22ullbwp30p140tt0p9v25c
  VFU_4_ctrl_267     ZeroWireload          tcbn22ullbwp30p140tt0p9v25c
  VFU_4_ctrl_266     ZeroWireload          tcbn22ullbwp30p140tt0p9v25c
  VFU_4_ctrl_265     ZeroWireload          tcbn22ullbwp30p140tt0p9v25c
  VFU_4_ctrl_264     ZeroWireload          tcbn22ullbwp30p140tt0p9v25c
  VFU_4_ctrl_263     ZeroWireload          tcbn22ullbwp30p140tt0p9v25c
  VFU_4_ctrl_262     ZeroWireload          tcbn22ullbwp30p140tt0p9v25c
  VFU_4_ctrl_261     ZeroWireload          tcbn22ullbwp30p140tt0p9v25c
  VFU_4_ctrl_260     ZeroWireload          tcbn22ullbwp30p140tt0p9v25c
  VFU_4_ctrl_259     ZeroWireload          tcbn22ullbwp30p140tt0p9v25c
  VFU_4_ctrl_258     ZeroWireload          tcbn22ullbwp30p140tt0p9v25c
  VFU_4_ctrl_257     ZeroWireload          tcbn22ullbwp30p140tt0p9v25c
  VFU_4_ctrl_256     ZeroWireload          tcbn22ullbwp30p140tt0p9v25c
  VFU_4_ctrl_255     ZeroWireload          tcbn22ullbwp30p140tt0p9v25c
  VFU_4_ctrl_254     ZeroWireload          tcbn22ullbwp30p140tt0p9v25c
  VFU_4_ctrl_253     ZeroWireload          tcbn22ullbwp30p140tt0p9v25c
  VFU_4_ctrl_252     ZeroWireload          tcbn22ullbwp30p140tt0p9v25c
  VFU_4_ctrl_251     ZeroWireload          tcbn22ullbwp30p140tt0p9v25c
  VFU_4_ctrl_250     ZeroWireload          tcbn22ullbwp30p140tt0p9v25c
  VFU_4_ctrl_249     ZeroWireload          tcbn22ullbwp30p140tt0p9v25c
  VFU_4_ctrl_248     ZeroWireload          tcbn22ullbwp30p140tt0p9v25c
  VFU_4_ctrl_247     ZeroWireload          tcbn22ullbwp30p140tt0p9v25c
  VFU_4_ctrl_246     ZeroWireload          tcbn22ullbwp30p140tt0p9v25c
  VFU_4_ctrl_245     ZeroWireload          tcbn22ullbwp30p140tt0p9v25c
  VFU_4_ctrl_244     ZeroWireload          tcbn22ullbwp30p140tt0p9v25c
  VFU_4_ctrl_243     ZeroWireload          tcbn22ullbwp30p140tt0p9v25c
  VFU_4_ctrl_242     ZeroWireload          tcbn22ullbwp30p140tt0p9v25c
  VFU_4_ctrl_241     ZeroWireload          tcbn22ullbwp30p140tt0p9v25c
  VFU_4_ctrl_240     ZeroWireload          tcbn22ullbwp30p140tt0p9v25c
  VFU_4_ctrl_239     ZeroWireload          tcbn22ullbwp30p140tt0p9v25c
  VFU_4_ctrl_238     ZeroWireload          tcbn22ullbwp30p140tt0p9v25c
  VFU_4_ctrl_237     ZeroWireload          tcbn22ullbwp30p140tt0p9v25c
  VFU_4_ctrl_236     ZeroWireload          tcbn22ullbwp30p140tt0p9v25c
  VFU_4_ctrl_235     ZeroWireload          tcbn22ullbwp30p140tt0p9v25c
  VFU_4_ctrl_234     ZeroWireload          tcbn22ullbwp30p140tt0p9v25c
  VFU_4_ctrl_233     ZeroWireload          tcbn22ullbwp30p140tt0p9v25c
  VFU_4_ctrl_232     ZeroWireload          tcbn22ullbwp30p140tt0p9v25c
  VFU_4_ctrl_231     ZeroWireload          tcbn22ullbwp30p140tt0p9v25c
  VFU_4_ctrl_230     ZeroWireload          tcbn22ullbwp30p140tt0p9v25c
  VFU_4_ctrl_229     ZeroWireload          tcbn22ullbwp30p140tt0p9v25c
  VFU_4_ctrl_228     ZeroWireload          tcbn22ullbwp30p140tt0p9v25c
  VFU_4_ctrl_227     ZeroWireload          tcbn22ullbwp30p140tt0p9v25c
  VFU_4_ctrl_226     ZeroWireload          tcbn22ullbwp30p140tt0p9v25c
  VFU_4_ctrl_225     ZeroWireload          tcbn22ullbwp30p140tt0p9v25c
  VFU_4_ctrl_224     ZeroWireload          tcbn22ullbwp30p140tt0p9v25c
  VFU_4_ctrl_223     ZeroWireload          tcbn22ullbwp30p140tt0p9v25c
  VFU_4_ctrl_222     ZeroWireload          tcbn22ullbwp30p140tt0p9v25c
  VFU_4_ctrl_221     ZeroWireload          tcbn22ullbwp30p140tt0p9v25c
  VFU_4_ctrl_220     ZeroWireload          tcbn22ullbwp30p140tt0p9v25c
  VFU_4_ctrl_219     ZeroWireload          tcbn22ullbwp30p140tt0p9v25c
  VFU_4_ctrl_218     ZeroWireload          tcbn22ullbwp30p140tt0p9v25c
  VFU_4_ctrl_217     ZeroWireload          tcbn22ullbwp30p140tt0p9v25c
  VFU_4_ctrl_216     ZeroWireload          tcbn22ullbwp30p140tt0p9v25c
  VFU_4_ctrl_215     ZeroWireload          tcbn22ullbwp30p140tt0p9v25c
  VFU_4_ctrl_214     ZeroWireload          tcbn22ullbwp30p140tt0p9v25c
  VFU_4_ctrl_213     ZeroWireload          tcbn22ullbwp30p140tt0p9v25c
  VFU_4_ctrl_212     ZeroWireload          tcbn22ullbwp30p140tt0p9v25c
  VFU_4_ctrl_211     ZeroWireload          tcbn22ullbwp30p140tt0p9v25c
  VFU_4_ctrl_210     ZeroWireload          tcbn22ullbwp30p140tt0p9v25c
  VFU_4_ctrl_209     ZeroWireload          tcbn22ullbwp30p140tt0p9v25c
  VFU_4_ctrl_208     ZeroWireload          tcbn22ullbwp30p140tt0p9v25c
  VFU_4_ctrl_207     ZeroWireload          tcbn22ullbwp30p140tt0p9v25c
  VFU_4_ctrl_206     ZeroWireload          tcbn22ullbwp30p140tt0p9v25c
  VFU_4_ctrl_205     ZeroWireload          tcbn22ullbwp30p140tt0p9v25c
  VFU_4_ctrl_204     ZeroWireload          tcbn22ullbwp30p140tt0p9v25c
  VFU_4_ctrl_203     ZeroWireload          tcbn22ullbwp30p140tt0p9v25c
  VFU_4_ctrl_202     ZeroWireload          tcbn22ullbwp30p140tt0p9v25c
  VFU_4_ctrl_201     ZeroWireload          tcbn22ullbwp30p140tt0p9v25c
  VFU_4_ctrl_200     ZeroWireload          tcbn22ullbwp30p140tt0p9v25c
  VFU_4_ctrl_199     ZeroWireload          tcbn22ullbwp30p140tt0p9v25c
  VFU_4_ctrl_198     ZeroWireload          tcbn22ullbwp30p140tt0p9v25c
  VFU_4_ctrl_197     ZeroWireload          tcbn22ullbwp30p140tt0p9v25c
  VFU_4_ctrl_196     ZeroWireload          tcbn22ullbwp30p140tt0p9v25c
  VFU_4_ctrl_195     ZeroWireload          tcbn22ullbwp30p140tt0p9v25c
  VFU_4_ctrl_194     ZeroWireload          tcbn22ullbwp30p140tt0p9v25c
  VFU_4_ctrl_193     ZeroWireload          tcbn22ullbwp30p140tt0p9v25c
  VFU_4_ctrl_192     ZeroWireload          tcbn22ullbwp30p140tt0p9v25c
  VFU_4_ctrl_191     ZeroWireload          tcbn22ullbwp30p140tt0p9v25c
  VFU_4_ctrl_190     ZeroWireload          tcbn22ullbwp30p140tt0p9v25c
  VFU_4_ctrl_189     ZeroWireload          tcbn22ullbwp30p140tt0p9v25c
  VFU_4_ctrl_188     ZeroWireload          tcbn22ullbwp30p140tt0p9v25c
  VFU_4_ctrl_187     ZeroWireload          tcbn22ullbwp30p140tt0p9v25c
  VFU_4_ctrl_186     ZeroWireload          tcbn22ullbwp30p140tt0p9v25c
  VFU_4_ctrl_185     ZeroWireload          tcbn22ullbwp30p140tt0p9v25c
  VFU_4_ctrl_184     ZeroWireload          tcbn22ullbwp30p140tt0p9v25c
  VFU_4_ctrl_183     ZeroWireload          tcbn22ullbwp30p140tt0p9v25c
  VFU_4_ctrl_182     ZeroWireload          tcbn22ullbwp30p140tt0p9v25c
  VFU_4_ctrl_181     ZeroWireload          tcbn22ullbwp30p140tt0p9v25c
  VFU_4_ctrl_180     ZeroWireload          tcbn22ullbwp30p140tt0p9v25c
  VFU_4_ctrl_179     ZeroWireload          tcbn22ullbwp30p140tt0p9v25c
  VFU_4_ctrl_178     ZeroWireload          tcbn22ullbwp30p140tt0p9v25c
  VFU_4_ctrl_177     ZeroWireload          tcbn22ullbwp30p140tt0p9v25c
  VFU_4_ctrl_176     ZeroWireload          tcbn22ullbwp30p140tt0p9v25c
  VFU_4_ctrl_175     ZeroWireload          tcbn22ullbwp30p140tt0p9v25c
  VFU_4_ctrl_174     ZeroWireload          tcbn22ullbwp30p140tt0p9v25c
  VFU_4_ctrl_173     ZeroWireload          tcbn22ullbwp30p140tt0p9v25c
  VFU_4_ctrl_172     ZeroWireload          tcbn22ullbwp30p140tt0p9v25c
  VFU_4_ctrl_171     ZeroWireload          tcbn22ullbwp30p140tt0p9v25c
  VFU_4_ctrl_170     ZeroWireload          tcbn22ullbwp30p140tt0p9v25c
  VFU_4_ctrl_169     ZeroWireload          tcbn22ullbwp30p140tt0p9v25c
  VFU_4_ctrl_168     ZeroWireload          tcbn22ullbwp30p140tt0p9v25c
  VFU_4_ctrl_167     ZeroWireload          tcbn22ullbwp30p140tt0p9v25c
  VFU_4_ctrl_166     ZeroWireload          tcbn22ullbwp30p140tt0p9v25c
  VFU_4_ctrl_165     ZeroWireload          tcbn22ullbwp30p140tt0p9v25c
  VFU_4_ctrl_164     ZeroWireload          tcbn22ullbwp30p140tt0p9v25c
  VFU_4_ctrl_163     ZeroWireload          tcbn22ullbwp30p140tt0p9v25c
  VFU_4_ctrl_162     ZeroWireload          tcbn22ullbwp30p140tt0p9v25c
  VFU_4_ctrl_161     ZeroWireload          tcbn22ullbwp30p140tt0p9v25c
  VFU_4_ctrl_160     ZeroWireload          tcbn22ullbwp30p140tt0p9v25c
  VFU_4_ctrl_159     ZeroWireload          tcbn22ullbwp30p140tt0p9v25c
  VFU_4_ctrl_158     ZeroWireload          tcbn22ullbwp30p140tt0p9v25c
  VFU_4_ctrl_157     ZeroWireload          tcbn22ullbwp30p140tt0p9v25c
  VFU_4_ctrl_156     ZeroWireload          tcbn22ullbwp30p140tt0p9v25c
  VFU_4_ctrl_155     ZeroWireload          tcbn22ullbwp30p140tt0p9v25c
  VFU_4_ctrl_154     ZeroWireload          tcbn22ullbwp30p140tt0p9v25c
  VFU_4_ctrl_153     ZeroWireload          tcbn22ullbwp30p140tt0p9v25c
  VFU_4_ctrl_152     ZeroWireload          tcbn22ullbwp30p140tt0p9v25c
  VFU_4_ctrl_151     ZeroWireload          tcbn22ullbwp30p140tt0p9v25c
  VFU_4_ctrl_150     ZeroWireload          tcbn22ullbwp30p140tt0p9v25c
  VFU_4_ctrl_149     ZeroWireload          tcbn22ullbwp30p140tt0p9v25c
  VFU_4_ctrl_148     ZeroWireload          tcbn22ullbwp30p140tt0p9v25c
  VFU_4_ctrl_147     ZeroWireload          tcbn22ullbwp30p140tt0p9v25c
  VFU_4_ctrl_146     ZeroWireload          tcbn22ullbwp30p140tt0p9v25c
  VFU_4_ctrl_145     ZeroWireload          tcbn22ullbwp30p140tt0p9v25c
  VFU_4_ctrl_144     ZeroWireload          tcbn22ullbwp30p140tt0p9v25c
  VFU_4_ctrl_143     ZeroWireload          tcbn22ullbwp30p140tt0p9v25c
  VFU_4_ctrl_142     ZeroWireload          tcbn22ullbwp30p140tt0p9v25c
  VFU_4_ctrl_141     ZeroWireload          tcbn22ullbwp30p140tt0p9v25c
  VFU_4_ctrl_140     ZeroWireload          tcbn22ullbwp30p140tt0p9v25c
  VFU_4_ctrl_139     ZeroWireload          tcbn22ullbwp30p140tt0p9v25c
  VFU_4_ctrl_138     ZeroWireload          tcbn22ullbwp30p140tt0p9v25c
  VFU_4_ctrl_137     ZeroWireload          tcbn22ullbwp30p140tt0p9v25c
  VFU_4_ctrl_136     ZeroWireload          tcbn22ullbwp30p140tt0p9v25c
  VFU_4_ctrl_135     ZeroWireload          tcbn22ullbwp30p140tt0p9v25c
  VFU_4_ctrl_134     ZeroWireload          tcbn22ullbwp30p140tt0p9v25c
  VFU_4_ctrl_133     ZeroWireload          tcbn22ullbwp30p140tt0p9v25c
  VFU_4_ctrl_132     ZeroWireload          tcbn22ullbwp30p140tt0p9v25c
  VFU_4_ctrl_131     ZeroWireload          tcbn22ullbwp30p140tt0p9v25c
  VFU_4_ctrl_130     ZeroWireload          tcbn22ullbwp30p140tt0p9v25c
  VFU_4_ctrl_129     ZeroWireload          tcbn22ullbwp30p140tt0p9v25c
  VFU_4_ctrl_128     ZeroWireload          tcbn22ullbwp30p140tt0p9v25c
  VFU_4_ctrl_127     ZeroWireload          tcbn22ullbwp30p140tt0p9v25c
  VFU_4_ctrl_126     ZeroWireload          tcbn22ullbwp30p140tt0p9v25c
  VFU_4_ctrl_125     ZeroWireload          tcbn22ullbwp30p140tt0p9v25c
  VFU_4_ctrl_124     ZeroWireload          tcbn22ullbwp30p140tt0p9v25c
  VFU_4_ctrl_123     ZeroWireload          tcbn22ullbwp30p140tt0p9v25c
  VFU_4_ctrl_122     ZeroWireload          tcbn22ullbwp30p140tt0p9v25c
  VFU_4_ctrl_121     ZeroWireload          tcbn22ullbwp30p140tt0p9v25c
  VFU_4_ctrl_120     ZeroWireload          tcbn22ullbwp30p140tt0p9v25c
  VFU_4_ctrl_119     ZeroWireload          tcbn22ullbwp30p140tt0p9v25c
  VFU_4_ctrl_118     ZeroWireload          tcbn22ullbwp30p140tt0p9v25c
  VFU_4_ctrl_117     ZeroWireload          tcbn22ullbwp30p140tt0p9v25c
  VFU_4_ctrl_116     ZeroWireload          tcbn22ullbwp30p140tt0p9v25c
  VFU_4_ctrl_115     ZeroWireload          tcbn22ullbwp30p140tt0p9v25c
  VFU_4_ctrl_114     ZeroWireload          tcbn22ullbwp30p140tt0p9v25c
  VFU_4_ctrl_113     ZeroWireload          tcbn22ullbwp30p140tt0p9v25c
  VFU_4_ctrl_112     ZeroWireload          tcbn22ullbwp30p140tt0p9v25c
  VFU_4_ctrl_111     ZeroWireload          tcbn22ullbwp30p140tt0p9v25c
  VFU_4_ctrl_110     ZeroWireload          tcbn22ullbwp30p140tt0p9v25c
  VFU_4_ctrl_109     ZeroWireload          tcbn22ullbwp30p140tt0p9v25c
  VFU_4_ctrl_108     ZeroWireload          tcbn22ullbwp30p140tt0p9v25c
  VFU_4_ctrl_107     ZeroWireload          tcbn22ullbwp30p140tt0p9v25c
  VFU_4_ctrl_106     ZeroWireload          tcbn22ullbwp30p140tt0p9v25c
  VFU_4_ctrl_105     ZeroWireload          tcbn22ullbwp30p140tt0p9v25c
  VFU_4_ctrl_104     ZeroWireload          tcbn22ullbwp30p140tt0p9v25c
  VFU_4_ctrl_103     ZeroWireload          tcbn22ullbwp30p140tt0p9v25c
  VFU_4_ctrl_102     ZeroWireload          tcbn22ullbwp30p140tt0p9v25c
  VFU_4_ctrl_101     ZeroWireload          tcbn22ullbwp30p140tt0p9v25c
  VFU_4_ctrl_100     ZeroWireload          tcbn22ullbwp30p140tt0p9v25c
  VFU_4_ctrl_99      ZeroWireload          tcbn22ullbwp30p140tt0p9v25c
  VFU_4_ctrl_98      ZeroWireload          tcbn22ullbwp30p140tt0p9v25c
  VFU_4_ctrl_97      ZeroWireload          tcbn22ullbwp30p140tt0p9v25c
  VFU_4_ctrl_96      ZeroWireload          tcbn22ullbwp30p140tt0p9v25c
  VFU_4_ctrl_95      ZeroWireload          tcbn22ullbwp30p140tt0p9v25c
  VFU_4_ctrl_94      ZeroWireload          tcbn22ullbwp30p140tt0p9v25c
  VFU_4_ctrl_93      ZeroWireload          tcbn22ullbwp30p140tt0p9v25c
  VFU_4_ctrl_92      ZeroWireload          tcbn22ullbwp30p140tt0p9v25c
  VFU_4_ctrl_91      ZeroWireload          tcbn22ullbwp30p140tt0p9v25c
  VFU_4_ctrl_90      ZeroWireload          tcbn22ullbwp30p140tt0p9v25c
  VFU_4_ctrl_89      ZeroWireload          tcbn22ullbwp30p140tt0p9v25c
  VFU_4_ctrl_88      ZeroWireload          tcbn22ullbwp30p140tt0p9v25c
  VFU_4_ctrl_87      ZeroWireload          tcbn22ullbwp30p140tt0p9v25c
  VFU_4_ctrl_86      ZeroWireload          tcbn22ullbwp30p140tt0p9v25c
  VFU_4_ctrl_85      ZeroWireload          tcbn22ullbwp30p140tt0p9v25c
  VFU_4_ctrl_84      ZeroWireload          tcbn22ullbwp30p140tt0p9v25c
  VFU_4_ctrl_83      ZeroWireload          tcbn22ullbwp30p140tt0p9v25c
  VFU_4_ctrl_82      ZeroWireload          tcbn22ullbwp30p140tt0p9v25c
  VFU_4_ctrl_81      ZeroWireload          tcbn22ullbwp30p140tt0p9v25c
  VFU_4_ctrl_80      ZeroWireload          tcbn22ullbwp30p140tt0p9v25c
  VFU_4_ctrl_79      ZeroWireload          tcbn22ullbwp30p140tt0p9v25c
  VFU_4_ctrl_78      ZeroWireload          tcbn22ullbwp30p140tt0p9v25c
  VFU_4_ctrl_77      ZeroWireload          tcbn22ullbwp30p140tt0p9v25c
  VFU_4_ctrl_76      ZeroWireload          tcbn22ullbwp30p140tt0p9v25c
  VFU_4_ctrl_75      ZeroWireload          tcbn22ullbwp30p140tt0p9v25c
  VFU_4_ctrl_74      ZeroWireload          tcbn22ullbwp30p140tt0p9v25c
  VFU_4_ctrl_73      ZeroWireload          tcbn22ullbwp30p140tt0p9v25c
  VFU_4_ctrl_72      ZeroWireload          tcbn22ullbwp30p140tt0p9v25c
  VFU_4_ctrl_71      ZeroWireload          tcbn22ullbwp30p140tt0p9v25c
  VFU_4_ctrl_70      ZeroWireload          tcbn22ullbwp30p140tt0p9v25c
  VFU_4_ctrl_69      ZeroWireload          tcbn22ullbwp30p140tt0p9v25c
  VFU_4_ctrl_68      ZeroWireload          tcbn22ullbwp30p140tt0p9v25c
  VFU_4_ctrl_67      ZeroWireload          tcbn22ullbwp30p140tt0p9v25c
  VFU_4_ctrl_66      ZeroWireload          tcbn22ullbwp30p140tt0p9v25c
  VFU_4_ctrl_65      ZeroWireload          tcbn22ullbwp30p140tt0p9v25c
  VFU_4_ctrl_64      ZeroWireload          tcbn22ullbwp30p140tt0p9v25c
  VFU_4_ctrl_63      ZeroWireload          tcbn22ullbwp30p140tt0p9v25c
  VFU_4_ctrl_62      ZeroWireload          tcbn22ullbwp30p140tt0p9v25c
  VFU_4_ctrl_61      ZeroWireload          tcbn22ullbwp30p140tt0p9v25c
  VFU_4_ctrl_60      ZeroWireload          tcbn22ullbwp30p140tt0p9v25c
  VFU_4_ctrl_59      ZeroWireload          tcbn22ullbwp30p140tt0p9v25c
  VFU_4_ctrl_58      ZeroWireload          tcbn22ullbwp30p140tt0p9v25c
  VFU_4_ctrl_57      ZeroWireload          tcbn22ullbwp30p140tt0p9v25c
  VFU_4_ctrl_56      ZeroWireload          tcbn22ullbwp30p140tt0p9v25c
  VFU_4_ctrl_55      ZeroWireload          tcbn22ullbwp30p140tt0p9v25c
  VFU_4_ctrl_54      ZeroWireload          tcbn22ullbwp30p140tt0p9v25c
  VFU_4_ctrl_53      ZeroWireload          tcbn22ullbwp30p140tt0p9v25c
  VFU_4_ctrl_52      ZeroWireload          tcbn22ullbwp30p140tt0p9v25c
  VFU_4_ctrl_51      ZeroWireload          tcbn22ullbwp30p140tt0p9v25c
  VFU_4_ctrl_50      ZeroWireload          tcbn22ullbwp30p140tt0p9v25c
  VFU_4_ctrl_49      ZeroWireload          tcbn22ullbwp30p140tt0p9v25c
  VFU_4_ctrl_48      ZeroWireload          tcbn22ullbwp30p140tt0p9v25c
  VFU_4_ctrl_47      ZeroWireload          tcbn22ullbwp30p140tt0p9v25c
  VFU_4_ctrl_46      ZeroWireload          tcbn22ullbwp30p140tt0p9v25c
  VFU_4_ctrl_45      ZeroWireload          tcbn22ullbwp30p140tt0p9v25c
  VFU_4_ctrl_44      ZeroWireload          tcbn22ullbwp30p140tt0p9v25c
  VFU_4_ctrl_43      ZeroWireload          tcbn22ullbwp30p140tt0p9v25c
  VFU_4_ctrl_42      ZeroWireload          tcbn22ullbwp30p140tt0p9v25c
  VFU_4_ctrl_41      ZeroWireload          tcbn22ullbwp30p140tt0p9v25c
  VFU_4_ctrl_40      ZeroWireload          tcbn22ullbwp30p140tt0p9v25c
  VFU_4_ctrl_39      ZeroWireload          tcbn22ullbwp30p140tt0p9v25c
  VFU_4_ctrl_38      ZeroWireload          tcbn22ullbwp30p140tt0p9v25c
  VFU_4_ctrl_37      ZeroWireload          tcbn22ullbwp30p140tt0p9v25c
  VFU_4_ctrl_36      ZeroWireload          tcbn22ullbwp30p140tt0p9v25c
  VFU_4_ctrl_35      ZeroWireload          tcbn22ullbwp30p140tt0p9v25c
  VFU_4_ctrl_34      ZeroWireload          tcbn22ullbwp30p140tt0p9v25c
  VFU_4_ctrl_33      ZeroWireload          tcbn22ullbwp30p140tt0p9v25c
  VFU_4_ctrl_32      ZeroWireload          tcbn22ullbwp30p140tt0p9v25c
  VFU_4_ctrl_31      ZeroWireload          tcbn22ullbwp30p140tt0p9v25c
  VFU_4_ctrl_30      ZeroWireload          tcbn22ullbwp30p140tt0p9v25c
  VFU_4_ctrl_29      ZeroWireload          tcbn22ullbwp30p140tt0p9v25c
  VFU_4_ctrl_28      ZeroWireload          tcbn22ullbwp30p140tt0p9v25c
  VFU_4_ctrl_27      ZeroWireload          tcbn22ullbwp30p140tt0p9v25c
  VFU_4_ctrl_26      ZeroWireload          tcbn22ullbwp30p140tt0p9v25c
  VFU_4_ctrl_25      ZeroWireload          tcbn22ullbwp30p140tt0p9v25c
  VFU_4_ctrl_24      ZeroWireload          tcbn22ullbwp30p140tt0p9v25c
  VFU_4_ctrl_23      ZeroWireload          tcbn22ullbwp30p140tt0p9v25c
  VFU_4_ctrl_22      ZeroWireload          tcbn22ullbwp30p140tt0p9v25c
  VFU_4_ctrl_21      ZeroWireload          tcbn22ullbwp30p140tt0p9v25c
  VFU_4_ctrl_20      ZeroWireload          tcbn22ullbwp30p140tt0p9v25c
  VFU_4_ctrl_19      ZeroWireload          tcbn22ullbwp30p140tt0p9v25c
  VFU_4_ctrl_18      ZeroWireload          tcbn22ullbwp30p140tt0p9v25c
  VFU_4_ctrl_17      ZeroWireload          tcbn22ullbwp30p140tt0p9v25c
  VFU_4_ctrl_16      ZeroWireload          tcbn22ullbwp30p140tt0p9v25c
  VFU_4_ctrl_15      ZeroWireload          tcbn22ullbwp30p140tt0p9v25c
  VFU_4_ctrl_14      ZeroWireload          tcbn22ullbwp30p140tt0p9v25c
  VFU_4_ctrl_13      ZeroWireload          tcbn22ullbwp30p140tt0p9v25c
  VFU_4_ctrl_12      ZeroWireload          tcbn22ullbwp30p140tt0p9v25c
  VFU_4_ctrl_11      ZeroWireload          tcbn22ullbwp30p140tt0p9v25c
  VFU_4_ctrl_10      ZeroWireload          tcbn22ullbwp30p140tt0p9v25c
  VFU_4_ctrl_9       ZeroWireload          tcbn22ullbwp30p140tt0p9v25c
  VFU_4_ctrl_8       ZeroWireload          tcbn22ullbwp30p140tt0p9v25c
  VFU_4_ctrl_7       ZeroWireload          tcbn22ullbwp30p140tt0p9v25c
  VFU_4_ctrl_6       ZeroWireload          tcbn22ullbwp30p140tt0p9v25c
  VFU_4_ctrl_5       ZeroWireload          tcbn22ullbwp30p140tt0p9v25c
  VFU_4_ctrl_4       ZeroWireload          tcbn22ullbwp30p140tt0p9v25c
  VFU_4_ctrl_3       ZeroWireload          tcbn22ullbwp30p140tt0p9v25c
  VFU_4_ctrl_2       ZeroWireload          tcbn22ullbwp30p140tt0p9v25c
  VFU_4_ctrl_1       ZeroWireload          tcbn22ullbwp30p140tt0p9v25c
  VFU_4_ctrl_0       ZeroWireload          tcbn22ullbwp30p140tt0p9v25c
  CFU_102_ctrl_19    ZeroWireload          tcbn22ullbwp30p140tt0p9v25c
  CFU_102_ctrl_18    ZeroWireload          tcbn22ullbwp30p140tt0p9v25c
  CFU_102_ctrl_17    ZeroWireload          tcbn22ullbwp30p140tt0p9v25c
  CFU_102_ctrl_16    ZeroWireload          tcbn22ullbwp30p140tt0p9v25c
  CFU_102_ctrl_15    ZeroWireload          tcbn22ullbwp30p140tt0p9v25c
  CFU_102_ctrl_14    ZeroWireload          tcbn22ullbwp30p140tt0p9v25c
  CFU_102_ctrl_13    ZeroWireload          tcbn22ullbwp30p140tt0p9v25c
  CFU_102_ctrl_12    ZeroWireload          tcbn22ullbwp30p140tt0p9v25c
  CFU_102_ctrl_11    ZeroWireload          tcbn22ullbwp30p140tt0p9v25c
  CFU_102_ctrl_10    ZeroWireload          tcbn22ullbwp30p140tt0p9v25c
  CFU_102_ctrl_9     ZeroWireload          tcbn22ullbwp30p140tt0p9v25c
  CFU_102_ctrl_8     ZeroWireload          tcbn22ullbwp30p140tt0p9v25c
  CFU_102_ctrl_7     ZeroWireload          tcbn22ullbwp30p140tt0p9v25c
  CFU_102_ctrl_6     ZeroWireload          tcbn22ullbwp30p140tt0p9v25c
  CFU_102_ctrl_5     ZeroWireload          tcbn22ullbwp30p140tt0p9v25c
  CFU_102_ctrl_4     ZeroWireload          tcbn22ullbwp30p140tt0p9v25c
  CFU_102_ctrl_3     ZeroWireload          tcbn22ullbwp30p140tt0p9v25c
  CFU_102_ctrl_2     ZeroWireload          tcbn22ullbwp30p140tt0p9v25c
  CFU_102_ctrl_1     ZeroWireload          tcbn22ullbwp30p140tt0p9v25c
  CFU_102_ctrl_0     ZeroWireload          tcbn22ullbwp30p140tt0p9v25c
  combine_ram_ctrl_2139
                     ZeroWireload          tcbn22ullbwp30p140tt0p9v25c
  combine_ram_ctrl_2138
                     ZeroWireload          tcbn22ullbwp30p140tt0p9v25c
  combine_ram_ctrl_2137
                     ZeroWireload          tcbn22ullbwp30p140tt0p9v25c
  combine_ram_ctrl_2136
                     ZeroWireload          tcbn22ullbwp30p140tt0p9v25c
  combine_ram_ctrl_2135
                     ZeroWireload          tcbn22ullbwp30p140tt0p9v25c
  combine_ram_ctrl_2134
                     ZeroWireload          tcbn22ullbwp30p140tt0p9v25c
  combine_ram_ctrl_2133
                     ZeroWireload          tcbn22ullbwp30p140tt0p9v25c
  combine_ram_ctrl_2132
                     ZeroWireload          tcbn22ullbwp30p140tt0p9v25c
  combine_ram_ctrl_2131
                     ZeroWireload          tcbn22ullbwp30p140tt0p9v25c
  combine_ram_ctrl_2130
                     ZeroWireload          tcbn22ullbwp30p140tt0p9v25c
  combine_ram_ctrl_2129
                     ZeroWireload          tcbn22ullbwp30p140tt0p9v25c
  combine_ram_ctrl_2128
                     ZeroWireload          tcbn22ullbwp30p140tt0p9v25c
  combine_ram_ctrl_2127
                     ZeroWireload          tcbn22ullbwp30p140tt0p9v25c
  combine_ram_ctrl_2126
                     ZeroWireload          tcbn22ullbwp30p140tt0p9v25c
  combine_ram_ctrl_2125
                     ZeroWireload          tcbn22ullbwp30p140tt0p9v25c
  combine_ram_ctrl_2124
                     ZeroWireload          tcbn22ullbwp30p140tt0p9v25c
  combine_ram_ctrl_2123
                     ZeroWireload          tcbn22ullbwp30p140tt0p9v25c
  combine_ram_ctrl_2122
                     ZeroWireload          tcbn22ullbwp30p140tt0p9v25c
  combine_ram_ctrl_2121
                     ZeroWireload          tcbn22ullbwp30p140tt0p9v25c
  combine_ram_ctrl_2120
                     ZeroWireload          tcbn22ullbwp30p140tt0p9v25c
  combine_ram_ctrl_2119
                     ZeroWireload          tcbn22ullbwp30p140tt0p9v25c
  combine_ram_ctrl_2118
                     ZeroWireload          tcbn22ullbwp30p140tt0p9v25c
  combine_ram_ctrl_2117
                     ZeroWireload          tcbn22ullbwp30p140tt0p9v25c
  combine_ram_ctrl_2116
                     ZeroWireload          tcbn22ullbwp30p140tt0p9v25c
  combine_ram_ctrl_2115
                     ZeroWireload          tcbn22ullbwp30p140tt0p9v25c
  combine_ram_ctrl_2114
                     ZeroWireload          tcbn22ullbwp30p140tt0p9v25c
  combine_ram_ctrl_2113
                     ZeroWireload          tcbn22ullbwp30p140tt0p9v25c
  combine_ram_ctrl_2112
                     ZeroWireload          tcbn22ullbwp30p140tt0p9v25c
  combine_ram_ctrl_2111
                     ZeroWireload          tcbn22ullbwp30p140tt0p9v25c
  combine_ram_ctrl_2110
                     ZeroWireload          tcbn22ullbwp30p140tt0p9v25c
  combine_ram_ctrl_2109
                     ZeroWireload          tcbn22ullbwp30p140tt0p9v25c
  combine_ram_ctrl_2108
                     ZeroWireload          tcbn22ullbwp30p140tt0p9v25c
  combine_ram_ctrl_2107
                     ZeroWireload          tcbn22ullbwp30p140tt0p9v25c
  combine_ram_ctrl_2106
                     ZeroWireload          tcbn22ullbwp30p140tt0p9v25c
  combine_ram_ctrl_2105
                     ZeroWireload          tcbn22ullbwp30p140tt0p9v25c
  combine_ram_ctrl_2104
                     ZeroWireload          tcbn22ullbwp30p140tt0p9v25c
  combine_ram_ctrl_2103
                     ZeroWireload          tcbn22ullbwp30p140tt0p9v25c
  combine_ram_ctrl_2102
                     ZeroWireload          tcbn22ullbwp30p140tt0p9v25c
  combine_ram_ctrl_2101
                     ZeroWireload          tcbn22ullbwp30p140tt0p9v25c
  combine_ram_ctrl_2100
                     ZeroWireload          tcbn22ullbwp30p140tt0p9v25c
  combine_ram_ctrl_2099
                     ZeroWireload          tcbn22ullbwp30p140tt0p9v25c
  combine_ram_ctrl_2098
                     ZeroWireload          tcbn22ullbwp30p140tt0p9v25c
  combine_ram_ctrl_2097
                     ZeroWireload          tcbn22ullbwp30p140tt0p9v25c
  combine_ram_ctrl_2096
                     ZeroWireload          tcbn22ullbwp30p140tt0p9v25c
  combine_ram_ctrl_2095
                     ZeroWireload          tcbn22ullbwp30p140tt0p9v25c
  combine_ram_ctrl_2094
                     ZeroWireload          tcbn22ullbwp30p140tt0p9v25c
  combine_ram_ctrl_2093
                     ZeroWireload          tcbn22ullbwp30p140tt0p9v25c
  combine_ram_ctrl_2092
                     ZeroWireload          tcbn22ullbwp30p140tt0p9v25c
  combine_ram_ctrl_2091
                     ZeroWireload          tcbn22ullbwp30p140tt0p9v25c
  combine_ram_ctrl_2090
                     ZeroWireload          tcbn22ullbwp30p140tt0p9v25c
  combine_ram_ctrl_2089
                     ZeroWireload          tcbn22ullbwp30p140tt0p9v25c
  combine_ram_ctrl_2088
                     ZeroWireload          tcbn22ullbwp30p140tt0p9v25c
  combine_ram_ctrl_2087
                     ZeroWireload          tcbn22ullbwp30p140tt0p9v25c
  combine_ram_ctrl_2086
                     ZeroWireload          tcbn22ullbwp30p140tt0p9v25c
  combine_ram_ctrl_2085
                     ZeroWireload          tcbn22ullbwp30p140tt0p9v25c
  combine_ram_ctrl_2084
                     ZeroWireload          tcbn22ullbwp30p140tt0p9v25c
  combine_ram_ctrl_2083
                     ZeroWireload          tcbn22ullbwp30p140tt0p9v25c
  combine_ram_ctrl_2082
                     ZeroWireload          tcbn22ullbwp30p140tt0p9v25c
  combine_ram_ctrl_2081
                     ZeroWireload          tcbn22ullbwp30p140tt0p9v25c
  combine_ram_ctrl_2080
                     ZeroWireload          tcbn22ullbwp30p140tt0p9v25c
  combine_ram_ctrl_2079
                     ZeroWireload          tcbn22ullbwp30p140tt0p9v25c
  combine_ram_ctrl_2078
                     ZeroWireload          tcbn22ullbwp30p140tt0p9v25c
  combine_ram_ctrl_2077
                     ZeroWireload          tcbn22ullbwp30p140tt0p9v25c
  combine_ram_ctrl_2076
                     ZeroWireload          tcbn22ullbwp30p140tt0p9v25c
  combine_ram_ctrl_2075
                     ZeroWireload          tcbn22ullbwp30p140tt0p9v25c
  combine_ram_ctrl_2074
                     ZeroWireload          tcbn22ullbwp30p140tt0p9v25c
  combine_ram_ctrl_2073
                     ZeroWireload          tcbn22ullbwp30p140tt0p9v25c
  combine_ram_ctrl_2072
                     ZeroWireload          tcbn22ullbwp30p140tt0p9v25c
  combine_ram_ctrl_2071
                     ZeroWireload          tcbn22ullbwp30p140tt0p9v25c
  combine_ram_ctrl_2070
                     ZeroWireload          tcbn22ullbwp30p140tt0p9v25c
  combine_ram_ctrl_2069
                     ZeroWireload          tcbn22ullbwp30p140tt0p9v25c
  combine_ram_ctrl_2068
                     ZeroWireload          tcbn22ullbwp30p140tt0p9v25c
  combine_ram_ctrl_2067
                     ZeroWireload          tcbn22ullbwp30p140tt0p9v25c
  combine_ram_ctrl_2066
                     ZeroWireload          tcbn22ullbwp30p140tt0p9v25c
  combine_ram_ctrl_2065
                     ZeroWireload          tcbn22ullbwp30p140tt0p9v25c
  combine_ram_ctrl_2064
                     ZeroWireload          tcbn22ullbwp30p140tt0p9v25c
  combine_ram_ctrl_2063
                     ZeroWireload          tcbn22ullbwp30p140tt0p9v25c
  combine_ram_ctrl_2062
                     ZeroWireload          tcbn22ullbwp30p140tt0p9v25c
  combine_ram_ctrl_2061
                     ZeroWireload          tcbn22ullbwp30p140tt0p9v25c
  combine_ram_ctrl_2060
                     ZeroWireload          tcbn22ullbwp30p140tt0p9v25c
  combine_ram_ctrl_2059
                     ZeroWireload          tcbn22ullbwp30p140tt0p9v25c
  combine_ram_ctrl_2058
                     ZeroWireload          tcbn22ullbwp30p140tt0p9v25c
  combine_ram_ctrl_2057
                     ZeroWireload          tcbn22ullbwp30p140tt0p9v25c
  combine_ram_ctrl_2056
                     ZeroWireload          tcbn22ullbwp30p140tt0p9v25c
  combine_ram_ctrl_2055
                     ZeroWireload          tcbn22ullbwp30p140tt0p9v25c
  combine_ram_ctrl_2054
                     ZeroWireload          tcbn22ullbwp30p140tt0p9v25c
  combine_ram_ctrl_2053
                     ZeroWireload          tcbn22ullbwp30p140tt0p9v25c
  combine_ram_ctrl_2052
                     ZeroWireload          tcbn22ullbwp30p140tt0p9v25c
  combine_ram_ctrl_2051
                     ZeroWireload          tcbn22ullbwp30p140tt0p9v25c
  combine_ram_ctrl_2050
                     ZeroWireload          tcbn22ullbwp30p140tt0p9v25c
  combine_ram_ctrl_2049
                     ZeroWireload          tcbn22ullbwp30p140tt0p9v25c
  combine_ram_ctrl_2048
                     ZeroWireload          tcbn22ullbwp30p140tt0p9v25c
  combine_ram_ctrl_2047
                     ZeroWireload          tcbn22ullbwp30p140tt0p9v25c
  combine_ram_ctrl_2046
                     ZeroWireload          tcbn22ullbwp30p140tt0p9v25c
  combine_ram_ctrl_2045
                     ZeroWireload          tcbn22ullbwp30p140tt0p9v25c
  combine_ram_ctrl_2044
                     ZeroWireload          tcbn22ullbwp30p140tt0p9v25c
  combine_ram_ctrl_2043
                     ZeroWireload          tcbn22ullbwp30p140tt0p9v25c
  combine_ram_ctrl_2042
                     ZeroWireload          tcbn22ullbwp30p140tt0p9v25c
  combine_ram_ctrl_2041
                     ZeroWireload          tcbn22ullbwp30p140tt0p9v25c
  combine_ram_ctrl_2040
                     ZeroWireload          tcbn22ullbwp30p140tt0p9v25c
  combine_ram_ctrl_2039
                     ZeroWireload          tcbn22ullbwp30p140tt0p9v25c
  combine_ram_ctrl_2038
                     ZeroWireload          tcbn22ullbwp30p140tt0p9v25c
  combine_ram_ctrl_2037
                     ZeroWireload          tcbn22ullbwp30p140tt0p9v25c
  combine_ram_ctrl_2036
                     ZeroWireload          tcbn22ullbwp30p140tt0p9v25c
  combine_ram_ctrl_2035
                     ZeroWireload          tcbn22ullbwp30p140tt0p9v25c
  combine_ram_ctrl_2034
                     ZeroWireload          tcbn22ullbwp30p140tt0p9v25c
  combine_ram_ctrl_2033
                     ZeroWireload          tcbn22ullbwp30p140tt0p9v25c
  combine_ram_ctrl_2032
                     ZeroWireload          tcbn22ullbwp30p140tt0p9v25c
  combine_ram_ctrl_2031
                     ZeroWireload          tcbn22ullbwp30p140tt0p9v25c
  combine_ram_ctrl_2030
                     ZeroWireload          tcbn22ullbwp30p140tt0p9v25c
  combine_ram_ctrl_2029
                     ZeroWireload          tcbn22ullbwp30p140tt0p9v25c
  combine_ram_ctrl_2028
                     ZeroWireload          tcbn22ullbwp30p140tt0p9v25c
  combine_ram_ctrl_2027
                     ZeroWireload          tcbn22ullbwp30p140tt0p9v25c
  combine_ram_ctrl_2026
                     ZeroWireload          tcbn22ullbwp30p140tt0p9v25c
  combine_ram_ctrl_2025
                     ZeroWireload          tcbn22ullbwp30p140tt0p9v25c
  combine_ram_ctrl_2024
                     ZeroWireload          tcbn22ullbwp30p140tt0p9v25c
  combine_ram_ctrl_2023
                     ZeroWireload          tcbn22ullbwp30p140tt0p9v25c
  combine_ram_ctrl_2022
                     ZeroWireload          tcbn22ullbwp30p140tt0p9v25c
  combine_ram_ctrl_2021
                     ZeroWireload          tcbn22ullbwp30p140tt0p9v25c
  combine_ram_ctrl_2020
                     ZeroWireload          tcbn22ullbwp30p140tt0p9v25c
  combine_ram_ctrl_2019
                     ZeroWireload          tcbn22ullbwp30p140tt0p9v25c
  combine_ram_ctrl_2018
                     ZeroWireload          tcbn22ullbwp30p140tt0p9v25c
  combine_ram_ctrl_2017
                     ZeroWireload          tcbn22ullbwp30p140tt0p9v25c
  combine_ram_ctrl_2016
                     ZeroWireload          tcbn22ullbwp30p140tt0p9v25c
  combine_ram_ctrl_2015
                     ZeroWireload          tcbn22ullbwp30p140tt0p9v25c
  combine_ram_ctrl_2014
                     ZeroWireload          tcbn22ullbwp30p140tt0p9v25c
  combine_ram_ctrl_2013
                     ZeroWireload          tcbn22ullbwp30p140tt0p9v25c
  combine_ram_ctrl_2012
                     ZeroWireload          tcbn22ullbwp30p140tt0p9v25c
  combine_ram_ctrl_2011
                     ZeroWireload          tcbn22ullbwp30p140tt0p9v25c
  combine_ram_ctrl_2010
                     ZeroWireload          tcbn22ullbwp30p140tt0p9v25c
  combine_ram_ctrl_2009
                     ZeroWireload          tcbn22ullbwp30p140tt0p9v25c
  combine_ram_ctrl_2008
                     ZeroWireload          tcbn22ullbwp30p140tt0p9v25c
  combine_ram_ctrl_2007
                     ZeroWireload          tcbn22ullbwp30p140tt0p9v25c
  combine_ram_ctrl_2006
                     ZeroWireload          tcbn22ullbwp30p140tt0p9v25c
  combine_ram_ctrl_2005
                     ZeroWireload          tcbn22ullbwp30p140tt0p9v25c
  combine_ram_ctrl_2004
                     ZeroWireload          tcbn22ullbwp30p140tt0p9v25c
  combine_ram_ctrl_2003
                     ZeroWireload          tcbn22ullbwp30p140tt0p9v25c
  combine_ram_ctrl_2002
                     ZeroWireload          tcbn22ullbwp30p140tt0p9v25c
  combine_ram_ctrl_2001
                     ZeroWireload          tcbn22ullbwp30p140tt0p9v25c
  combine_ram_ctrl_2000
                     ZeroWireload          tcbn22ullbwp30p140tt0p9v25c
  combine_ram_ctrl_1999
                     ZeroWireload          tcbn22ullbwp30p140tt0p9v25c
  combine_ram_ctrl_1998
                     ZeroWireload          tcbn22ullbwp30p140tt0p9v25c
  combine_ram_ctrl_1997
                     ZeroWireload          tcbn22ullbwp30p140tt0p9v25c
  combine_ram_ctrl_1996
                     ZeroWireload          tcbn22ullbwp30p140tt0p9v25c
  combine_ram_ctrl_1995
                     ZeroWireload          tcbn22ullbwp30p140tt0p9v25c
  combine_ram_ctrl_1994
                     ZeroWireload          tcbn22ullbwp30p140tt0p9v25c
  combine_ram_ctrl_1993
                     ZeroWireload          tcbn22ullbwp30p140tt0p9v25c
  combine_ram_ctrl_1992
                     ZeroWireload          tcbn22ullbwp30p140tt0p9v25c
  combine_ram_ctrl_1991
                     ZeroWireload          tcbn22ullbwp30p140tt0p9v25c
  combine_ram_ctrl_1990
                     ZeroWireload          tcbn22ullbwp30p140tt0p9v25c
  combine_ram_ctrl_1989
                     ZeroWireload          tcbn22ullbwp30p140tt0p9v25c
  combine_ram_ctrl_1988
                     ZeroWireload          tcbn22ullbwp30p140tt0p9v25c
  combine_ram_ctrl_1987
                     ZeroWireload          tcbn22ullbwp30p140tt0p9v25c
  combine_ram_ctrl_1986
                     ZeroWireload          tcbn22ullbwp30p140tt0p9v25c
  combine_ram_ctrl_1985
                     ZeroWireload          tcbn22ullbwp30p140tt0p9v25c
  combine_ram_ctrl_1984
                     ZeroWireload          tcbn22ullbwp30p140tt0p9v25c
  combine_ram_ctrl_1983
                     ZeroWireload          tcbn22ullbwp30p140tt0p9v25c
  combine_ram_ctrl_1982
                     ZeroWireload          tcbn22ullbwp30p140tt0p9v25c
  combine_ram_ctrl_1981
                     ZeroWireload          tcbn22ullbwp30p140tt0p9v25c
  combine_ram_ctrl_1980
                     ZeroWireload          tcbn22ullbwp30p140tt0p9v25c
  combine_ram_ctrl_1979
                     ZeroWireload          tcbn22ullbwp30p140tt0p9v25c
  combine_ram_ctrl_1978
                     ZeroWireload          tcbn22ullbwp30p140tt0p9v25c
  combine_ram_ctrl_1977
                     ZeroWireload          tcbn22ullbwp30p140tt0p9v25c
  combine_ram_ctrl_1976
                     ZeroWireload          tcbn22ullbwp30p140tt0p9v25c
  combine_ram_ctrl_1975
                     ZeroWireload          tcbn22ullbwp30p140tt0p9v25c
  combine_ram_ctrl_1974
                     ZeroWireload          tcbn22ullbwp30p140tt0p9v25c
  combine_ram_ctrl_1973
                     ZeroWireload          tcbn22ullbwp30p140tt0p9v25c
  combine_ram_ctrl_1972
                     ZeroWireload          tcbn22ullbwp30p140tt0p9v25c
  combine_ram_ctrl_1971
                     ZeroWireload          tcbn22ullbwp30p140tt0p9v25c
  combine_ram_ctrl_1970
                     ZeroWireload          tcbn22ullbwp30p140tt0p9v25c
  combine_ram_ctrl_1969
                     ZeroWireload          tcbn22ullbwp30p140tt0p9v25c
  combine_ram_ctrl_1968
                     ZeroWireload          tcbn22ullbwp30p140tt0p9v25c
  combine_ram_ctrl_1967
                     ZeroWireload          tcbn22ullbwp30p140tt0p9v25c
  combine_ram_ctrl_1966
                     ZeroWireload          tcbn22ullbwp30p140tt0p9v25c
  combine_ram_ctrl_1965
                     ZeroWireload          tcbn22ullbwp30p140tt0p9v25c
  combine_ram_ctrl_1964
                     ZeroWireload          tcbn22ullbwp30p140tt0p9v25c
  combine_ram_ctrl_1963
                     ZeroWireload          tcbn22ullbwp30p140tt0p9v25c
  combine_ram_ctrl_1962
                     ZeroWireload          tcbn22ullbwp30p140tt0p9v25c
  combine_ram_ctrl_1961
                     ZeroWireload          tcbn22ullbwp30p140tt0p9v25c
  combine_ram_ctrl_1960
                     ZeroWireload          tcbn22ullbwp30p140tt0p9v25c
  combine_ram_ctrl_1959
                     ZeroWireload          tcbn22ullbwp30p140tt0p9v25c
  combine_ram_ctrl_1958
                     ZeroWireload          tcbn22ullbwp30p140tt0p9v25c
  combine_ram_ctrl_1957
                     ZeroWireload          tcbn22ullbwp30p140tt0p9v25c
  combine_ram_ctrl_1956
                     ZeroWireload          tcbn22ullbwp30p140tt0p9v25c
  combine_ram_ctrl_1955
                     ZeroWireload          tcbn22ullbwp30p140tt0p9v25c
  combine_ram_ctrl_1954
                     ZeroWireload          tcbn22ullbwp30p140tt0p9v25c
  combine_ram_ctrl_1953
                     ZeroWireload          tcbn22ullbwp30p140tt0p9v25c
  combine_ram_ctrl_1952
                     ZeroWireload          tcbn22ullbwp30p140tt0p9v25c
  combine_ram_ctrl_1951
                     ZeroWireload          tcbn22ullbwp30p140tt0p9v25c
  combine_ram_ctrl_1950
                     ZeroWireload          tcbn22ullbwp30p140tt0p9v25c
  combine_ram_ctrl_1949
                     ZeroWireload          tcbn22ullbwp30p140tt0p9v25c
  combine_ram_ctrl_1948
                     ZeroWireload          tcbn22ullbwp30p140tt0p9v25c
  combine_ram_ctrl_1947
                     ZeroWireload          tcbn22ullbwp30p140tt0p9v25c
  combine_ram_ctrl_1946
                     ZeroWireload          tcbn22ullbwp30p140tt0p9v25c
  combine_ram_ctrl_1945
                     ZeroWireload          tcbn22ullbwp30p140tt0p9v25c
  combine_ram_ctrl_1944
                     ZeroWireload          tcbn22ullbwp30p140tt0p9v25c
  combine_ram_ctrl_1943
                     ZeroWireload          tcbn22ullbwp30p140tt0p9v25c
  combine_ram_ctrl_1942
                     ZeroWireload          tcbn22ullbwp30p140tt0p9v25c
  combine_ram_ctrl_1941
                     ZeroWireload          tcbn22ullbwp30p140tt0p9v25c
  combine_ram_ctrl_1940
                     ZeroWireload          tcbn22ullbwp30p140tt0p9v25c
  combine_ram_ctrl_1939
                     ZeroWireload          tcbn22ullbwp30p140tt0p9v25c
  combine_ram_ctrl_1938
                     ZeroWireload          tcbn22ullbwp30p140tt0p9v25c
  combine_ram_ctrl_1937
                     ZeroWireload          tcbn22ullbwp30p140tt0p9v25c
  combine_ram_ctrl_1936
                     ZeroWireload          tcbn22ullbwp30p140tt0p9v25c
  combine_ram_ctrl_1935
                     ZeroWireload          tcbn22ullbwp30p140tt0p9v25c
  combine_ram_ctrl_1934
                     ZeroWireload          tcbn22ullbwp30p140tt0p9v25c
  combine_ram_ctrl_1933
                     ZeroWireload          tcbn22ullbwp30p140tt0p9v25c
  combine_ram_ctrl_1932
                     ZeroWireload          tcbn22ullbwp30p140tt0p9v25c
  combine_ram_ctrl_1931
                     ZeroWireload          tcbn22ullbwp30p140tt0p9v25c
  combine_ram_ctrl_1930
                     ZeroWireload          tcbn22ullbwp30p140tt0p9v25c
  combine_ram_ctrl_1929
                     ZeroWireload          tcbn22ullbwp30p140tt0p9v25c
  combine_ram_ctrl_1928
                     ZeroWireload          tcbn22ullbwp30p140tt0p9v25c
  combine_ram_ctrl_1927
                     ZeroWireload          tcbn22ullbwp30p140tt0p9v25c
  combine_ram_ctrl_1926
                     ZeroWireload          tcbn22ullbwp30p140tt0p9v25c
  combine_ram_ctrl_1925
                     ZeroWireload          tcbn22ullbwp30p140tt0p9v25c
  combine_ram_ctrl_1924
                     ZeroWireload          tcbn22ullbwp30p140tt0p9v25c
  combine_ram_ctrl_1923
                     ZeroWireload          tcbn22ullbwp30p140tt0p9v25c
  combine_ram_ctrl_1922
                     ZeroWireload          tcbn22ullbwp30p140tt0p9v25c
  combine_ram_ctrl_1921
                     ZeroWireload          tcbn22ullbwp30p140tt0p9v25c
  combine_ram_ctrl_1920
                     ZeroWireload          tcbn22ullbwp30p140tt0p9v25c
  combine_ram_ctrl_1919
                     ZeroWireload          tcbn22ullbwp30p140tt0p9v25c
  combine_ram_ctrl_1918
                     ZeroWireload          tcbn22ullbwp30p140tt0p9v25c
  combine_ram_ctrl_1917
                     ZeroWireload          tcbn22ullbwp30p140tt0p9v25c
  combine_ram_ctrl_1916
                     ZeroWireload          tcbn22ullbwp30p140tt0p9v25c
  combine_ram_ctrl_1915
                     ZeroWireload          tcbn22ullbwp30p140tt0p9v25c
  combine_ram_ctrl_1914
                     ZeroWireload          tcbn22ullbwp30p140tt0p9v25c
  combine_ram_ctrl_1913
                     ZeroWireload          tcbn22ullbwp30p140tt0p9v25c
  combine_ram_ctrl_1912
                     ZeroWireload          tcbn22ullbwp30p140tt0p9v25c
  combine_ram_ctrl_1911
                     ZeroWireload          tcbn22ullbwp30p140tt0p9v25c
  combine_ram_ctrl_1910
                     ZeroWireload          tcbn22ullbwp30p140tt0p9v25c
  combine_ram_ctrl_1909
                     ZeroWireload          tcbn22ullbwp30p140tt0p9v25c
  combine_ram_ctrl_1908
                     ZeroWireload          tcbn22ullbwp30p140tt0p9v25c
  combine_ram_ctrl_1907
                     ZeroWireload          tcbn22ullbwp30p140tt0p9v25c
  combine_ram_ctrl_1906
                     ZeroWireload          tcbn22ullbwp30p140tt0p9v25c
  combine_ram_ctrl_1905
                     ZeroWireload          tcbn22ullbwp30p140tt0p9v25c
  combine_ram_ctrl_1904
                     ZeroWireload          tcbn22ullbwp30p140tt0p9v25c
  combine_ram_ctrl_1903
                     ZeroWireload          tcbn22ullbwp30p140tt0p9v25c
  combine_ram_ctrl_1902
                     ZeroWireload          tcbn22ullbwp30p140tt0p9v25c
  combine_ram_ctrl_1901
                     ZeroWireload          tcbn22ullbwp30p140tt0p9v25c
  combine_ram_ctrl_1900
                     ZeroWireload          tcbn22ullbwp30p140tt0p9v25c
  combine_ram_ctrl_1899
                     ZeroWireload          tcbn22ullbwp30p140tt0p9v25c
  combine_ram_ctrl_1898
                     ZeroWireload          tcbn22ullbwp30p140tt0p9v25c
  combine_ram_ctrl_1897
                     ZeroWireload          tcbn22ullbwp30p140tt0p9v25c
  combine_ram_ctrl_1896
                     ZeroWireload          tcbn22ullbwp30p140tt0p9v25c
  combine_ram_ctrl_1895
                     ZeroWireload          tcbn22ullbwp30p140tt0p9v25c
  combine_ram_ctrl_1894
                     ZeroWireload          tcbn22ullbwp30p140tt0p9v25c
  combine_ram_ctrl_1893
                     ZeroWireload          tcbn22ullbwp30p140tt0p9v25c
  combine_ram_ctrl_1892
                     ZeroWireload          tcbn22ullbwp30p140tt0p9v25c
  combine_ram_ctrl_1891
                     ZeroWireload          tcbn22ullbwp30p140tt0p9v25c
  combine_ram_ctrl_1890
                     ZeroWireload          tcbn22ullbwp30p140tt0p9v25c
  combine_ram_ctrl_1889
                     ZeroWireload          tcbn22ullbwp30p140tt0p9v25c
  combine_ram_ctrl_1888
                     ZeroWireload          tcbn22ullbwp30p140tt0p9v25c
  combine_ram_ctrl_1887
                     ZeroWireload          tcbn22ullbwp30p140tt0p9v25c
  combine_ram_ctrl_1886
                     ZeroWireload          tcbn22ullbwp30p140tt0p9v25c
  combine_ram_ctrl_1885
                     ZeroWireload          tcbn22ullbwp30p140tt0p9v25c
  combine_ram_ctrl_1884
                     ZeroWireload          tcbn22ullbwp30p140tt0p9v25c
  combine_ram_ctrl_1883
                     ZeroWireload          tcbn22ullbwp30p140tt0p9v25c
  combine_ram_ctrl_1882
                     ZeroWireload          tcbn22ullbwp30p140tt0p9v25c
  combine_ram_ctrl_1881
                     ZeroWireload          tcbn22ullbwp30p140tt0p9v25c
  combine_ram_ctrl_1880
                     ZeroWireload          tcbn22ullbwp30p140tt0p9v25c
  combine_ram_ctrl_1879
                     ZeroWireload          tcbn22ullbwp30p140tt0p9v25c
  combine_ram_ctrl_1878
                     ZeroWireload          tcbn22ullbwp30p140tt0p9v25c
  combine_ram_ctrl_1877
                     ZeroWireload          tcbn22ullbwp30p140tt0p9v25c
  combine_ram_ctrl_1876
                     ZeroWireload          tcbn22ullbwp30p140tt0p9v25c
  combine_ram_ctrl_1875
                     ZeroWireload          tcbn22ullbwp30p140tt0p9v25c
  combine_ram_ctrl_1874
                     ZeroWireload          tcbn22ullbwp30p140tt0p9v25c
  combine_ram_ctrl_1873
                     ZeroWireload          tcbn22ullbwp30p140tt0p9v25c
  combine_ram_ctrl_1872
                     ZeroWireload          tcbn22ullbwp30p140tt0p9v25c
  combine_ram_ctrl_1871
                     ZeroWireload          tcbn22ullbwp30p140tt0p9v25c
  combine_ram_ctrl_1870
                     ZeroWireload          tcbn22ullbwp30p140tt0p9v25c
  combine_ram_ctrl_1869
                     ZeroWireload          tcbn22ullbwp30p140tt0p9v25c
  combine_ram_ctrl_1868
                     ZeroWireload          tcbn22ullbwp30p140tt0p9v25c
  combine_ram_ctrl_1867
                     ZeroWireload          tcbn22ullbwp30p140tt0p9v25c
  combine_ram_ctrl_1866
                     ZeroWireload          tcbn22ullbwp30p140tt0p9v25c
  combine_ram_ctrl_1865
                     ZeroWireload          tcbn22ullbwp30p140tt0p9v25c
  combine_ram_ctrl_1864
                     ZeroWireload          tcbn22ullbwp30p140tt0p9v25c
  combine_ram_ctrl_1863
                     ZeroWireload          tcbn22ullbwp30p140tt0p9v25c
  combine_ram_ctrl_1862
                     ZeroWireload          tcbn22ullbwp30p140tt0p9v25c
  combine_ram_ctrl_1861
                     ZeroWireload          tcbn22ullbwp30p140tt0p9v25c
  combine_ram_ctrl_1860
                     ZeroWireload          tcbn22ullbwp30p140tt0p9v25c
  combine_ram_ctrl_1859
                     ZeroWireload          tcbn22ullbwp30p140tt0p9v25c
  combine_ram_ctrl_1858
                     ZeroWireload          tcbn22ullbwp30p140tt0p9v25c
  combine_ram_ctrl_1857
                     ZeroWireload          tcbn22ullbwp30p140tt0p9v25c
  combine_ram_ctrl_1856
                     ZeroWireload          tcbn22ullbwp30p140tt0p9v25c
  combine_ram_ctrl_1855
                     ZeroWireload          tcbn22ullbwp30p140tt0p9v25c
  combine_ram_ctrl_1854
                     ZeroWireload          tcbn22ullbwp30p140tt0p9v25c
  combine_ram_ctrl_1853
                     ZeroWireload          tcbn22ullbwp30p140tt0p9v25c
  combine_ram_ctrl_1852
                     ZeroWireload          tcbn22ullbwp30p140tt0p9v25c
  combine_ram_ctrl_1851
                     ZeroWireload          tcbn22ullbwp30p140tt0p9v25c
  combine_ram_ctrl_1850
                     ZeroWireload          tcbn22ullbwp30p140tt0p9v25c
  combine_ram_ctrl_1849
                     ZeroWireload          tcbn22ullbwp30p140tt0p9v25c
  combine_ram_ctrl_1848
                     ZeroWireload          tcbn22ullbwp30p140tt0p9v25c
  combine_ram_ctrl_1847
                     ZeroWireload          tcbn22ullbwp30p140tt0p9v25c
  combine_ram_ctrl_1846
                     ZeroWireload          tcbn22ullbwp30p140tt0p9v25c
  combine_ram_ctrl_1845
                     ZeroWireload          tcbn22ullbwp30p140tt0p9v25c
  combine_ram_ctrl_1844
                     ZeroWireload          tcbn22ullbwp30p140tt0p9v25c
  combine_ram_ctrl_1843
                     ZeroWireload          tcbn22ullbwp30p140tt0p9v25c
  combine_ram_ctrl_1842
                     ZeroWireload          tcbn22ullbwp30p140tt0p9v25c
  combine_ram_ctrl_1841
                     ZeroWireload          tcbn22ullbwp30p140tt0p9v25c
  combine_ram_ctrl_1840
                     ZeroWireload          tcbn22ullbwp30p140tt0p9v25c
  combine_ram_ctrl_1839
                     ZeroWireload          tcbn22ullbwp30p140tt0p9v25c
  combine_ram_ctrl_1838
                     ZeroWireload          tcbn22ullbwp30p140tt0p9v25c
  combine_ram_ctrl_1837
                     ZeroWireload          tcbn22ullbwp30p140tt0p9v25c
  combine_ram_ctrl_1836
                     ZeroWireload          tcbn22ullbwp30p140tt0p9v25c
  combine_ram_ctrl_1835
                     ZeroWireload          tcbn22ullbwp30p140tt0p9v25c
  combine_ram_ctrl_1834
                     ZeroWireload          tcbn22ullbwp30p140tt0p9v25c
  combine_ram_ctrl_1833
                     ZeroWireload          tcbn22ullbwp30p140tt0p9v25c
  combine_ram_ctrl_1832
                     ZeroWireload          tcbn22ullbwp30p140tt0p9v25c
  combine_ram_ctrl_1831
                     ZeroWireload          tcbn22ullbwp30p140tt0p9v25c
  combine_ram_ctrl_1830
                     ZeroWireload          tcbn22ullbwp30p140tt0p9v25c
  combine_ram_ctrl_1829
                     ZeroWireload          tcbn22ullbwp30p140tt0p9v25c
  combine_ram_ctrl_1828
                     ZeroWireload          tcbn22ullbwp30p140tt0p9v25c
  combine_ram_ctrl_1827
                     ZeroWireload          tcbn22ullbwp30p140tt0p9v25c
  combine_ram_ctrl_1826
                     ZeroWireload          tcbn22ullbwp30p140tt0p9v25c
  combine_ram_ctrl_1825
                     ZeroWireload          tcbn22ullbwp30p140tt0p9v25c
  combine_ram_ctrl_1824
                     ZeroWireload          tcbn22ullbwp30p140tt0p9v25c
  combine_ram_ctrl_1823
                     ZeroWireload          tcbn22ullbwp30p140tt0p9v25c
  combine_ram_ctrl_1822
                     ZeroWireload          tcbn22ullbwp30p140tt0p9v25c
  combine_ram_ctrl_1821
                     ZeroWireload          tcbn22ullbwp30p140tt0p9v25c
  combine_ram_ctrl_1820
                     ZeroWireload          tcbn22ullbwp30p140tt0p9v25c
  combine_ram_ctrl_1819
                     ZeroWireload          tcbn22ullbwp30p140tt0p9v25c
  combine_ram_ctrl_1818
                     ZeroWireload          tcbn22ullbwp30p140tt0p9v25c
  combine_ram_ctrl_1817
                     ZeroWireload          tcbn22ullbwp30p140tt0p9v25c
  combine_ram_ctrl_1816
                     ZeroWireload          tcbn22ullbwp30p140tt0p9v25c
  combine_ram_ctrl_1815
                     ZeroWireload          tcbn22ullbwp30p140tt0p9v25c
  combine_ram_ctrl_1814
                     ZeroWireload          tcbn22ullbwp30p140tt0p9v25c
  combine_ram_ctrl_1813
                     ZeroWireload          tcbn22ullbwp30p140tt0p9v25c
  combine_ram_ctrl_1812
                     ZeroWireload          tcbn22ullbwp30p140tt0p9v25c
  combine_ram_ctrl_1811
                     ZeroWireload          tcbn22ullbwp30p140tt0p9v25c
  combine_ram_ctrl_1810
                     ZeroWireload          tcbn22ullbwp30p140tt0p9v25c
  combine_ram_ctrl_1809
                     ZeroWireload          tcbn22ullbwp30p140tt0p9v25c
  combine_ram_ctrl_1808
                     ZeroWireload          tcbn22ullbwp30p140tt0p9v25c
  combine_ram_ctrl_1807
                     ZeroWireload          tcbn22ullbwp30p140tt0p9v25c
  combine_ram_ctrl_1806
                     ZeroWireload          tcbn22ullbwp30p140tt0p9v25c
  combine_ram_ctrl_1805
                     ZeroWireload          tcbn22ullbwp30p140tt0p9v25c
  combine_ram_ctrl_1804
                     ZeroWireload          tcbn22ullbwp30p140tt0p9v25c
  combine_ram_ctrl_1803
                     ZeroWireload          tcbn22ullbwp30p140tt0p9v25c
  combine_ram_ctrl_1802
                     ZeroWireload          tcbn22ullbwp30p140tt0p9v25c
  combine_ram_ctrl_1801
                     ZeroWireload          tcbn22ullbwp30p140tt0p9v25c
  combine_ram_ctrl_1800
                     ZeroWireload          tcbn22ullbwp30p140tt0p9v25c
  combine_ram_ctrl_1799
                     ZeroWireload          tcbn22ullbwp30p140tt0p9v25c
  combine_ram_ctrl_1798
                     ZeroWireload          tcbn22ullbwp30p140tt0p9v25c
  combine_ram_ctrl_1797
                     ZeroWireload          tcbn22ullbwp30p140tt0p9v25c
  combine_ram_ctrl_1796
                     ZeroWireload          tcbn22ullbwp30p140tt0p9v25c
  combine_ram_ctrl_1795
                     ZeroWireload          tcbn22ullbwp30p140tt0p9v25c
  combine_ram_ctrl_1794
                     ZeroWireload          tcbn22ullbwp30p140tt0p9v25c
  combine_ram_ctrl_1793
                     ZeroWireload          tcbn22ullbwp30p140tt0p9v25c
  combine_ram_ctrl_1792
                     ZeroWireload          tcbn22ullbwp30p140tt0p9v25c
  combine_ram_ctrl_1791
                     ZeroWireload          tcbn22ullbwp30p140tt0p9v25c
  combine_ram_ctrl_1790
                     ZeroWireload          tcbn22ullbwp30p140tt0p9v25c
  combine_ram_ctrl_1789
                     ZeroWireload          tcbn22ullbwp30p140tt0p9v25c
  combine_ram_ctrl_1788
                     ZeroWireload          tcbn22ullbwp30p140tt0p9v25c
  combine_ram_ctrl_1787
                     ZeroWireload          tcbn22ullbwp30p140tt0p9v25c
  combine_ram_ctrl_1786
                     ZeroWireload          tcbn22ullbwp30p140tt0p9v25c
  combine_ram_ctrl_1785
                     ZeroWireload          tcbn22ullbwp30p140tt0p9v25c
  combine_ram_ctrl_1784
                     ZeroWireload          tcbn22ullbwp30p140tt0p9v25c
  combine_ram_ctrl_1783
                     ZeroWireload          tcbn22ullbwp30p140tt0p9v25c
  combine_ram_ctrl_1782
                     ZeroWireload          tcbn22ullbwp30p140tt0p9v25c
  combine_ram_ctrl_1781
                     ZeroWireload          tcbn22ullbwp30p140tt0p9v25c
  combine_ram_ctrl_1780
                     ZeroWireload          tcbn22ullbwp30p140tt0p9v25c
  combine_ram_ctrl_1779
                     ZeroWireload          tcbn22ullbwp30p140tt0p9v25c
  combine_ram_ctrl_1778
                     ZeroWireload          tcbn22ullbwp30p140tt0p9v25c
  combine_ram_ctrl_1777
                     ZeroWireload          tcbn22ullbwp30p140tt0p9v25c
  combine_ram_ctrl_1776
                     ZeroWireload          tcbn22ullbwp30p140tt0p9v25c
  combine_ram_ctrl_1775
                     ZeroWireload          tcbn22ullbwp30p140tt0p9v25c
  combine_ram_ctrl_1774
                     ZeroWireload          tcbn22ullbwp30p140tt0p9v25c
  combine_ram_ctrl_1773
                     ZeroWireload          tcbn22ullbwp30p140tt0p9v25c
  combine_ram_ctrl_1772
                     ZeroWireload          tcbn22ullbwp30p140tt0p9v25c
  combine_ram_ctrl_1771
                     ZeroWireload          tcbn22ullbwp30p140tt0p9v25c
  combine_ram_ctrl_1770
                     ZeroWireload          tcbn22ullbwp30p140tt0p9v25c
  combine_ram_ctrl_1769
                     ZeroWireload          tcbn22ullbwp30p140tt0p9v25c
  combine_ram_ctrl_1768
                     ZeroWireload          tcbn22ullbwp30p140tt0p9v25c
  combine_ram_ctrl_1767
                     ZeroWireload          tcbn22ullbwp30p140tt0p9v25c
  combine_ram_ctrl_1766
                     ZeroWireload          tcbn22ullbwp30p140tt0p9v25c
  combine_ram_ctrl_1765
                     ZeroWireload          tcbn22ullbwp30p140tt0p9v25c
  combine_ram_ctrl_1764
                     ZeroWireload          tcbn22ullbwp30p140tt0p9v25c
  combine_ram_ctrl_1763
                     ZeroWireload          tcbn22ullbwp30p140tt0p9v25c
  combine_ram_ctrl_1762
                     ZeroWireload          tcbn22ullbwp30p140tt0p9v25c
  combine_ram_ctrl_1761
                     ZeroWireload          tcbn22ullbwp30p140tt0p9v25c
  combine_ram_ctrl_1760
                     ZeroWireload          tcbn22ullbwp30p140tt0p9v25c
  combine_ram_ctrl_1759
                     ZeroWireload          tcbn22ullbwp30p140tt0p9v25c
  combine_ram_ctrl_1758
                     ZeroWireload          tcbn22ullbwp30p140tt0p9v25c
  combine_ram_ctrl_1757
                     ZeroWireload          tcbn22ullbwp30p140tt0p9v25c
  combine_ram_ctrl_1756
                     ZeroWireload          tcbn22ullbwp30p140tt0p9v25c
  combine_ram_ctrl_1755
                     ZeroWireload          tcbn22ullbwp30p140tt0p9v25c
  combine_ram_ctrl_1754
                     ZeroWireload          tcbn22ullbwp30p140tt0p9v25c
  combine_ram_ctrl_1753
                     ZeroWireload          tcbn22ullbwp30p140tt0p9v25c
  combine_ram_ctrl_1752
                     ZeroWireload          tcbn22ullbwp30p140tt0p9v25c
  combine_ram_ctrl_1751
                     ZeroWireload          tcbn22ullbwp30p140tt0p9v25c
  combine_ram_ctrl_1750
                     ZeroWireload          tcbn22ullbwp30p140tt0p9v25c
  combine_ram_ctrl_1749
                     ZeroWireload          tcbn22ullbwp30p140tt0p9v25c
  combine_ram_ctrl_1748
                     ZeroWireload          tcbn22ullbwp30p140tt0p9v25c
  combine_ram_ctrl_1747
                     ZeroWireload          tcbn22ullbwp30p140tt0p9v25c
  combine_ram_ctrl_1746
                     ZeroWireload          tcbn22ullbwp30p140tt0p9v25c
  combine_ram_ctrl_1745
                     ZeroWireload          tcbn22ullbwp30p140tt0p9v25c
  combine_ram_ctrl_1744
                     ZeroWireload          tcbn22ullbwp30p140tt0p9v25c
  combine_ram_ctrl_1743
                     ZeroWireload          tcbn22ullbwp30p140tt0p9v25c
  combine_ram_ctrl_1742
                     ZeroWireload          tcbn22ullbwp30p140tt0p9v25c
  combine_ram_ctrl_1741
                     ZeroWireload          tcbn22ullbwp30p140tt0p9v25c
  combine_ram_ctrl_1740
                     ZeroWireload          tcbn22ullbwp30p140tt0p9v25c
  combine_ram_ctrl_1739
                     ZeroWireload          tcbn22ullbwp30p140tt0p9v25c
  combine_ram_ctrl_1738
                     ZeroWireload          tcbn22ullbwp30p140tt0p9v25c
  combine_ram_ctrl_1737
                     ZeroWireload          tcbn22ullbwp30p140tt0p9v25c
  combine_ram_ctrl_1736
                     ZeroWireload          tcbn22ullbwp30p140tt0p9v25c
  combine_ram_ctrl_1735
                     ZeroWireload          tcbn22ullbwp30p140tt0p9v25c
  combine_ram_ctrl_1734
                     ZeroWireload          tcbn22ullbwp30p140tt0p9v25c
  combine_ram_ctrl_1733
                     ZeroWireload          tcbn22ullbwp30p140tt0p9v25c
  combine_ram_ctrl_1732
                     ZeroWireload          tcbn22ullbwp30p140tt0p9v25c
  combine_ram_ctrl_1731
                     ZeroWireload          tcbn22ullbwp30p140tt0p9v25c
  combine_ram_ctrl_1730
                     ZeroWireload          tcbn22ullbwp30p140tt0p9v25c
  combine_ram_ctrl_1729
                     ZeroWireload          tcbn22ullbwp30p140tt0p9v25c
  combine_ram_ctrl_1728
                     ZeroWireload          tcbn22ullbwp30p140tt0p9v25c
  combine_ram_ctrl_1727
                     ZeroWireload          tcbn22ullbwp30p140tt0p9v25c
  combine_ram_ctrl_1726
                     ZeroWireload          tcbn22ullbwp30p140tt0p9v25c
  combine_ram_ctrl_1725
                     ZeroWireload          tcbn22ullbwp30p140tt0p9v25c
  combine_ram_ctrl_1724
                     ZeroWireload          tcbn22ullbwp30p140tt0p9v25c
  combine_ram_ctrl_1723
                     ZeroWireload          tcbn22ullbwp30p140tt0p9v25c
  combine_ram_ctrl_1722
                     ZeroWireload          tcbn22ullbwp30p140tt0p9v25c
  combine_ram_ctrl_1721
                     ZeroWireload          tcbn22ullbwp30p140tt0p9v25c
  combine_ram_ctrl_1720
                     ZeroWireload          tcbn22ullbwp30p140tt0p9v25c
  combine_ram_ctrl_1719
                     ZeroWireload          tcbn22ullbwp30p140tt0p9v25c
  combine_ram_ctrl_1718
                     ZeroWireload          tcbn22ullbwp30p140tt0p9v25c
  combine_ram_ctrl_1717
                     ZeroWireload          tcbn22ullbwp30p140tt0p9v25c
  combine_ram_ctrl_1716
                     ZeroWireload          tcbn22ullbwp30p140tt0p9v25c
  combine_ram_ctrl_1715
                     ZeroWireload          tcbn22ullbwp30p140tt0p9v25c
  combine_ram_ctrl_1714
                     ZeroWireload          tcbn22ullbwp30p140tt0p9v25c
  combine_ram_ctrl_1713
                     ZeroWireload          tcbn22ullbwp30p140tt0p9v25c
  combine_ram_ctrl_1712
                     ZeroWireload          tcbn22ullbwp30p140tt0p9v25c
  combine_ram_ctrl_1711
                     ZeroWireload          tcbn22ullbwp30p140tt0p9v25c
  combine_ram_ctrl_1710
                     ZeroWireload          tcbn22ullbwp30p140tt0p9v25c
  combine_ram_ctrl_1709
                     ZeroWireload          tcbn22ullbwp30p140tt0p9v25c
  combine_ram_ctrl_1708
                     ZeroWireload          tcbn22ullbwp30p140tt0p9v25c
  combine_ram_ctrl_1707
                     ZeroWireload          tcbn22ullbwp30p140tt0p9v25c
  combine_ram_ctrl_1706
                     ZeroWireload          tcbn22ullbwp30p140tt0p9v25c
  combine_ram_ctrl_1705
                     ZeroWireload          tcbn22ullbwp30p140tt0p9v25c
  combine_ram_ctrl_1704
                     ZeroWireload          tcbn22ullbwp30p140tt0p9v25c
  combine_ram_ctrl_1703
                     ZeroWireload          tcbn22ullbwp30p140tt0p9v25c
  combine_ram_ctrl_1702
                     ZeroWireload          tcbn22ullbwp30p140tt0p9v25c
  combine_ram_ctrl_1701
                     ZeroWireload          tcbn22ullbwp30p140tt0p9v25c
  combine_ram_ctrl_1700
                     ZeroWireload          tcbn22ullbwp30p140tt0p9v25c
  combine_ram_ctrl_1699
                     ZeroWireload          tcbn22ullbwp30p140tt0p9v25c
  combine_ram_ctrl_1698
                     ZeroWireload          tcbn22ullbwp30p140tt0p9v25c
  combine_ram_ctrl_1697
                     ZeroWireload          tcbn22ullbwp30p140tt0p9v25c
  combine_ram_ctrl_1696
                     ZeroWireload          tcbn22ullbwp30p140tt0p9v25c
  combine_ram_ctrl_1695
                     ZeroWireload          tcbn22ullbwp30p140tt0p9v25c
  combine_ram_ctrl_1694
                     ZeroWireload          tcbn22ullbwp30p140tt0p9v25c
  combine_ram_ctrl_1693
                     ZeroWireload          tcbn22ullbwp30p140tt0p9v25c
  combine_ram_ctrl_1692
                     ZeroWireload          tcbn22ullbwp30p140tt0p9v25c
  combine_ram_ctrl_1691
                     ZeroWireload          tcbn22ullbwp30p140tt0p9v25c
  combine_ram_ctrl_1690
                     ZeroWireload          tcbn22ullbwp30p140tt0p9v25c
  combine_ram_ctrl_1689
                     ZeroWireload          tcbn22ullbwp30p140tt0p9v25c
  combine_ram_ctrl_1688
                     ZeroWireload          tcbn22ullbwp30p140tt0p9v25c
  combine_ram_ctrl_1687
                     ZeroWireload          tcbn22ullbwp30p140tt0p9v25c
  combine_ram_ctrl_1686
                     ZeroWireload          tcbn22ullbwp30p140tt0p9v25c
  combine_ram_ctrl_1685
                     ZeroWireload          tcbn22ullbwp30p140tt0p9v25c
  combine_ram_ctrl_1684
                     ZeroWireload          tcbn22ullbwp30p140tt0p9v25c
  combine_ram_ctrl_1683
                     ZeroWireload          tcbn22ullbwp30p140tt0p9v25c
  combine_ram_ctrl_1682
                     ZeroWireload          tcbn22ullbwp30p140tt0p9v25c
  combine_ram_ctrl_1681
                     ZeroWireload          tcbn22ullbwp30p140tt0p9v25c
  combine_ram_ctrl_1680
                     ZeroWireload          tcbn22ullbwp30p140tt0p9v25c
  combine_ram_ctrl_1679
                     ZeroWireload          tcbn22ullbwp30p140tt0p9v25c
  combine_ram_ctrl_1678
                     ZeroWireload          tcbn22ullbwp30p140tt0p9v25c
  combine_ram_ctrl_1677
                     ZeroWireload          tcbn22ullbwp30p140tt0p9v25c
  combine_ram_ctrl_1676
                     ZeroWireload          tcbn22ullbwp30p140tt0p9v25c
  combine_ram_ctrl_1675
                     ZeroWireload          tcbn22ullbwp30p140tt0p9v25c
  combine_ram_ctrl_1674
                     ZeroWireload          tcbn22ullbwp30p140tt0p9v25c
  combine_ram_ctrl_1673
                     ZeroWireload          tcbn22ullbwp30p140tt0p9v25c
  combine_ram_ctrl_1672
                     ZeroWireload          tcbn22ullbwp30p140tt0p9v25c
  combine_ram_ctrl_1671
                     ZeroWireload          tcbn22ullbwp30p140tt0p9v25c
  combine_ram_ctrl_1670
                     ZeroWireload          tcbn22ullbwp30p140tt0p9v25c
  combine_ram_ctrl_1669
                     ZeroWireload          tcbn22ullbwp30p140tt0p9v25c
  combine_ram_ctrl_1668
                     ZeroWireload          tcbn22ullbwp30p140tt0p9v25c
  combine_ram_ctrl_1667
                     ZeroWireload          tcbn22ullbwp30p140tt0p9v25c
  combine_ram_ctrl_1666
                     ZeroWireload          tcbn22ullbwp30p140tt0p9v25c
  combine_ram_ctrl_1665
                     ZeroWireload          tcbn22ullbwp30p140tt0p9v25c
  combine_ram_ctrl_1664
                     ZeroWireload          tcbn22ullbwp30p140tt0p9v25c
  combine_ram_ctrl_1663
                     ZeroWireload          tcbn22ullbwp30p140tt0p9v25c
  combine_ram_ctrl_1662
                     ZeroWireload          tcbn22ullbwp30p140tt0p9v25c
  combine_ram_ctrl_1661
                     ZeroWireload          tcbn22ullbwp30p140tt0p9v25c
  combine_ram_ctrl_1660
                     ZeroWireload          tcbn22ullbwp30p140tt0p9v25c
  combine_ram_ctrl_1659
                     ZeroWireload          tcbn22ullbwp30p140tt0p9v25c
  combine_ram_ctrl_1658
                     ZeroWireload          tcbn22ullbwp30p140tt0p9v25c
  combine_ram_ctrl_1657
                     ZeroWireload          tcbn22ullbwp30p140tt0p9v25c
  combine_ram_ctrl_1656
                     ZeroWireload          tcbn22ullbwp30p140tt0p9v25c
  combine_ram_ctrl_1655
                     ZeroWireload          tcbn22ullbwp30p140tt0p9v25c
  combine_ram_ctrl_1654
                     ZeroWireload          tcbn22ullbwp30p140tt0p9v25c
  combine_ram_ctrl_1653
                     ZeroWireload          tcbn22ullbwp30p140tt0p9v25c
  combine_ram_ctrl_1652
                     ZeroWireload          tcbn22ullbwp30p140tt0p9v25c
  combine_ram_ctrl_1651
                     ZeroWireload          tcbn22ullbwp30p140tt0p9v25c
  combine_ram_ctrl_1650
                     ZeroWireload          tcbn22ullbwp30p140tt0p9v25c
  combine_ram_ctrl_1649
                     ZeroWireload          tcbn22ullbwp30p140tt0p9v25c
  combine_ram_ctrl_1648
                     ZeroWireload          tcbn22ullbwp30p140tt0p9v25c
  combine_ram_ctrl_1647
                     ZeroWireload          tcbn22ullbwp30p140tt0p9v25c
  combine_ram_ctrl_1646
                     ZeroWireload          tcbn22ullbwp30p140tt0p9v25c
  combine_ram_ctrl_1645
                     ZeroWireload          tcbn22ullbwp30p140tt0p9v25c
  combine_ram_ctrl_1644
                     ZeroWireload          tcbn22ullbwp30p140tt0p9v25c
  combine_ram_ctrl_1643
                     ZeroWireload          tcbn22ullbwp30p140tt0p9v25c
  combine_ram_ctrl_1642
                     ZeroWireload          tcbn22ullbwp30p140tt0p9v25c
  combine_ram_ctrl_1641
                     ZeroWireload          tcbn22ullbwp30p140tt0p9v25c
  combine_ram_ctrl_1640
                     ZeroWireload          tcbn22ullbwp30p140tt0p9v25c
  combine_ram_ctrl_1639
                     ZeroWireload          tcbn22ullbwp30p140tt0p9v25c
  combine_ram_ctrl_1638
                     ZeroWireload          tcbn22ullbwp30p140tt0p9v25c
  combine_ram_ctrl_1637
                     ZeroWireload          tcbn22ullbwp30p140tt0p9v25c
  combine_ram_ctrl_1636
                     ZeroWireload          tcbn22ullbwp30p140tt0p9v25c
  combine_ram_ctrl_1635
                     ZeroWireload          tcbn22ullbwp30p140tt0p9v25c
  combine_ram_ctrl_1634
                     ZeroWireload          tcbn22ullbwp30p140tt0p9v25c
  combine_ram_ctrl_1633
                     ZeroWireload          tcbn22ullbwp30p140tt0p9v25c
  combine_ram_ctrl_1632
                     ZeroWireload          tcbn22ullbwp30p140tt0p9v25c
  combine_ram_ctrl_1631
                     ZeroWireload          tcbn22ullbwp30p140tt0p9v25c
  combine_ram_ctrl_1630
                     ZeroWireload          tcbn22ullbwp30p140tt0p9v25c
  combine_ram_ctrl_1629
                     ZeroWireload          tcbn22ullbwp30p140tt0p9v25c
  combine_ram_ctrl_1628
                     ZeroWireload          tcbn22ullbwp30p140tt0p9v25c
  combine_ram_ctrl_1627
                     ZeroWireload          tcbn22ullbwp30p140tt0p9v25c
  combine_ram_ctrl_1626
                     ZeroWireload          tcbn22ullbwp30p140tt0p9v25c
  combine_ram_ctrl_1625
                     ZeroWireload          tcbn22ullbwp30p140tt0p9v25c
  combine_ram_ctrl_1624
                     ZeroWireload          tcbn22ullbwp30p140tt0p9v25c
  combine_ram_ctrl_1623
                     ZeroWireload          tcbn22ullbwp30p140tt0p9v25c
  combine_ram_ctrl_1622
                     ZeroWireload          tcbn22ullbwp30p140tt0p9v25c
  combine_ram_ctrl_1621
                     ZeroWireload          tcbn22ullbwp30p140tt0p9v25c
  combine_ram_ctrl_1620
                     ZeroWireload          tcbn22ullbwp30p140tt0p9v25c
  combine_ram_ctrl_1619
                     ZeroWireload          tcbn22ullbwp30p140tt0p9v25c
  combine_ram_ctrl_1618
                     ZeroWireload          tcbn22ullbwp30p140tt0p9v25c
  combine_ram_ctrl_1617
                     ZeroWireload          tcbn22ullbwp30p140tt0p9v25c
  combine_ram_ctrl_1616
                     ZeroWireload          tcbn22ullbwp30p140tt0p9v25c
  combine_ram_ctrl_1615
                     ZeroWireload          tcbn22ullbwp30p140tt0p9v25c
  combine_ram_ctrl_1614
                     ZeroWireload          tcbn22ullbwp30p140tt0p9v25c
  combine_ram_ctrl_1613
                     ZeroWireload          tcbn22ullbwp30p140tt0p9v25c
  combine_ram_ctrl_1612
                     ZeroWireload          tcbn22ullbwp30p140tt0p9v25c
  combine_ram_ctrl_1611
                     ZeroWireload          tcbn22ullbwp30p140tt0p9v25c
  combine_ram_ctrl_1610
                     ZeroWireload          tcbn22ullbwp30p140tt0p9v25c
  combine_ram_ctrl_1609
                     ZeroWireload          tcbn22ullbwp30p140tt0p9v25c
  combine_ram_ctrl_1608
                     ZeroWireload          tcbn22ullbwp30p140tt0p9v25c
  combine_ram_ctrl_1607
                     ZeroWireload          tcbn22ullbwp30p140tt0p9v25c
  combine_ram_ctrl_1606
                     ZeroWireload          tcbn22ullbwp30p140tt0p9v25c
  combine_ram_ctrl_1605
                     ZeroWireload          tcbn22ullbwp30p140tt0p9v25c
  combine_ram_ctrl_1604
                     ZeroWireload          tcbn22ullbwp30p140tt0p9v25c
  combine_ram_ctrl_1603
                     ZeroWireload          tcbn22ullbwp30p140tt0p9v25c
  combine_ram_ctrl_1602
                     ZeroWireload          tcbn22ullbwp30p140tt0p9v25c
  combine_ram_ctrl_1601
                     ZeroWireload          tcbn22ullbwp30p140tt0p9v25c
  combine_ram_ctrl_1600
                     ZeroWireload          tcbn22ullbwp30p140tt0p9v25c
  combine_ram_ctrl_1599
                     ZeroWireload          tcbn22ullbwp30p140tt0p9v25c
  combine_ram_ctrl_1598
                     ZeroWireload          tcbn22ullbwp30p140tt0p9v25c
  combine_ram_ctrl_1597
                     ZeroWireload          tcbn22ullbwp30p140tt0p9v25c
  combine_ram_ctrl_1596
                     ZeroWireload          tcbn22ullbwp30p140tt0p9v25c
  combine_ram_ctrl_1595
                     ZeroWireload          tcbn22ullbwp30p140tt0p9v25c
  combine_ram_ctrl_1594
                     ZeroWireload          tcbn22ullbwp30p140tt0p9v25c
  combine_ram_ctrl_1593
                     ZeroWireload          tcbn22ullbwp30p140tt0p9v25c
  combine_ram_ctrl_1592
                     ZeroWireload          tcbn22ullbwp30p140tt0p9v25c
  combine_ram_ctrl_1591
                     ZeroWireload          tcbn22ullbwp30p140tt0p9v25c
  combine_ram_ctrl_1590
                     ZeroWireload          tcbn22ullbwp30p140tt0p9v25c
  combine_ram_ctrl_1589
                     ZeroWireload          tcbn22ullbwp30p140tt0p9v25c
  combine_ram_ctrl_1588
                     ZeroWireload          tcbn22ullbwp30p140tt0p9v25c
  combine_ram_ctrl_1587
                     ZeroWireload          tcbn22ullbwp30p140tt0p9v25c
  combine_ram_ctrl_1586
                     ZeroWireload          tcbn22ullbwp30p140tt0p9v25c
  combine_ram_ctrl_1585
                     ZeroWireload          tcbn22ullbwp30p140tt0p9v25c
  combine_ram_ctrl_1584
                     ZeroWireload          tcbn22ullbwp30p140tt0p9v25c
  combine_ram_ctrl_1583
                     ZeroWireload          tcbn22ullbwp30p140tt0p9v25c
  combine_ram_ctrl_1582
                     ZeroWireload          tcbn22ullbwp30p140tt0p9v25c
  combine_ram_ctrl_1581
                     ZeroWireload          tcbn22ullbwp30p140tt0p9v25c
  combine_ram_ctrl_1580
                     ZeroWireload          tcbn22ullbwp30p140tt0p9v25c
  combine_ram_ctrl_1579
                     ZeroWireload          tcbn22ullbwp30p140tt0p9v25c
  combine_ram_ctrl_1578
                     ZeroWireload          tcbn22ullbwp30p140tt0p9v25c
  combine_ram_ctrl_1577
                     ZeroWireload          tcbn22ullbwp30p140tt0p9v25c
  combine_ram_ctrl_1576
                     ZeroWireload          tcbn22ullbwp30p140tt0p9v25c
  combine_ram_ctrl_1575
                     ZeroWireload          tcbn22ullbwp30p140tt0p9v25c
  combine_ram_ctrl_1574
                     ZeroWireload          tcbn22ullbwp30p140tt0p9v25c
  combine_ram_ctrl_1573
                     ZeroWireload          tcbn22ullbwp30p140tt0p9v25c
  combine_ram_ctrl_1572
                     ZeroWireload          tcbn22ullbwp30p140tt0p9v25c
  combine_ram_ctrl_1571
                     ZeroWireload          tcbn22ullbwp30p140tt0p9v25c
  combine_ram_ctrl_1570
                     ZeroWireload          tcbn22ullbwp30p140tt0p9v25c
  combine_ram_ctrl_1569
                     ZeroWireload          tcbn22ullbwp30p140tt0p9v25c
  combine_ram_ctrl_1568
                     ZeroWireload          tcbn22ullbwp30p140tt0p9v25c
  combine_ram_ctrl_1567
                     ZeroWireload          tcbn22ullbwp30p140tt0p9v25c
  combine_ram_ctrl_1566
                     ZeroWireload          tcbn22ullbwp30p140tt0p9v25c
  combine_ram_ctrl_1565
                     ZeroWireload          tcbn22ullbwp30p140tt0p9v25c
  combine_ram_ctrl_1564
                     ZeroWireload          tcbn22ullbwp30p140tt0p9v25c
  combine_ram_ctrl_1563
                     ZeroWireload          tcbn22ullbwp30p140tt0p9v25c
  combine_ram_ctrl_1562
                     ZeroWireload          tcbn22ullbwp30p140tt0p9v25c
  combine_ram_ctrl_1561
                     ZeroWireload          tcbn22ullbwp30p140tt0p9v25c
  combine_ram_ctrl_1560
                     ZeroWireload          tcbn22ullbwp30p140tt0p9v25c
  combine_ram_ctrl_1559
                     ZeroWireload          tcbn22ullbwp30p140tt0p9v25c
  combine_ram_ctrl_1558
                     ZeroWireload          tcbn22ullbwp30p140tt0p9v25c
  combine_ram_ctrl_1557
                     ZeroWireload          tcbn22ullbwp30p140tt0p9v25c
  combine_ram_ctrl_1556
                     ZeroWireload          tcbn22ullbwp30p140tt0p9v25c
  combine_ram_ctrl_1555
                     ZeroWireload          tcbn22ullbwp30p140tt0p9v25c
  combine_ram_ctrl_1554
                     ZeroWireload          tcbn22ullbwp30p140tt0p9v25c
  combine_ram_ctrl_1553
                     ZeroWireload          tcbn22ullbwp30p140tt0p9v25c
  combine_ram_ctrl_1552
                     ZeroWireload          tcbn22ullbwp30p140tt0p9v25c
  combine_ram_ctrl_1551
                     ZeroWireload          tcbn22ullbwp30p140tt0p9v25c
  combine_ram_ctrl_1550
                     ZeroWireload          tcbn22ullbwp30p140tt0p9v25c
  combine_ram_ctrl_1549
                     ZeroWireload          tcbn22ullbwp30p140tt0p9v25c
  combine_ram_ctrl_1548
                     ZeroWireload          tcbn22ullbwp30p140tt0p9v25c
  combine_ram_ctrl_1547
                     ZeroWireload          tcbn22ullbwp30p140tt0p9v25c
  combine_ram_ctrl_1546
                     ZeroWireload          tcbn22ullbwp30p140tt0p9v25c
  combine_ram_ctrl_1545
                     ZeroWireload          tcbn22ullbwp30p140tt0p9v25c
  combine_ram_ctrl_1544
                     ZeroWireload          tcbn22ullbwp30p140tt0p9v25c
  combine_ram_ctrl_1543
                     ZeroWireload          tcbn22ullbwp30p140tt0p9v25c
  combine_ram_ctrl_1542
                     ZeroWireload          tcbn22ullbwp30p140tt0p9v25c
  combine_ram_ctrl_1541
                     ZeroWireload          tcbn22ullbwp30p140tt0p9v25c
  combine_ram_ctrl_1540
                     ZeroWireload          tcbn22ullbwp30p140tt0p9v25c
  combine_ram_ctrl_1539
                     ZeroWireload          tcbn22ullbwp30p140tt0p9v25c
  combine_ram_ctrl_1538
                     ZeroWireload          tcbn22ullbwp30p140tt0p9v25c
  combine_ram_ctrl_1537
                     ZeroWireload          tcbn22ullbwp30p140tt0p9v25c
  combine_ram_ctrl_1536
                     ZeroWireload          tcbn22ullbwp30p140tt0p9v25c
  combine_ram_ctrl_1535
                     ZeroWireload          tcbn22ullbwp30p140tt0p9v25c
  combine_ram_ctrl_1534
                     ZeroWireload          tcbn22ullbwp30p140tt0p9v25c
  combine_ram_ctrl_1533
                     ZeroWireload          tcbn22ullbwp30p140tt0p9v25c
  combine_ram_ctrl_1532
                     ZeroWireload          tcbn22ullbwp30p140tt0p9v25c
  combine_ram_ctrl_1531
                     ZeroWireload          tcbn22ullbwp30p140tt0p9v25c
  combine_ram_ctrl_1530
                     ZeroWireload          tcbn22ullbwp30p140tt0p9v25c
  combine_ram_ctrl_1529
                     ZeroWireload          tcbn22ullbwp30p140tt0p9v25c
  combine_ram_ctrl_1528
                     ZeroWireload          tcbn22ullbwp30p140tt0p9v25c
  combine_ram_ctrl_1527
                     ZeroWireload          tcbn22ullbwp30p140tt0p9v25c
  combine_ram_ctrl_1526
                     ZeroWireload          tcbn22ullbwp30p140tt0p9v25c
  combine_ram_ctrl_1525
                     ZeroWireload          tcbn22ullbwp30p140tt0p9v25c
  combine_ram_ctrl_1524
                     ZeroWireload          tcbn22ullbwp30p140tt0p9v25c
  combine_ram_ctrl_1523
                     ZeroWireload          tcbn22ullbwp30p140tt0p9v25c
  combine_ram_ctrl_1522
                     ZeroWireload          tcbn22ullbwp30p140tt0p9v25c
  combine_ram_ctrl_1521
                     ZeroWireload          tcbn22ullbwp30p140tt0p9v25c
  combine_ram_ctrl_1520
                     ZeroWireload          tcbn22ullbwp30p140tt0p9v25c
  combine_ram_ctrl_1519
                     ZeroWireload          tcbn22ullbwp30p140tt0p9v25c
  combine_ram_ctrl_1518
                     ZeroWireload          tcbn22ullbwp30p140tt0p9v25c
  combine_ram_ctrl_1517
                     ZeroWireload          tcbn22ullbwp30p140tt0p9v25c
  combine_ram_ctrl_1516
                     ZeroWireload          tcbn22ullbwp30p140tt0p9v25c
  combine_ram_ctrl_1515
                     ZeroWireload          tcbn22ullbwp30p140tt0p9v25c
  combine_ram_ctrl_1514
                     ZeroWireload          tcbn22ullbwp30p140tt0p9v25c
  combine_ram_ctrl_1513
                     ZeroWireload          tcbn22ullbwp30p140tt0p9v25c
  combine_ram_ctrl_1512
                     ZeroWireload          tcbn22ullbwp30p140tt0p9v25c
  combine_ram_ctrl_1511
                     ZeroWireload          tcbn22ullbwp30p140tt0p9v25c
  combine_ram_ctrl_1510
                     ZeroWireload          tcbn22ullbwp30p140tt0p9v25c
  combine_ram_ctrl_1509
                     ZeroWireload          tcbn22ullbwp30p140tt0p9v25c
  combine_ram_ctrl_1508
                     ZeroWireload          tcbn22ullbwp30p140tt0p9v25c
  combine_ram_ctrl_1507
                     ZeroWireload          tcbn22ullbwp30p140tt0p9v25c
  combine_ram_ctrl_1506
                     ZeroWireload          tcbn22ullbwp30p140tt0p9v25c
  combine_ram_ctrl_1505
                     ZeroWireload          tcbn22ullbwp30p140tt0p9v25c
  combine_ram_ctrl_1504
                     ZeroWireload          tcbn22ullbwp30p140tt0p9v25c
  combine_ram_ctrl_1503
                     ZeroWireload          tcbn22ullbwp30p140tt0p9v25c
  combine_ram_ctrl_1502
                     ZeroWireload          tcbn22ullbwp30p140tt0p9v25c
  combine_ram_ctrl_1501
                     ZeroWireload          tcbn22ullbwp30p140tt0p9v25c
  combine_ram_ctrl_1500
                     ZeroWireload          tcbn22ullbwp30p140tt0p9v25c
  combine_ram_ctrl_1499
                     ZeroWireload          tcbn22ullbwp30p140tt0p9v25c
  combine_ram_ctrl_1498
                     ZeroWireload          tcbn22ullbwp30p140tt0p9v25c
  combine_ram_ctrl_1497
                     ZeroWireload          tcbn22ullbwp30p140tt0p9v25c
  combine_ram_ctrl_1496
                     ZeroWireload          tcbn22ullbwp30p140tt0p9v25c
  combine_ram_ctrl_1495
                     ZeroWireload          tcbn22ullbwp30p140tt0p9v25c
  combine_ram_ctrl_1494
                     ZeroWireload          tcbn22ullbwp30p140tt0p9v25c
  combine_ram_ctrl_1493
                     ZeroWireload          tcbn22ullbwp30p140tt0p9v25c
  combine_ram_ctrl_1492
                     ZeroWireload          tcbn22ullbwp30p140tt0p9v25c
  combine_ram_ctrl_1491
                     ZeroWireload          tcbn22ullbwp30p140tt0p9v25c
  combine_ram_ctrl_1490
                     ZeroWireload          tcbn22ullbwp30p140tt0p9v25c
  combine_ram_ctrl_1489
                     ZeroWireload          tcbn22ullbwp30p140tt0p9v25c
  combine_ram_ctrl_1488
                     ZeroWireload          tcbn22ullbwp30p140tt0p9v25c
  combine_ram_ctrl_1487
                     ZeroWireload          tcbn22ullbwp30p140tt0p9v25c
  combine_ram_ctrl_1486
                     ZeroWireload          tcbn22ullbwp30p140tt0p9v25c
  combine_ram_ctrl_1485
                     ZeroWireload          tcbn22ullbwp30p140tt0p9v25c
  combine_ram_ctrl_1484
                     ZeroWireload          tcbn22ullbwp30p140tt0p9v25c
  combine_ram_ctrl_1483
                     ZeroWireload          tcbn22ullbwp30p140tt0p9v25c
  combine_ram_ctrl_1482
                     ZeroWireload          tcbn22ullbwp30p140tt0p9v25c
  combine_ram_ctrl_1481
                     ZeroWireload          tcbn22ullbwp30p140tt0p9v25c
  combine_ram_ctrl_1480
                     ZeroWireload          tcbn22ullbwp30p140tt0p9v25c
  combine_ram_ctrl_1479
                     ZeroWireload          tcbn22ullbwp30p140tt0p9v25c
  combine_ram_ctrl_1478
                     ZeroWireload          tcbn22ullbwp30p140tt0p9v25c
  combine_ram_ctrl_1477
                     ZeroWireload          tcbn22ullbwp30p140tt0p9v25c
  combine_ram_ctrl_1476
                     ZeroWireload          tcbn22ullbwp30p140tt0p9v25c
  combine_ram_ctrl_1475
                     ZeroWireload          tcbn22ullbwp30p140tt0p9v25c
  combine_ram_ctrl_1474
                     ZeroWireload          tcbn22ullbwp30p140tt0p9v25c
  combine_ram_ctrl_1473
                     ZeroWireload          tcbn22ullbwp30p140tt0p9v25c
  combine_ram_ctrl_1472
                     ZeroWireload          tcbn22ullbwp30p140tt0p9v25c
  combine_ram_ctrl_1471
                     ZeroWireload          tcbn22ullbwp30p140tt0p9v25c
  combine_ram_ctrl_1470
                     ZeroWireload          tcbn22ullbwp30p140tt0p9v25c
  combine_ram_ctrl_1469
                     ZeroWireload          tcbn22ullbwp30p140tt0p9v25c
  combine_ram_ctrl_1468
                     ZeroWireload          tcbn22ullbwp30p140tt0p9v25c
  combine_ram_ctrl_1467
                     ZeroWireload          tcbn22ullbwp30p140tt0p9v25c
  combine_ram_ctrl_1466
                     ZeroWireload          tcbn22ullbwp30p140tt0p9v25c
  combine_ram_ctrl_1465
                     ZeroWireload          tcbn22ullbwp30p140tt0p9v25c
  combine_ram_ctrl_1464
                     ZeroWireload          tcbn22ullbwp30p140tt0p9v25c
  combine_ram_ctrl_1463
                     ZeroWireload          tcbn22ullbwp30p140tt0p9v25c
  combine_ram_ctrl_1462
                     ZeroWireload          tcbn22ullbwp30p140tt0p9v25c
  combine_ram_ctrl_1461
                     ZeroWireload          tcbn22ullbwp30p140tt0p9v25c
  combine_ram_ctrl_1460
                     ZeroWireload          tcbn22ullbwp30p140tt0p9v25c
  combine_ram_ctrl_1459
                     ZeroWireload          tcbn22ullbwp30p140tt0p9v25c
  combine_ram_ctrl_1458
                     ZeroWireload          tcbn22ullbwp30p140tt0p9v25c
  combine_ram_ctrl_1457
                     ZeroWireload          tcbn22ullbwp30p140tt0p9v25c
  combine_ram_ctrl_1456
                     ZeroWireload          tcbn22ullbwp30p140tt0p9v25c
  combine_ram_ctrl_1455
                     ZeroWireload          tcbn22ullbwp30p140tt0p9v25c
  combine_ram_ctrl_1454
                     ZeroWireload          tcbn22ullbwp30p140tt0p9v25c
  combine_ram_ctrl_1453
                     ZeroWireload          tcbn22ullbwp30p140tt0p9v25c
  combine_ram_ctrl_1452
                     ZeroWireload          tcbn22ullbwp30p140tt0p9v25c
  combine_ram_ctrl_1451
                     ZeroWireload          tcbn22ullbwp30p140tt0p9v25c
  combine_ram_ctrl_1450
                     ZeroWireload          tcbn22ullbwp30p140tt0p9v25c
  combine_ram_ctrl_1449
                     ZeroWireload          tcbn22ullbwp30p140tt0p9v25c
  combine_ram_ctrl_1448
                     ZeroWireload          tcbn22ullbwp30p140tt0p9v25c
  combine_ram_ctrl_1447
                     ZeroWireload          tcbn22ullbwp30p140tt0p9v25c
  combine_ram_ctrl_1446
                     ZeroWireload          tcbn22ullbwp30p140tt0p9v25c
  combine_ram_ctrl_1445
                     ZeroWireload          tcbn22ullbwp30p140tt0p9v25c
  combine_ram_ctrl_1444
                     ZeroWireload          tcbn22ullbwp30p140tt0p9v25c
  combine_ram_ctrl_1443
                     ZeroWireload          tcbn22ullbwp30p140tt0p9v25c
  combine_ram_ctrl_1442
                     ZeroWireload          tcbn22ullbwp30p140tt0p9v25c
  combine_ram_ctrl_1441
                     ZeroWireload          tcbn22ullbwp30p140tt0p9v25c
  combine_ram_ctrl_1440
                     ZeroWireload          tcbn22ullbwp30p140tt0p9v25c
  combine_ram_ctrl_1439
                     ZeroWireload          tcbn22ullbwp30p140tt0p9v25c
  combine_ram_ctrl_1438
                     ZeroWireload          tcbn22ullbwp30p140tt0p9v25c
  combine_ram_ctrl_1437
                     ZeroWireload          tcbn22ullbwp30p140tt0p9v25c
  combine_ram_ctrl_1436
                     ZeroWireload          tcbn22ullbwp30p140tt0p9v25c
  combine_ram_ctrl_1435
                     ZeroWireload          tcbn22ullbwp30p140tt0p9v25c
  combine_ram_ctrl_1434
                     ZeroWireload          tcbn22ullbwp30p140tt0p9v25c
  combine_ram_ctrl_1433
                     ZeroWireload          tcbn22ullbwp30p140tt0p9v25c
  combine_ram_ctrl_1432
                     ZeroWireload          tcbn22ullbwp30p140tt0p9v25c
  combine_ram_ctrl_1431
                     ZeroWireload          tcbn22ullbwp30p140tt0p9v25c
  combine_ram_ctrl_1430
                     ZeroWireload          tcbn22ullbwp30p140tt0p9v25c
  combine_ram_ctrl_1429
                     ZeroWireload          tcbn22ullbwp30p140tt0p9v25c
  combine_ram_ctrl_1428
                     ZeroWireload          tcbn22ullbwp30p140tt0p9v25c
  combine_ram_ctrl_1427
                     ZeroWireload          tcbn22ullbwp30p140tt0p9v25c
  combine_ram_ctrl_1426
                     ZeroWireload          tcbn22ullbwp30p140tt0p9v25c
  combine_ram_ctrl_1425
                     ZeroWireload          tcbn22ullbwp30p140tt0p9v25c
  combine_ram_ctrl_1424
                     ZeroWireload          tcbn22ullbwp30p140tt0p9v25c
  combine_ram_ctrl_1423
                     ZeroWireload          tcbn22ullbwp30p140tt0p9v25c
  combine_ram_ctrl_1422
                     ZeroWireload          tcbn22ullbwp30p140tt0p9v25c
  combine_ram_ctrl_1421
                     ZeroWireload          tcbn22ullbwp30p140tt0p9v25c
  combine_ram_ctrl_1420
                     ZeroWireload          tcbn22ullbwp30p140tt0p9v25c
  combine_ram_ctrl_1419
                     ZeroWireload          tcbn22ullbwp30p140tt0p9v25c
  combine_ram_ctrl_1418
                     ZeroWireload          tcbn22ullbwp30p140tt0p9v25c
  combine_ram_ctrl_1417
                     ZeroWireload          tcbn22ullbwp30p140tt0p9v25c
  combine_ram_ctrl_1416
                     ZeroWireload          tcbn22ullbwp30p140tt0p9v25c
  combine_ram_ctrl_1415
                     ZeroWireload          tcbn22ullbwp30p140tt0p9v25c
  combine_ram_ctrl_1414
                     ZeroWireload          tcbn22ullbwp30p140tt0p9v25c
  combine_ram_ctrl_1413
                     ZeroWireload          tcbn22ullbwp30p140tt0p9v25c
  combine_ram_ctrl_1412
                     ZeroWireload          tcbn22ullbwp30p140tt0p9v25c
  combine_ram_ctrl_1411
                     ZeroWireload          tcbn22ullbwp30p140tt0p9v25c
  combine_ram_ctrl_1410
                     ZeroWireload          tcbn22ullbwp30p140tt0p9v25c
  combine_ram_ctrl_1409
                     ZeroWireload          tcbn22ullbwp30p140tt0p9v25c
  combine_ram_ctrl_1408
                     ZeroWireload          tcbn22ullbwp30p140tt0p9v25c
  combine_ram_ctrl_1407
                     ZeroWireload          tcbn22ullbwp30p140tt0p9v25c
  combine_ram_ctrl_1406
                     ZeroWireload          tcbn22ullbwp30p140tt0p9v25c
  combine_ram_ctrl_1405
                     ZeroWireload          tcbn22ullbwp30p140tt0p9v25c
  combine_ram_ctrl_1404
                     ZeroWireload          tcbn22ullbwp30p140tt0p9v25c
  combine_ram_ctrl_1403
                     ZeroWireload          tcbn22ullbwp30p140tt0p9v25c
  combine_ram_ctrl_1402
                     ZeroWireload          tcbn22ullbwp30p140tt0p9v25c
  combine_ram_ctrl_1401
                     ZeroWireload          tcbn22ullbwp30p140tt0p9v25c
  combine_ram_ctrl_1400
                     ZeroWireload          tcbn22ullbwp30p140tt0p9v25c
  combine_ram_ctrl_1399
                     ZeroWireload          tcbn22ullbwp30p140tt0p9v25c
  combine_ram_ctrl_1398
                     ZeroWireload          tcbn22ullbwp30p140tt0p9v25c
  combine_ram_ctrl_1397
                     ZeroWireload          tcbn22ullbwp30p140tt0p9v25c
  combine_ram_ctrl_1396
                     ZeroWireload          tcbn22ullbwp30p140tt0p9v25c
  combine_ram_ctrl_1395
                     ZeroWireload          tcbn22ullbwp30p140tt0p9v25c
  combine_ram_ctrl_1394
                     ZeroWireload          tcbn22ullbwp30p140tt0p9v25c
  combine_ram_ctrl_1393
                     ZeroWireload          tcbn22ullbwp30p140tt0p9v25c
  combine_ram_ctrl_1392
                     ZeroWireload          tcbn22ullbwp30p140tt0p9v25c
  combine_ram_ctrl_1391
                     ZeroWireload          tcbn22ullbwp30p140tt0p9v25c
  combine_ram_ctrl_1390
                     ZeroWireload          tcbn22ullbwp30p140tt0p9v25c
  combine_ram_ctrl_1389
                     ZeroWireload          tcbn22ullbwp30p140tt0p9v25c
  combine_ram_ctrl_1388
                     ZeroWireload          tcbn22ullbwp30p140tt0p9v25c
  combine_ram_ctrl_1387
                     ZeroWireload          tcbn22ullbwp30p140tt0p9v25c
  combine_ram_ctrl_1386
                     ZeroWireload          tcbn22ullbwp30p140tt0p9v25c
  combine_ram_ctrl_1385
                     ZeroWireload          tcbn22ullbwp30p140tt0p9v25c
  combine_ram_ctrl_1384
                     ZeroWireload          tcbn22ullbwp30p140tt0p9v25c
  combine_ram_ctrl_1383
                     ZeroWireload          tcbn22ullbwp30p140tt0p9v25c
  combine_ram_ctrl_1382
                     ZeroWireload          tcbn22ullbwp30p140tt0p9v25c
  combine_ram_ctrl_1381
                     ZeroWireload          tcbn22ullbwp30p140tt0p9v25c
  combine_ram_ctrl_1380
                     ZeroWireload          tcbn22ullbwp30p140tt0p9v25c
  combine_ram_ctrl_1379
                     ZeroWireload          tcbn22ullbwp30p140tt0p9v25c
  combine_ram_ctrl_1378
                     ZeroWireload          tcbn22ullbwp30p140tt0p9v25c
  combine_ram_ctrl_1377
                     ZeroWireload          tcbn22ullbwp30p140tt0p9v25c
  combine_ram_ctrl_1376
                     ZeroWireload          tcbn22ullbwp30p140tt0p9v25c
  combine_ram_ctrl_1375
                     ZeroWireload          tcbn22ullbwp30p140tt0p9v25c
  combine_ram_ctrl_1374
                     ZeroWireload          tcbn22ullbwp30p140tt0p9v25c
  combine_ram_ctrl_1373
                     ZeroWireload          tcbn22ullbwp30p140tt0p9v25c
  combine_ram_ctrl_1372
                     ZeroWireload          tcbn22ullbwp30p140tt0p9v25c
  combine_ram_ctrl_1371
                     ZeroWireload          tcbn22ullbwp30p140tt0p9v25c
  combine_ram_ctrl_1370
                     ZeroWireload          tcbn22ullbwp30p140tt0p9v25c
  combine_ram_ctrl_1369
                     ZeroWireload          tcbn22ullbwp30p140tt0p9v25c
  combine_ram_ctrl_1368
                     ZeroWireload          tcbn22ullbwp30p140tt0p9v25c
  combine_ram_ctrl_1367
                     ZeroWireload          tcbn22ullbwp30p140tt0p9v25c
  combine_ram_ctrl_1366
                     ZeroWireload          tcbn22ullbwp30p140tt0p9v25c
  combine_ram_ctrl_1365
                     ZeroWireload          tcbn22ullbwp30p140tt0p9v25c
  combine_ram_ctrl_1364
                     ZeroWireload          tcbn22ullbwp30p140tt0p9v25c
  combine_ram_ctrl_1363
                     ZeroWireload          tcbn22ullbwp30p140tt0p9v25c
  combine_ram_ctrl_1362
                     ZeroWireload          tcbn22ullbwp30p140tt0p9v25c
  combine_ram_ctrl_1361
                     ZeroWireload          tcbn22ullbwp30p140tt0p9v25c
  combine_ram_ctrl_1360
                     ZeroWireload          tcbn22ullbwp30p140tt0p9v25c
  combine_ram_ctrl_1359
                     ZeroWireload          tcbn22ullbwp30p140tt0p9v25c
  combine_ram_ctrl_1358
                     ZeroWireload          tcbn22ullbwp30p140tt0p9v25c
  combine_ram_ctrl_1357
                     ZeroWireload          tcbn22ullbwp30p140tt0p9v25c
  combine_ram_ctrl_1356
                     ZeroWireload          tcbn22ullbwp30p140tt0p9v25c
  combine_ram_ctrl_1355
                     ZeroWireload          tcbn22ullbwp30p140tt0p9v25c
  combine_ram_ctrl_1354
                     ZeroWireload          tcbn22ullbwp30p140tt0p9v25c
  combine_ram_ctrl_1353
                     ZeroWireload          tcbn22ullbwp30p140tt0p9v25c
  combine_ram_ctrl_1352
                     ZeroWireload          tcbn22ullbwp30p140tt0p9v25c
  combine_ram_ctrl_1351
                     ZeroWireload          tcbn22ullbwp30p140tt0p9v25c
  combine_ram_ctrl_1350
                     ZeroWireload          tcbn22ullbwp30p140tt0p9v25c
  combine_ram_ctrl_1349
                     ZeroWireload          tcbn22ullbwp30p140tt0p9v25c
  combine_ram_ctrl_1348
                     ZeroWireload          tcbn22ullbwp30p140tt0p9v25c
  combine_ram_ctrl_1347
                     ZeroWireload          tcbn22ullbwp30p140tt0p9v25c
  combine_ram_ctrl_1346
                     ZeroWireload          tcbn22ullbwp30p140tt0p9v25c
  combine_ram_ctrl_1345
                     ZeroWireload          tcbn22ullbwp30p140tt0p9v25c
  combine_ram_ctrl_1344
                     ZeroWireload          tcbn22ullbwp30p140tt0p9v25c
  combine_ram_ctrl_1343
                     ZeroWireload          tcbn22ullbwp30p140tt0p9v25c
  combine_ram_ctrl_1342
                     ZeroWireload          tcbn22ullbwp30p140tt0p9v25c
  combine_ram_ctrl_1341
                     ZeroWireload          tcbn22ullbwp30p140tt0p9v25c
  combine_ram_ctrl_1340
                     ZeroWireload          tcbn22ullbwp30p140tt0p9v25c
  combine_ram_ctrl_1339
                     ZeroWireload          tcbn22ullbwp30p140tt0p9v25c
  combine_ram_ctrl_1338
                     ZeroWireload          tcbn22ullbwp30p140tt0p9v25c
  combine_ram_ctrl_1337
                     ZeroWireload          tcbn22ullbwp30p140tt0p9v25c
  combine_ram_ctrl_1336
                     ZeroWireload          tcbn22ullbwp30p140tt0p9v25c
  combine_ram_ctrl_1335
                     ZeroWireload          tcbn22ullbwp30p140tt0p9v25c
  combine_ram_ctrl_1334
                     ZeroWireload          tcbn22ullbwp30p140tt0p9v25c
  combine_ram_ctrl_1333
                     ZeroWireload          tcbn22ullbwp30p140tt0p9v25c
  combine_ram_ctrl_1332
                     ZeroWireload          tcbn22ullbwp30p140tt0p9v25c
  combine_ram_ctrl_1331
                     ZeroWireload          tcbn22ullbwp30p140tt0p9v25c
  combine_ram_ctrl_1330
                     ZeroWireload          tcbn22ullbwp30p140tt0p9v25c
  combine_ram_ctrl_1329
                     ZeroWireload          tcbn22ullbwp30p140tt0p9v25c
  combine_ram_ctrl_1328
                     ZeroWireload          tcbn22ullbwp30p140tt0p9v25c
  combine_ram_ctrl_1327
                     ZeroWireload          tcbn22ullbwp30p140tt0p9v25c
  combine_ram_ctrl_1326
                     ZeroWireload          tcbn22ullbwp30p140tt0p9v25c
  combine_ram_ctrl_1325
                     ZeroWireload          tcbn22ullbwp30p140tt0p9v25c
  combine_ram_ctrl_1324
                     ZeroWireload          tcbn22ullbwp30p140tt0p9v25c
  combine_ram_ctrl_1323
                     ZeroWireload          tcbn22ullbwp30p140tt0p9v25c
  combine_ram_ctrl_1322
                     ZeroWireload          tcbn22ullbwp30p140tt0p9v25c
  combine_ram_ctrl_1321
                     ZeroWireload          tcbn22ullbwp30p140tt0p9v25c
  combine_ram_ctrl_1320
                     ZeroWireload          tcbn22ullbwp30p140tt0p9v25c
  combine_ram_ctrl_1319
                     ZeroWireload          tcbn22ullbwp30p140tt0p9v25c
  combine_ram_ctrl_1318
                     ZeroWireload          tcbn22ullbwp30p140tt0p9v25c
  combine_ram_ctrl_1317
                     ZeroWireload          tcbn22ullbwp30p140tt0p9v25c
  combine_ram_ctrl_1316
                     ZeroWireload          tcbn22ullbwp30p140tt0p9v25c
  combine_ram_ctrl_1315
                     ZeroWireload          tcbn22ullbwp30p140tt0p9v25c
  combine_ram_ctrl_1314
                     ZeroWireload          tcbn22ullbwp30p140tt0p9v25c
  combine_ram_ctrl_1313
                     ZeroWireload          tcbn22ullbwp30p140tt0p9v25c
  combine_ram_ctrl_1312
                     ZeroWireload          tcbn22ullbwp30p140tt0p9v25c
  combine_ram_ctrl_1311
                     ZeroWireload          tcbn22ullbwp30p140tt0p9v25c
  combine_ram_ctrl_1310
                     ZeroWireload          tcbn22ullbwp30p140tt0p9v25c
  combine_ram_ctrl_1309
                     ZeroWireload          tcbn22ullbwp30p140tt0p9v25c
  combine_ram_ctrl_1308
                     ZeroWireload          tcbn22ullbwp30p140tt0p9v25c
  combine_ram_ctrl_1307
                     ZeroWireload          tcbn22ullbwp30p140tt0p9v25c
  combine_ram_ctrl_1306
                     ZeroWireload          tcbn22ullbwp30p140tt0p9v25c
  combine_ram_ctrl_1305
                     ZeroWireload          tcbn22ullbwp30p140tt0p9v25c
  combine_ram_ctrl_1304
                     ZeroWireload          tcbn22ullbwp30p140tt0p9v25c
  combine_ram_ctrl_1303
                     ZeroWireload          tcbn22ullbwp30p140tt0p9v25c
  combine_ram_ctrl_1302
                     ZeroWireload          tcbn22ullbwp30p140tt0p9v25c
  combine_ram_ctrl_1301
                     ZeroWireload          tcbn22ullbwp30p140tt0p9v25c
  combine_ram_ctrl_1300
                     ZeroWireload          tcbn22ullbwp30p140tt0p9v25c
  combine_ram_ctrl_1299
                     ZeroWireload          tcbn22ullbwp30p140tt0p9v25c
  combine_ram_ctrl_1298
                     ZeroWireload          tcbn22ullbwp30p140tt0p9v25c
  combine_ram_ctrl_1297
                     ZeroWireload          tcbn22ullbwp30p140tt0p9v25c
  combine_ram_ctrl_1296
                     ZeroWireload          tcbn22ullbwp30p140tt0p9v25c
  combine_ram_ctrl_1295
                     ZeroWireload          tcbn22ullbwp30p140tt0p9v25c
  combine_ram_ctrl_1294
                     ZeroWireload          tcbn22ullbwp30p140tt0p9v25c
  combine_ram_ctrl_1293
                     ZeroWireload          tcbn22ullbwp30p140tt0p9v25c
  combine_ram_ctrl_1292
                     ZeroWireload          tcbn22ullbwp30p140tt0p9v25c
  combine_ram_ctrl_1291
                     ZeroWireload          tcbn22ullbwp30p140tt0p9v25c
  combine_ram_ctrl_1290
                     ZeroWireload          tcbn22ullbwp30p140tt0p9v25c
  combine_ram_ctrl_1289
                     ZeroWireload          tcbn22ullbwp30p140tt0p9v25c
  combine_ram_ctrl_1288
                     ZeroWireload          tcbn22ullbwp30p140tt0p9v25c
  combine_ram_ctrl_1287
                     ZeroWireload          tcbn22ullbwp30p140tt0p9v25c
  combine_ram_ctrl_1286
                     ZeroWireload          tcbn22ullbwp30p140tt0p9v25c
  combine_ram_ctrl_1285
                     ZeroWireload          tcbn22ullbwp30p140tt0p9v25c
  combine_ram_ctrl_1284
                     ZeroWireload          tcbn22ullbwp30p140tt0p9v25c
  combine_ram_ctrl_1283
                     ZeroWireload          tcbn22ullbwp30p140tt0p9v25c
  combine_ram_ctrl_1282
                     ZeroWireload          tcbn22ullbwp30p140tt0p9v25c
  combine_ram_ctrl_1281
                     ZeroWireload          tcbn22ullbwp30p140tt0p9v25c
  combine_ram_ctrl_1280
                     ZeroWireload          tcbn22ullbwp30p140tt0p9v25c
  combine_ram_ctrl_1279
                     ZeroWireload          tcbn22ullbwp30p140tt0p9v25c
  combine_ram_ctrl_1278
                     ZeroWireload          tcbn22ullbwp30p140tt0p9v25c
  combine_ram_ctrl_1277
                     ZeroWireload          tcbn22ullbwp30p140tt0p9v25c
  combine_ram_ctrl_1276
                     ZeroWireload          tcbn22ullbwp30p140tt0p9v25c
  combine_ram_ctrl_1275
                     ZeroWireload          tcbn22ullbwp30p140tt0p9v25c
  combine_ram_ctrl_1274
                     ZeroWireload          tcbn22ullbwp30p140tt0p9v25c
  combine_ram_ctrl_1273
                     ZeroWireload          tcbn22ullbwp30p140tt0p9v25c
  combine_ram_ctrl_1272
                     ZeroWireload          tcbn22ullbwp30p140tt0p9v25c
  combine_ram_ctrl_1271
                     ZeroWireload          tcbn22ullbwp30p140tt0p9v25c
  combine_ram_ctrl_1270
                     ZeroWireload          tcbn22ullbwp30p140tt0p9v25c
  combine_ram_ctrl_1269
                     ZeroWireload          tcbn22ullbwp30p140tt0p9v25c
  combine_ram_ctrl_1268
                     ZeroWireload          tcbn22ullbwp30p140tt0p9v25c
  combine_ram_ctrl_1267
                     ZeroWireload          tcbn22ullbwp30p140tt0p9v25c
  combine_ram_ctrl_1266
                     ZeroWireload          tcbn22ullbwp30p140tt0p9v25c
  combine_ram_ctrl_1265
                     ZeroWireload          tcbn22ullbwp30p140tt0p9v25c
  combine_ram_ctrl_1264
                     ZeroWireload          tcbn22ullbwp30p140tt0p9v25c
  combine_ram_ctrl_1263
                     ZeroWireload          tcbn22ullbwp30p140tt0p9v25c
  combine_ram_ctrl_1262
                     ZeroWireload          tcbn22ullbwp30p140tt0p9v25c
  combine_ram_ctrl_1261
                     ZeroWireload          tcbn22ullbwp30p140tt0p9v25c
  combine_ram_ctrl_1260
                     ZeroWireload          tcbn22ullbwp30p140tt0p9v25c
  combine_ram_ctrl_1259
                     ZeroWireload          tcbn22ullbwp30p140tt0p9v25c
  combine_ram_ctrl_1258
                     ZeroWireload          tcbn22ullbwp30p140tt0p9v25c
  combine_ram_ctrl_1257
                     ZeroWireload          tcbn22ullbwp30p140tt0p9v25c
  combine_ram_ctrl_1256
                     ZeroWireload          tcbn22ullbwp30p140tt0p9v25c
  combine_ram_ctrl_1255
                     ZeroWireload          tcbn22ullbwp30p140tt0p9v25c
  combine_ram_ctrl_1254
                     ZeroWireload          tcbn22ullbwp30p140tt0p9v25c
  combine_ram_ctrl_1253
                     ZeroWireload          tcbn22ullbwp30p140tt0p9v25c
  combine_ram_ctrl_1252
                     ZeroWireload          tcbn22ullbwp30p140tt0p9v25c
  combine_ram_ctrl_1251
                     ZeroWireload          tcbn22ullbwp30p140tt0p9v25c
  combine_ram_ctrl_1250
                     ZeroWireload          tcbn22ullbwp30p140tt0p9v25c
  combine_ram_ctrl_1249
                     ZeroWireload          tcbn22ullbwp30p140tt0p9v25c
  combine_ram_ctrl_1248
                     ZeroWireload          tcbn22ullbwp30p140tt0p9v25c
  combine_ram_ctrl_1247
                     ZeroWireload          tcbn22ullbwp30p140tt0p9v25c
  combine_ram_ctrl_1246
                     ZeroWireload          tcbn22ullbwp30p140tt0p9v25c
  combine_ram_ctrl_1245
                     ZeroWireload          tcbn22ullbwp30p140tt0p9v25c
  combine_ram_ctrl_1244
                     ZeroWireload          tcbn22ullbwp30p140tt0p9v25c
  combine_ram_ctrl_1243
                     ZeroWireload          tcbn22ullbwp30p140tt0p9v25c
  combine_ram_ctrl_1242
                     ZeroWireload          tcbn22ullbwp30p140tt0p9v25c
  combine_ram_ctrl_1241
                     ZeroWireload          tcbn22ullbwp30p140tt0p9v25c
  combine_ram_ctrl_1240
                     ZeroWireload          tcbn22ullbwp30p140tt0p9v25c
  combine_ram_ctrl_1239
                     ZeroWireload          tcbn22ullbwp30p140tt0p9v25c
  combine_ram_ctrl_1238
                     ZeroWireload          tcbn22ullbwp30p140tt0p9v25c
  combine_ram_ctrl_1237
                     ZeroWireload          tcbn22ullbwp30p140tt0p9v25c
  combine_ram_ctrl_1236
                     ZeroWireload          tcbn22ullbwp30p140tt0p9v25c
  combine_ram_ctrl_1235
                     ZeroWireload          tcbn22ullbwp30p140tt0p9v25c
  combine_ram_ctrl_1234
                     ZeroWireload          tcbn22ullbwp30p140tt0p9v25c
  combine_ram_ctrl_1233
                     ZeroWireload          tcbn22ullbwp30p140tt0p9v25c
  combine_ram_ctrl_1232
                     ZeroWireload          tcbn22ullbwp30p140tt0p9v25c
  combine_ram_ctrl_1231
                     ZeroWireload          tcbn22ullbwp30p140tt0p9v25c
  combine_ram_ctrl_1230
                     ZeroWireload          tcbn22ullbwp30p140tt0p9v25c
  combine_ram_ctrl_1229
                     ZeroWireload          tcbn22ullbwp30p140tt0p9v25c
  combine_ram_ctrl_1228
                     ZeroWireload          tcbn22ullbwp30p140tt0p9v25c
  combine_ram_ctrl_1227
                     ZeroWireload          tcbn22ullbwp30p140tt0p9v25c
  combine_ram_ctrl_1226
                     ZeroWireload          tcbn22ullbwp30p140tt0p9v25c
  combine_ram_ctrl_1225
                     ZeroWireload          tcbn22ullbwp30p140tt0p9v25c
  combine_ram_ctrl_1224
                     ZeroWireload          tcbn22ullbwp30p140tt0p9v25c
  combine_ram_ctrl_1223
                     ZeroWireload          tcbn22ullbwp30p140tt0p9v25c
  combine_ram_ctrl_1222
                     ZeroWireload          tcbn22ullbwp30p140tt0p9v25c
  combine_ram_ctrl_1221
                     ZeroWireload          tcbn22ullbwp30p140tt0p9v25c
  combine_ram_ctrl_1220
                     ZeroWireload          tcbn22ullbwp30p140tt0p9v25c
  combine_ram_ctrl_1219
                     ZeroWireload          tcbn22ullbwp30p140tt0p9v25c
  combine_ram_ctrl_1218
                     ZeroWireload          tcbn22ullbwp30p140tt0p9v25c
  combine_ram_ctrl_1217
                     ZeroWireload          tcbn22ullbwp30p140tt0p9v25c
  combine_ram_ctrl_1216
                     ZeroWireload          tcbn22ullbwp30p140tt0p9v25c
  combine_ram_ctrl_1215
                     ZeroWireload          tcbn22ullbwp30p140tt0p9v25c
  combine_ram_ctrl_1214
                     ZeroWireload          tcbn22ullbwp30p140tt0p9v25c
  combine_ram_ctrl_1213
                     ZeroWireload          tcbn22ullbwp30p140tt0p9v25c
  combine_ram_ctrl_1212
                     ZeroWireload          tcbn22ullbwp30p140tt0p9v25c
  combine_ram_ctrl_1211
                     ZeroWireload          tcbn22ullbwp30p140tt0p9v25c
  combine_ram_ctrl_1210
                     ZeroWireload          tcbn22ullbwp30p140tt0p9v25c
  combine_ram_ctrl_1209
                     ZeroWireload          tcbn22ullbwp30p140tt0p9v25c
  combine_ram_ctrl_1208
                     ZeroWireload          tcbn22ullbwp30p140tt0p9v25c
  combine_ram_ctrl_1207
                     ZeroWireload          tcbn22ullbwp30p140tt0p9v25c
  combine_ram_ctrl_1206
                     ZeroWireload          tcbn22ullbwp30p140tt0p9v25c
  combine_ram_ctrl_1205
                     ZeroWireload          tcbn22ullbwp30p140tt0p9v25c
  combine_ram_ctrl_1204
                     ZeroWireload          tcbn22ullbwp30p140tt0p9v25c
  combine_ram_ctrl_1203
                     ZeroWireload          tcbn22ullbwp30p140tt0p9v25c
  combine_ram_ctrl_1202
                     ZeroWireload          tcbn22ullbwp30p140tt0p9v25c
  combine_ram_ctrl_1201
                     ZeroWireload          tcbn22ullbwp30p140tt0p9v25c
  combine_ram_ctrl_1200
                     ZeroWireload          tcbn22ullbwp30p140tt0p9v25c
  combine_ram_ctrl_1199
                     ZeroWireload          tcbn22ullbwp30p140tt0p9v25c
  combine_ram_ctrl_1198
                     ZeroWireload          tcbn22ullbwp30p140tt0p9v25c
  combine_ram_ctrl_1197
                     ZeroWireload          tcbn22ullbwp30p140tt0p9v25c
  combine_ram_ctrl_1196
                     ZeroWireload          tcbn22ullbwp30p140tt0p9v25c
  combine_ram_ctrl_1195
                     ZeroWireload          tcbn22ullbwp30p140tt0p9v25c
  combine_ram_ctrl_1194
                     ZeroWireload          tcbn22ullbwp30p140tt0p9v25c
  combine_ram_ctrl_1193
                     ZeroWireload          tcbn22ullbwp30p140tt0p9v25c
  combine_ram_ctrl_1192
                     ZeroWireload          tcbn22ullbwp30p140tt0p9v25c
  combine_ram_ctrl_1191
                     ZeroWireload          tcbn22ullbwp30p140tt0p9v25c
  combine_ram_ctrl_1190
                     ZeroWireload          tcbn22ullbwp30p140tt0p9v25c
  combine_ram_ctrl_1189
                     ZeroWireload          tcbn22ullbwp30p140tt0p9v25c
  combine_ram_ctrl_1188
                     ZeroWireload          tcbn22ullbwp30p140tt0p9v25c
  combine_ram_ctrl_1187
                     ZeroWireload          tcbn22ullbwp30p140tt0p9v25c
  combine_ram_ctrl_1186
                     ZeroWireload          tcbn22ullbwp30p140tt0p9v25c
  combine_ram_ctrl_1185
                     ZeroWireload          tcbn22ullbwp30p140tt0p9v25c
  combine_ram_ctrl_1184
                     ZeroWireload          tcbn22ullbwp30p140tt0p9v25c
  combine_ram_ctrl_1183
                     ZeroWireload          tcbn22ullbwp30p140tt0p9v25c
  combine_ram_ctrl_1182
                     ZeroWireload          tcbn22ullbwp30p140tt0p9v25c
  combine_ram_ctrl_1181
                     ZeroWireload          tcbn22ullbwp30p140tt0p9v25c
  combine_ram_ctrl_1180
                     ZeroWireload          tcbn22ullbwp30p140tt0p9v25c
  combine_ram_ctrl_1179
                     ZeroWireload          tcbn22ullbwp30p140tt0p9v25c
  combine_ram_ctrl_1178
                     ZeroWireload          tcbn22ullbwp30p140tt0p9v25c
  combine_ram_ctrl_1177
                     ZeroWireload          tcbn22ullbwp30p140tt0p9v25c
  combine_ram_ctrl_1176
                     ZeroWireload          tcbn22ullbwp30p140tt0p9v25c
  combine_ram_ctrl_1175
                     ZeroWireload          tcbn22ullbwp30p140tt0p9v25c
  combine_ram_ctrl_1174
                     ZeroWireload          tcbn22ullbwp30p140tt0p9v25c
  combine_ram_ctrl_1173
                     ZeroWireload          tcbn22ullbwp30p140tt0p9v25c
  combine_ram_ctrl_1172
                     ZeroWireload          tcbn22ullbwp30p140tt0p9v25c
  combine_ram_ctrl_1171
                     ZeroWireload          tcbn22ullbwp30p140tt0p9v25c
  combine_ram_ctrl_1170
                     ZeroWireload          tcbn22ullbwp30p140tt0p9v25c
  combine_ram_ctrl_1169
                     ZeroWireload          tcbn22ullbwp30p140tt0p9v25c
  combine_ram_ctrl_1168
                     ZeroWireload          tcbn22ullbwp30p140tt0p9v25c
  combine_ram_ctrl_1167
                     ZeroWireload          tcbn22ullbwp30p140tt0p9v25c
  combine_ram_ctrl_1166
                     ZeroWireload          tcbn22ullbwp30p140tt0p9v25c
  combine_ram_ctrl_1165
                     ZeroWireload          tcbn22ullbwp30p140tt0p9v25c
  combine_ram_ctrl_1164
                     ZeroWireload          tcbn22ullbwp30p140tt0p9v25c
  combine_ram_ctrl_1163
                     ZeroWireload          tcbn22ullbwp30p140tt0p9v25c
  combine_ram_ctrl_1162
                     ZeroWireload          tcbn22ullbwp30p140tt0p9v25c
  combine_ram_ctrl_1161
                     ZeroWireload          tcbn22ullbwp30p140tt0p9v25c
  combine_ram_ctrl_1160
                     ZeroWireload          tcbn22ullbwp30p140tt0p9v25c
  combine_ram_ctrl_1159
                     ZeroWireload          tcbn22ullbwp30p140tt0p9v25c
  combine_ram_ctrl_1158
                     ZeroWireload          tcbn22ullbwp30p140tt0p9v25c
  combine_ram_ctrl_1157
                     ZeroWireload          tcbn22ullbwp30p140tt0p9v25c
  combine_ram_ctrl_1156
                     ZeroWireload          tcbn22ullbwp30p140tt0p9v25c
  combine_ram_ctrl_1155
                     ZeroWireload          tcbn22ullbwp30p140tt0p9v25c
  combine_ram_ctrl_1154
                     ZeroWireload          tcbn22ullbwp30p140tt0p9v25c
  combine_ram_ctrl_1153
                     ZeroWireload          tcbn22ullbwp30p140tt0p9v25c
  combine_ram_ctrl_1152
                     ZeroWireload          tcbn22ullbwp30p140tt0p9v25c
  combine_ram_ctrl_1151
                     ZeroWireload          tcbn22ullbwp30p140tt0p9v25c
  combine_ram_ctrl_1150
                     ZeroWireload          tcbn22ullbwp30p140tt0p9v25c
  combine_ram_ctrl_1149
                     ZeroWireload          tcbn22ullbwp30p140tt0p9v25c
  combine_ram_ctrl_1148
                     ZeroWireload          tcbn22ullbwp30p140tt0p9v25c
  combine_ram_ctrl_1147
                     ZeroWireload          tcbn22ullbwp30p140tt0p9v25c
  combine_ram_ctrl_1146
                     ZeroWireload          tcbn22ullbwp30p140tt0p9v25c
  combine_ram_ctrl_1145
                     ZeroWireload          tcbn22ullbwp30p140tt0p9v25c
  combine_ram_ctrl_1144
                     ZeroWireload          tcbn22ullbwp30p140tt0p9v25c
  combine_ram_ctrl_1143
                     ZeroWireload          tcbn22ullbwp30p140tt0p9v25c
  combine_ram_ctrl_1142
                     ZeroWireload          tcbn22ullbwp30p140tt0p9v25c
  combine_ram_ctrl_1141
                     ZeroWireload          tcbn22ullbwp30p140tt0p9v25c
  combine_ram_ctrl_1140
                     ZeroWireload          tcbn22ullbwp30p140tt0p9v25c
  combine_ram_ctrl_1139
                     ZeroWireload          tcbn22ullbwp30p140tt0p9v25c
  combine_ram_ctrl_1138
                     ZeroWireload          tcbn22ullbwp30p140tt0p9v25c
  combine_ram_ctrl_1137
                     ZeroWireload          tcbn22ullbwp30p140tt0p9v25c
  combine_ram_ctrl_1136
                     ZeroWireload          tcbn22ullbwp30p140tt0p9v25c
  combine_ram_ctrl_1135
                     ZeroWireload          tcbn22ullbwp30p140tt0p9v25c
  combine_ram_ctrl_1134
                     ZeroWireload          tcbn22ullbwp30p140tt0p9v25c
  combine_ram_ctrl_1133
                     ZeroWireload          tcbn22ullbwp30p140tt0p9v25c
  combine_ram_ctrl_1132
                     ZeroWireload          tcbn22ullbwp30p140tt0p9v25c
  combine_ram_ctrl_1131
                     ZeroWireload          tcbn22ullbwp30p140tt0p9v25c
  combine_ram_ctrl_1130
                     ZeroWireload          tcbn22ullbwp30p140tt0p9v25c
  combine_ram_ctrl_1129
                     ZeroWireload          tcbn22ullbwp30p140tt0p9v25c
  combine_ram_ctrl_1128
                     ZeroWireload          tcbn22ullbwp30p140tt0p9v25c
  combine_ram_ctrl_1127
                     ZeroWireload          tcbn22ullbwp30p140tt0p9v25c
  combine_ram_ctrl_1126
                     ZeroWireload          tcbn22ullbwp30p140tt0p9v25c
  combine_ram_ctrl_1125
                     ZeroWireload          tcbn22ullbwp30p140tt0p9v25c
  combine_ram_ctrl_1124
                     ZeroWireload          tcbn22ullbwp30p140tt0p9v25c
  combine_ram_ctrl_1123
                     ZeroWireload          tcbn22ullbwp30p140tt0p9v25c
  combine_ram_ctrl_1122
                     ZeroWireload          tcbn22ullbwp30p140tt0p9v25c
  combine_ram_ctrl_1121
                     ZeroWireload          tcbn22ullbwp30p140tt0p9v25c
  combine_ram_ctrl_1120
                     ZeroWireload          tcbn22ullbwp30p140tt0p9v25c
  combine_ram_ctrl_1119
                     ZeroWireload          tcbn22ullbwp30p140tt0p9v25c
  combine_ram_ctrl_1118
                     ZeroWireload          tcbn22ullbwp30p140tt0p9v25c
  combine_ram_ctrl_1117
                     ZeroWireload          tcbn22ullbwp30p140tt0p9v25c
  combine_ram_ctrl_1116
                     ZeroWireload          tcbn22ullbwp30p140tt0p9v25c
  combine_ram_ctrl_1115
                     ZeroWireload          tcbn22ullbwp30p140tt0p9v25c
  combine_ram_ctrl_1114
                     ZeroWireload          tcbn22ullbwp30p140tt0p9v25c
  combine_ram_ctrl_1113
                     ZeroWireload          tcbn22ullbwp30p140tt0p9v25c
  combine_ram_ctrl_1112
                     ZeroWireload          tcbn22ullbwp30p140tt0p9v25c
  combine_ram_ctrl_1111
                     ZeroWireload          tcbn22ullbwp30p140tt0p9v25c
  combine_ram_ctrl_1110
                     ZeroWireload          tcbn22ullbwp30p140tt0p9v25c
  combine_ram_ctrl_1109
                     ZeroWireload          tcbn22ullbwp30p140tt0p9v25c
  combine_ram_ctrl_1108
                     ZeroWireload          tcbn22ullbwp30p140tt0p9v25c
  combine_ram_ctrl_1107
                     ZeroWireload          tcbn22ullbwp30p140tt0p9v25c
  combine_ram_ctrl_1106
                     ZeroWireload          tcbn22ullbwp30p140tt0p9v25c
  combine_ram_ctrl_1105
                     ZeroWireload          tcbn22ullbwp30p140tt0p9v25c
  combine_ram_ctrl_1104
                     ZeroWireload          tcbn22ullbwp30p140tt0p9v25c
  combine_ram_ctrl_1103
                     ZeroWireload          tcbn22ullbwp30p140tt0p9v25c
  combine_ram_ctrl_1102
                     ZeroWireload          tcbn22ullbwp30p140tt0p9v25c
  combine_ram_ctrl_1101
                     ZeroWireload          tcbn22ullbwp30p140tt0p9v25c
  combine_ram_ctrl_1100
                     ZeroWireload          tcbn22ullbwp30p140tt0p9v25c
  combine_ram_ctrl_1099
                     ZeroWireload          tcbn22ullbwp30p140tt0p9v25c
  combine_ram_ctrl_1098
                     ZeroWireload          tcbn22ullbwp30p140tt0p9v25c
  combine_ram_ctrl_1097
                     ZeroWireload          tcbn22ullbwp30p140tt0p9v25c
  combine_ram_ctrl_1096
                     ZeroWireload          tcbn22ullbwp30p140tt0p9v25c
  combine_ram_ctrl_1095
                     ZeroWireload          tcbn22ullbwp30p140tt0p9v25c
  combine_ram_ctrl_1094
                     ZeroWireload          tcbn22ullbwp30p140tt0p9v25c
  combine_ram_ctrl_1093
                     ZeroWireload          tcbn22ullbwp30p140tt0p9v25c
  combine_ram_ctrl_1092
                     ZeroWireload          tcbn22ullbwp30p140tt0p9v25c
  combine_ram_ctrl_1091
                     ZeroWireload          tcbn22ullbwp30p140tt0p9v25c
  combine_ram_ctrl_1090
                     ZeroWireload          tcbn22ullbwp30p140tt0p9v25c
  combine_ram_ctrl_1089
                     ZeroWireload          tcbn22ullbwp30p140tt0p9v25c
  combine_ram_ctrl_1088
                     ZeroWireload          tcbn22ullbwp30p140tt0p9v25c
  combine_ram_ctrl_1087
                     ZeroWireload          tcbn22ullbwp30p140tt0p9v25c
  combine_ram_ctrl_1086
                     ZeroWireload          tcbn22ullbwp30p140tt0p9v25c
  combine_ram_ctrl_1085
                     ZeroWireload          tcbn22ullbwp30p140tt0p9v25c
  combine_ram_ctrl_1084
                     ZeroWireload          tcbn22ullbwp30p140tt0p9v25c
  combine_ram_ctrl_1083
                     ZeroWireload          tcbn22ullbwp30p140tt0p9v25c
  combine_ram_ctrl_1082
                     ZeroWireload          tcbn22ullbwp30p140tt0p9v25c
  combine_ram_ctrl_1081
                     ZeroWireload          tcbn22ullbwp30p140tt0p9v25c
  combine_ram_ctrl_1080
                     ZeroWireload          tcbn22ullbwp30p140tt0p9v25c
  combine_ram_ctrl_1079
                     ZeroWireload          tcbn22ullbwp30p140tt0p9v25c
  combine_ram_ctrl_1078
                     ZeroWireload          tcbn22ullbwp30p140tt0p9v25c
  combine_ram_ctrl_1077
                     ZeroWireload          tcbn22ullbwp30p140tt0p9v25c
  combine_ram_ctrl_1076
                     ZeroWireload          tcbn22ullbwp30p140tt0p9v25c
  combine_ram_ctrl_1075
                     ZeroWireload          tcbn22ullbwp30p140tt0p9v25c
  combine_ram_ctrl_1074
                     ZeroWireload          tcbn22ullbwp30p140tt0p9v25c
  combine_ram_ctrl_1073
                     ZeroWireload          tcbn22ullbwp30p140tt0p9v25c
  combine_ram_ctrl_1072
                     ZeroWireload          tcbn22ullbwp30p140tt0p9v25c
  combine_ram_ctrl_1071
                     ZeroWireload          tcbn22ullbwp30p140tt0p9v25c
  combine_ram_ctrl_1070
                     ZeroWireload          tcbn22ullbwp30p140tt0p9v25c
  combine_ram_ctrl_1069
                     ZeroWireload          tcbn22ullbwp30p140tt0p9v25c
  combine_ram_ctrl_1068
                     ZeroWireload          tcbn22ullbwp30p140tt0p9v25c
  combine_ram_ctrl_1067
                     ZeroWireload          tcbn22ullbwp30p140tt0p9v25c
  combine_ram_ctrl_1066
                     ZeroWireload          tcbn22ullbwp30p140tt0p9v25c
  combine_ram_ctrl_1065
                     ZeroWireload          tcbn22ullbwp30p140tt0p9v25c
  combine_ram_ctrl_1064
                     ZeroWireload          tcbn22ullbwp30p140tt0p9v25c
  combine_ram_ctrl_1063
                     ZeroWireload          tcbn22ullbwp30p140tt0p9v25c
  combine_ram_ctrl_1062
                     ZeroWireload          tcbn22ullbwp30p140tt0p9v25c
  combine_ram_ctrl_1061
                     ZeroWireload          tcbn22ullbwp30p140tt0p9v25c
  combine_ram_ctrl_1060
                     ZeroWireload          tcbn22ullbwp30p140tt0p9v25c
  combine_ram_ctrl_1059
                     ZeroWireload          tcbn22ullbwp30p140tt0p9v25c
  combine_ram_ctrl_1058
                     ZeroWireload          tcbn22ullbwp30p140tt0p9v25c
  combine_ram_ctrl_1057
                     ZeroWireload          tcbn22ullbwp30p140tt0p9v25c
  combine_ram_ctrl_1056
                     ZeroWireload          tcbn22ullbwp30p140tt0p9v25c
  combine_ram_ctrl_1055
                     ZeroWireload          tcbn22ullbwp30p140tt0p9v25c
  combine_ram_ctrl_1054
                     ZeroWireload          tcbn22ullbwp30p140tt0p9v25c
  combine_ram_ctrl_1053
                     ZeroWireload          tcbn22ullbwp30p140tt0p9v25c
  combine_ram_ctrl_1052
                     ZeroWireload          tcbn22ullbwp30p140tt0p9v25c
  combine_ram_ctrl_1051
                     ZeroWireload          tcbn22ullbwp30p140tt0p9v25c
  combine_ram_ctrl_1050
                     ZeroWireload          tcbn22ullbwp30p140tt0p9v25c
  combine_ram_ctrl_1049
                     ZeroWireload          tcbn22ullbwp30p140tt0p9v25c
  combine_ram_ctrl_1048
                     ZeroWireload          tcbn22ullbwp30p140tt0p9v25c
  combine_ram_ctrl_1047
                     ZeroWireload          tcbn22ullbwp30p140tt0p9v25c
  combine_ram_ctrl_1046
                     ZeroWireload          tcbn22ullbwp30p140tt0p9v25c
  combine_ram_ctrl_1045
                     ZeroWireload          tcbn22ullbwp30p140tt0p9v25c
  combine_ram_ctrl_1044
                     ZeroWireload          tcbn22ullbwp30p140tt0p9v25c
  combine_ram_ctrl_1043
                     ZeroWireload          tcbn22ullbwp30p140tt0p9v25c
  combine_ram_ctrl_1042
                     ZeroWireload          tcbn22ullbwp30p140tt0p9v25c
  combine_ram_ctrl_1041
                     ZeroWireload          tcbn22ullbwp30p140tt0p9v25c
  combine_ram_ctrl_1040
                     ZeroWireload          tcbn22ullbwp30p140tt0p9v25c
  combine_ram_ctrl_1039
                     ZeroWireload          tcbn22ullbwp30p140tt0p9v25c
  combine_ram_ctrl_1038
                     ZeroWireload          tcbn22ullbwp30p140tt0p9v25c
  combine_ram_ctrl_1037
                     ZeroWireload          tcbn22ullbwp30p140tt0p9v25c
  combine_ram_ctrl_1036
                     ZeroWireload          tcbn22ullbwp30p140tt0p9v25c
  combine_ram_ctrl_1035
                     ZeroWireload          tcbn22ullbwp30p140tt0p9v25c
  combine_ram_ctrl_1034
                     ZeroWireload          tcbn22ullbwp30p140tt0p9v25c
  combine_ram_ctrl_1033
                     ZeroWireload          tcbn22ullbwp30p140tt0p9v25c
  combine_ram_ctrl_1032
                     ZeroWireload          tcbn22ullbwp30p140tt0p9v25c
  combine_ram_ctrl_1031
                     ZeroWireload          tcbn22ullbwp30p140tt0p9v25c
  combine_ram_ctrl_1030
                     ZeroWireload          tcbn22ullbwp30p140tt0p9v25c
  combine_ram_ctrl_1029
                     ZeroWireload          tcbn22ullbwp30p140tt0p9v25c
  combine_ram_ctrl_1028
                     ZeroWireload          tcbn22ullbwp30p140tt0p9v25c
  combine_ram_ctrl_1027
                     ZeroWireload          tcbn22ullbwp30p140tt0p9v25c
  combine_ram_ctrl_1026
                     ZeroWireload          tcbn22ullbwp30p140tt0p9v25c
  combine_ram_ctrl_1025
                     ZeroWireload          tcbn22ullbwp30p140tt0p9v25c
  combine_ram_ctrl_1024
                     ZeroWireload          tcbn22ullbwp30p140tt0p9v25c
  combine_ram_ctrl_1023
                     ZeroWireload          tcbn22ullbwp30p140tt0p9v25c
  combine_ram_ctrl_1022
                     ZeroWireload          tcbn22ullbwp30p140tt0p9v25c
  combine_ram_ctrl_1021
                     ZeroWireload          tcbn22ullbwp30p140tt0p9v25c
  combine_ram_ctrl_1020
                     ZeroWireload          tcbn22ullbwp30p140tt0p9v25c
  combine_ram_ctrl_1019
                     ZeroWireload          tcbn22ullbwp30p140tt0p9v25c
  combine_ram_ctrl_1018
                     ZeroWireload          tcbn22ullbwp30p140tt0p9v25c
  combine_ram_ctrl_1017
                     ZeroWireload          tcbn22ullbwp30p140tt0p9v25c
  combine_ram_ctrl_1016
                     ZeroWireload          tcbn22ullbwp30p140tt0p9v25c
  combine_ram_ctrl_1015
                     ZeroWireload          tcbn22ullbwp30p140tt0p9v25c
  combine_ram_ctrl_1014
                     ZeroWireload          tcbn22ullbwp30p140tt0p9v25c
  combine_ram_ctrl_1013
                     ZeroWireload          tcbn22ullbwp30p140tt0p9v25c
  combine_ram_ctrl_1012
                     ZeroWireload          tcbn22ullbwp30p140tt0p9v25c
  combine_ram_ctrl_1011
                     ZeroWireload          tcbn22ullbwp30p140tt0p9v25c
  combine_ram_ctrl_1010
                     ZeroWireload          tcbn22ullbwp30p140tt0p9v25c
  combine_ram_ctrl_1009
                     ZeroWireload          tcbn22ullbwp30p140tt0p9v25c
  combine_ram_ctrl_1008
                     ZeroWireload          tcbn22ullbwp30p140tt0p9v25c
  combine_ram_ctrl_1007
                     ZeroWireload          tcbn22ullbwp30p140tt0p9v25c
  combine_ram_ctrl_1006
                     ZeroWireload          tcbn22ullbwp30p140tt0p9v25c
  combine_ram_ctrl_1005
                     ZeroWireload          tcbn22ullbwp30p140tt0p9v25c
  combine_ram_ctrl_1004
                     ZeroWireload          tcbn22ullbwp30p140tt0p9v25c
  combine_ram_ctrl_1003
                     ZeroWireload          tcbn22ullbwp30p140tt0p9v25c
  combine_ram_ctrl_1002
                     ZeroWireload          tcbn22ullbwp30p140tt0p9v25c
  combine_ram_ctrl_1001
                     ZeroWireload          tcbn22ullbwp30p140tt0p9v25c
  combine_ram_ctrl_1000
                     ZeroWireload          tcbn22ullbwp30p140tt0p9v25c
  combine_ram_ctrl_999
                     ZeroWireload          tcbn22ullbwp30p140tt0p9v25c
  combine_ram_ctrl_998
                     ZeroWireload          tcbn22ullbwp30p140tt0p9v25c
  combine_ram_ctrl_997
                     ZeroWireload          tcbn22ullbwp30p140tt0p9v25c
  combine_ram_ctrl_996
                     ZeroWireload          tcbn22ullbwp30p140tt0p9v25c
  combine_ram_ctrl_995
                     ZeroWireload          tcbn22ullbwp30p140tt0p9v25c
  combine_ram_ctrl_994
                     ZeroWireload          tcbn22ullbwp30p140tt0p9v25c
  combine_ram_ctrl_993
                     ZeroWireload          tcbn22ullbwp30p140tt0p9v25c
  combine_ram_ctrl_992
                     ZeroWireload          tcbn22ullbwp30p140tt0p9v25c
  combine_ram_ctrl_991
                     ZeroWireload          tcbn22ullbwp30p140tt0p9v25c
  combine_ram_ctrl_990
                     ZeroWireload          tcbn22ullbwp30p140tt0p9v25c
  combine_ram_ctrl_989
                     ZeroWireload          tcbn22ullbwp30p140tt0p9v25c
  combine_ram_ctrl_988
                     ZeroWireload          tcbn22ullbwp30p140tt0p9v25c
  combine_ram_ctrl_987
                     ZeroWireload          tcbn22ullbwp30p140tt0p9v25c
  combine_ram_ctrl_986
                     ZeroWireload          tcbn22ullbwp30p140tt0p9v25c
  combine_ram_ctrl_985
                     ZeroWireload          tcbn22ullbwp30p140tt0p9v25c
  combine_ram_ctrl_984
                     ZeroWireload          tcbn22ullbwp30p140tt0p9v25c
  combine_ram_ctrl_983
                     ZeroWireload          tcbn22ullbwp30p140tt0p9v25c
  combine_ram_ctrl_982
                     ZeroWireload          tcbn22ullbwp30p140tt0p9v25c
  combine_ram_ctrl_981
                     ZeroWireload          tcbn22ullbwp30p140tt0p9v25c
  combine_ram_ctrl_980
                     ZeroWireload          tcbn22ullbwp30p140tt0p9v25c
  combine_ram_ctrl_979
                     ZeroWireload          tcbn22ullbwp30p140tt0p9v25c
  combine_ram_ctrl_978
                     ZeroWireload          tcbn22ullbwp30p140tt0p9v25c
  combine_ram_ctrl_977
                     ZeroWireload          tcbn22ullbwp30p140tt0p9v25c
  combine_ram_ctrl_976
                     ZeroWireload          tcbn22ullbwp30p140tt0p9v25c
  combine_ram_ctrl_975
                     ZeroWireload          tcbn22ullbwp30p140tt0p9v25c
  combine_ram_ctrl_974
                     ZeroWireload          tcbn22ullbwp30p140tt0p9v25c
  combine_ram_ctrl_973
                     ZeroWireload          tcbn22ullbwp30p140tt0p9v25c
  combine_ram_ctrl_972
                     ZeroWireload          tcbn22ullbwp30p140tt0p9v25c
  combine_ram_ctrl_971
                     ZeroWireload          tcbn22ullbwp30p140tt0p9v25c
  combine_ram_ctrl_970
                     ZeroWireload          tcbn22ullbwp30p140tt0p9v25c
  combine_ram_ctrl_969
                     ZeroWireload          tcbn22ullbwp30p140tt0p9v25c
  combine_ram_ctrl_968
                     ZeroWireload          tcbn22ullbwp30p140tt0p9v25c
  combine_ram_ctrl_967
                     ZeroWireload          tcbn22ullbwp30p140tt0p9v25c
  combine_ram_ctrl_966
                     ZeroWireload          tcbn22ullbwp30p140tt0p9v25c
  combine_ram_ctrl_965
                     ZeroWireload          tcbn22ullbwp30p140tt0p9v25c
  combine_ram_ctrl_964
                     ZeroWireload          tcbn22ullbwp30p140tt0p9v25c
  combine_ram_ctrl_963
                     ZeroWireload          tcbn22ullbwp30p140tt0p9v25c
  combine_ram_ctrl_962
                     ZeroWireload          tcbn22ullbwp30p140tt0p9v25c
  combine_ram_ctrl_961
                     ZeroWireload          tcbn22ullbwp30p140tt0p9v25c
  combine_ram_ctrl_960
                     ZeroWireload          tcbn22ullbwp30p140tt0p9v25c
  combine_ram_ctrl_959
                     ZeroWireload          tcbn22ullbwp30p140tt0p9v25c
  combine_ram_ctrl_958
                     ZeroWireload          tcbn22ullbwp30p140tt0p9v25c
  combine_ram_ctrl_957
                     ZeroWireload          tcbn22ullbwp30p140tt0p9v25c
  combine_ram_ctrl_956
                     ZeroWireload          tcbn22ullbwp30p140tt0p9v25c
  combine_ram_ctrl_955
                     ZeroWireload          tcbn22ullbwp30p140tt0p9v25c
  combine_ram_ctrl_954
                     ZeroWireload          tcbn22ullbwp30p140tt0p9v25c
  combine_ram_ctrl_953
                     ZeroWireload          tcbn22ullbwp30p140tt0p9v25c
  combine_ram_ctrl_952
                     ZeroWireload          tcbn22ullbwp30p140tt0p9v25c
  combine_ram_ctrl_951
                     ZeroWireload          tcbn22ullbwp30p140tt0p9v25c
  combine_ram_ctrl_950
                     ZeroWireload          tcbn22ullbwp30p140tt0p9v25c
  combine_ram_ctrl_949
                     ZeroWireload          tcbn22ullbwp30p140tt0p9v25c
  combine_ram_ctrl_948
                     ZeroWireload          tcbn22ullbwp30p140tt0p9v25c
  combine_ram_ctrl_947
                     ZeroWireload          tcbn22ullbwp30p140tt0p9v25c
  combine_ram_ctrl_946
                     ZeroWireload          tcbn22ullbwp30p140tt0p9v25c
  combine_ram_ctrl_945
                     ZeroWireload          tcbn22ullbwp30p140tt0p9v25c
  combine_ram_ctrl_944
                     ZeroWireload          tcbn22ullbwp30p140tt0p9v25c
  combine_ram_ctrl_943
                     ZeroWireload          tcbn22ullbwp30p140tt0p9v25c
  combine_ram_ctrl_942
                     ZeroWireload          tcbn22ullbwp30p140tt0p9v25c
  combine_ram_ctrl_941
                     ZeroWireload          tcbn22ullbwp30p140tt0p9v25c
  combine_ram_ctrl_940
                     ZeroWireload          tcbn22ullbwp30p140tt0p9v25c
  combine_ram_ctrl_939
                     ZeroWireload          tcbn22ullbwp30p140tt0p9v25c
  combine_ram_ctrl_938
                     ZeroWireload          tcbn22ullbwp30p140tt0p9v25c
  combine_ram_ctrl_937
                     ZeroWireload          tcbn22ullbwp30p140tt0p9v25c
  combine_ram_ctrl_936
                     ZeroWireload          tcbn22ullbwp30p140tt0p9v25c
  combine_ram_ctrl_935
                     ZeroWireload          tcbn22ullbwp30p140tt0p9v25c
  combine_ram_ctrl_934
                     ZeroWireload          tcbn22ullbwp30p140tt0p9v25c
  combine_ram_ctrl_933
                     ZeroWireload          tcbn22ullbwp30p140tt0p9v25c
  combine_ram_ctrl_932
                     ZeroWireload          tcbn22ullbwp30p140tt0p9v25c
  combine_ram_ctrl_931
                     ZeroWireload          tcbn22ullbwp30p140tt0p9v25c
  combine_ram_ctrl_930
                     ZeroWireload          tcbn22ullbwp30p140tt0p9v25c
  combine_ram_ctrl_929
                     ZeroWireload          tcbn22ullbwp30p140tt0p9v25c
  combine_ram_ctrl_928
                     ZeroWireload          tcbn22ullbwp30p140tt0p9v25c
  combine_ram_ctrl_927
                     ZeroWireload          tcbn22ullbwp30p140tt0p9v25c
  combine_ram_ctrl_926
                     ZeroWireload          tcbn22ullbwp30p140tt0p9v25c
  combine_ram_ctrl_925
                     ZeroWireload          tcbn22ullbwp30p140tt0p9v25c
  combine_ram_ctrl_924
                     ZeroWireload          tcbn22ullbwp30p140tt0p9v25c
  combine_ram_ctrl_923
                     ZeroWireload          tcbn22ullbwp30p140tt0p9v25c
  combine_ram_ctrl_922
                     ZeroWireload          tcbn22ullbwp30p140tt0p9v25c
  combine_ram_ctrl_921
                     ZeroWireload          tcbn22ullbwp30p140tt0p9v25c
  combine_ram_ctrl_920
                     ZeroWireload          tcbn22ullbwp30p140tt0p9v25c
  combine_ram_ctrl_919
                     ZeroWireload          tcbn22ullbwp30p140tt0p9v25c
  combine_ram_ctrl_918
                     ZeroWireload          tcbn22ullbwp30p140tt0p9v25c
  combine_ram_ctrl_917
                     ZeroWireload          tcbn22ullbwp30p140tt0p9v25c
  combine_ram_ctrl_916
                     ZeroWireload          tcbn22ullbwp30p140tt0p9v25c
  combine_ram_ctrl_915
                     ZeroWireload          tcbn22ullbwp30p140tt0p9v25c
  combine_ram_ctrl_914
                     ZeroWireload          tcbn22ullbwp30p140tt0p9v25c
  combine_ram_ctrl_913
                     ZeroWireload          tcbn22ullbwp30p140tt0p9v25c
  combine_ram_ctrl_912
                     ZeroWireload          tcbn22ullbwp30p140tt0p9v25c
  combine_ram_ctrl_911
                     ZeroWireload          tcbn22ullbwp30p140tt0p9v25c
  combine_ram_ctrl_910
                     ZeroWireload          tcbn22ullbwp30p140tt0p9v25c
  combine_ram_ctrl_909
                     ZeroWireload          tcbn22ullbwp30p140tt0p9v25c
  combine_ram_ctrl_908
                     ZeroWireload          tcbn22ullbwp30p140tt0p9v25c
  combine_ram_ctrl_907
                     ZeroWireload          tcbn22ullbwp30p140tt0p9v25c
  combine_ram_ctrl_906
                     ZeroWireload          tcbn22ullbwp30p140tt0p9v25c
  combine_ram_ctrl_905
                     ZeroWireload          tcbn22ullbwp30p140tt0p9v25c
  combine_ram_ctrl_904
                     ZeroWireload          tcbn22ullbwp30p140tt0p9v25c
  combine_ram_ctrl_903
                     ZeroWireload          tcbn22ullbwp30p140tt0p9v25c
  combine_ram_ctrl_902
                     ZeroWireload          tcbn22ullbwp30p140tt0p9v25c
  combine_ram_ctrl_901
                     ZeroWireload          tcbn22ullbwp30p140tt0p9v25c
  combine_ram_ctrl_900
                     ZeroWireload          tcbn22ullbwp30p140tt0p9v25c
  combine_ram_ctrl_899
                     ZeroWireload          tcbn22ullbwp30p140tt0p9v25c
  combine_ram_ctrl_898
                     ZeroWireload          tcbn22ullbwp30p140tt0p9v25c
  combine_ram_ctrl_897
                     ZeroWireload          tcbn22ullbwp30p140tt0p9v25c
  combine_ram_ctrl_896
                     ZeroWireload          tcbn22ullbwp30p140tt0p9v25c
  combine_ram_ctrl_895
                     ZeroWireload          tcbn22ullbwp30p140tt0p9v25c
  combine_ram_ctrl_894
                     ZeroWireload          tcbn22ullbwp30p140tt0p9v25c
  combine_ram_ctrl_893
                     ZeroWireload          tcbn22ullbwp30p140tt0p9v25c
  combine_ram_ctrl_892
                     ZeroWireload          tcbn22ullbwp30p140tt0p9v25c
  combine_ram_ctrl_891
                     ZeroWireload          tcbn22ullbwp30p140tt0p9v25c
  combine_ram_ctrl_890
                     ZeroWireload          tcbn22ullbwp30p140tt0p9v25c
  combine_ram_ctrl_889
                     ZeroWireload          tcbn22ullbwp30p140tt0p9v25c
  combine_ram_ctrl_888
                     ZeroWireload          tcbn22ullbwp30p140tt0p9v25c
  combine_ram_ctrl_887
                     ZeroWireload          tcbn22ullbwp30p140tt0p9v25c
  combine_ram_ctrl_886
                     ZeroWireload          tcbn22ullbwp30p140tt0p9v25c
  combine_ram_ctrl_885
                     ZeroWireload          tcbn22ullbwp30p140tt0p9v25c
  combine_ram_ctrl_884
                     ZeroWireload          tcbn22ullbwp30p140tt0p9v25c
  combine_ram_ctrl_883
                     ZeroWireload          tcbn22ullbwp30p140tt0p9v25c
  combine_ram_ctrl_882
                     ZeroWireload          tcbn22ullbwp30p140tt0p9v25c
  combine_ram_ctrl_881
                     ZeroWireload          tcbn22ullbwp30p140tt0p9v25c
  combine_ram_ctrl_880
                     ZeroWireload          tcbn22ullbwp30p140tt0p9v25c
  combine_ram_ctrl_879
                     ZeroWireload          tcbn22ullbwp30p140tt0p9v25c
  combine_ram_ctrl_878
                     ZeroWireload          tcbn22ullbwp30p140tt0p9v25c
  combine_ram_ctrl_877
                     ZeroWireload          tcbn22ullbwp30p140tt0p9v25c
  combine_ram_ctrl_876
                     ZeroWireload          tcbn22ullbwp30p140tt0p9v25c
  combine_ram_ctrl_875
                     ZeroWireload          tcbn22ullbwp30p140tt0p9v25c
  combine_ram_ctrl_874
                     ZeroWireload          tcbn22ullbwp30p140tt0p9v25c
  combine_ram_ctrl_873
                     ZeroWireload          tcbn22ullbwp30p140tt0p9v25c
  combine_ram_ctrl_872
                     ZeroWireload          tcbn22ullbwp30p140tt0p9v25c
  combine_ram_ctrl_871
                     ZeroWireload          tcbn22ullbwp30p140tt0p9v25c
  combine_ram_ctrl_870
                     ZeroWireload          tcbn22ullbwp30p140tt0p9v25c
  combine_ram_ctrl_869
                     ZeroWireload          tcbn22ullbwp30p140tt0p9v25c
  combine_ram_ctrl_868
                     ZeroWireload          tcbn22ullbwp30p140tt0p9v25c
  combine_ram_ctrl_867
                     ZeroWireload          tcbn22ullbwp30p140tt0p9v25c
  combine_ram_ctrl_866
                     ZeroWireload          tcbn22ullbwp30p140tt0p9v25c
  combine_ram_ctrl_865
                     ZeroWireload          tcbn22ullbwp30p140tt0p9v25c
  combine_ram_ctrl_864
                     ZeroWireload          tcbn22ullbwp30p140tt0p9v25c
  combine_ram_ctrl_863
                     ZeroWireload          tcbn22ullbwp30p140tt0p9v25c
  combine_ram_ctrl_862
                     ZeroWireload          tcbn22ullbwp30p140tt0p9v25c
  combine_ram_ctrl_861
                     ZeroWireload          tcbn22ullbwp30p140tt0p9v25c
  combine_ram_ctrl_860
                     ZeroWireload          tcbn22ullbwp30p140tt0p9v25c
  combine_ram_ctrl_859
                     ZeroWireload          tcbn22ullbwp30p140tt0p9v25c
  combine_ram_ctrl_858
                     ZeroWireload          tcbn22ullbwp30p140tt0p9v25c
  combine_ram_ctrl_857
                     ZeroWireload          tcbn22ullbwp30p140tt0p9v25c
  combine_ram_ctrl_856
                     ZeroWireload          tcbn22ullbwp30p140tt0p9v25c
  combine_ram_ctrl_855
                     ZeroWireload          tcbn22ullbwp30p140tt0p9v25c
  combine_ram_ctrl_854
                     ZeroWireload          tcbn22ullbwp30p140tt0p9v25c
  combine_ram_ctrl_853
                     ZeroWireload          tcbn22ullbwp30p140tt0p9v25c
  combine_ram_ctrl_852
                     ZeroWireload          tcbn22ullbwp30p140tt0p9v25c
  combine_ram_ctrl_851
                     ZeroWireload          tcbn22ullbwp30p140tt0p9v25c
  combine_ram_ctrl_850
                     ZeroWireload          tcbn22ullbwp30p140tt0p9v25c
  combine_ram_ctrl_849
                     ZeroWireload          tcbn22ullbwp30p140tt0p9v25c
  combine_ram_ctrl_848
                     ZeroWireload          tcbn22ullbwp30p140tt0p9v25c
  combine_ram_ctrl_847
                     ZeroWireload          tcbn22ullbwp30p140tt0p9v25c
  combine_ram_ctrl_846
                     ZeroWireload          tcbn22ullbwp30p140tt0p9v25c
  combine_ram_ctrl_845
                     ZeroWireload          tcbn22ullbwp30p140tt0p9v25c
  combine_ram_ctrl_844
                     ZeroWireload          tcbn22ullbwp30p140tt0p9v25c
  combine_ram_ctrl_843
                     ZeroWireload          tcbn22ullbwp30p140tt0p9v25c
  combine_ram_ctrl_842
                     ZeroWireload          tcbn22ullbwp30p140tt0p9v25c
  combine_ram_ctrl_841
                     ZeroWireload          tcbn22ullbwp30p140tt0p9v25c
  combine_ram_ctrl_840
                     ZeroWireload          tcbn22ullbwp30p140tt0p9v25c
  combine_ram_ctrl_839
                     ZeroWireload          tcbn22ullbwp30p140tt0p9v25c
  combine_ram_ctrl_838
                     ZeroWireload          tcbn22ullbwp30p140tt0p9v25c
  combine_ram_ctrl_837
                     ZeroWireload          tcbn22ullbwp30p140tt0p9v25c
  combine_ram_ctrl_836
                     ZeroWireload          tcbn22ullbwp30p140tt0p9v25c
  combine_ram_ctrl_835
                     ZeroWireload          tcbn22ullbwp30p140tt0p9v25c
  combine_ram_ctrl_834
                     ZeroWireload          tcbn22ullbwp30p140tt0p9v25c
  combine_ram_ctrl_833
                     ZeroWireload          tcbn22ullbwp30p140tt0p9v25c
  combine_ram_ctrl_832
                     ZeroWireload          tcbn22ullbwp30p140tt0p9v25c
  combine_ram_ctrl_831
                     ZeroWireload          tcbn22ullbwp30p140tt0p9v25c
  combine_ram_ctrl_830
                     ZeroWireload          tcbn22ullbwp30p140tt0p9v25c
  combine_ram_ctrl_829
                     ZeroWireload          tcbn22ullbwp30p140tt0p9v25c
  combine_ram_ctrl_828
                     ZeroWireload          tcbn22ullbwp30p140tt0p9v25c
  combine_ram_ctrl_827
                     ZeroWireload          tcbn22ullbwp30p140tt0p9v25c
  combine_ram_ctrl_826
                     ZeroWireload          tcbn22ullbwp30p140tt0p9v25c
  combine_ram_ctrl_825
                     ZeroWireload          tcbn22ullbwp30p140tt0p9v25c
  combine_ram_ctrl_824
                     ZeroWireload          tcbn22ullbwp30p140tt0p9v25c
  combine_ram_ctrl_823
                     ZeroWireload          tcbn22ullbwp30p140tt0p9v25c
  combine_ram_ctrl_822
                     ZeroWireload          tcbn22ullbwp30p140tt0p9v25c
  combine_ram_ctrl_821
                     ZeroWireload          tcbn22ullbwp30p140tt0p9v25c
  combine_ram_ctrl_820
                     ZeroWireload          tcbn22ullbwp30p140tt0p9v25c
  combine_ram_ctrl_819
                     ZeroWireload          tcbn22ullbwp30p140tt0p9v25c
  combine_ram_ctrl_818
                     ZeroWireload          tcbn22ullbwp30p140tt0p9v25c
  combine_ram_ctrl_817
                     ZeroWireload          tcbn22ullbwp30p140tt0p9v25c
  combine_ram_ctrl_816
                     ZeroWireload          tcbn22ullbwp30p140tt0p9v25c
  combine_ram_ctrl_815
                     ZeroWireload          tcbn22ullbwp30p140tt0p9v25c
  combine_ram_ctrl_814
                     ZeroWireload          tcbn22ullbwp30p140tt0p9v25c
  combine_ram_ctrl_813
                     ZeroWireload          tcbn22ullbwp30p140tt0p9v25c
  combine_ram_ctrl_812
                     ZeroWireload          tcbn22ullbwp30p140tt0p9v25c
  combine_ram_ctrl_811
                     ZeroWireload          tcbn22ullbwp30p140tt0p9v25c
  combine_ram_ctrl_810
                     ZeroWireload          tcbn22ullbwp30p140tt0p9v25c
  combine_ram_ctrl_809
                     ZeroWireload          tcbn22ullbwp30p140tt0p9v25c
  combine_ram_ctrl_808
                     ZeroWireload          tcbn22ullbwp30p140tt0p9v25c
  combine_ram_ctrl_807
                     ZeroWireload          tcbn22ullbwp30p140tt0p9v25c
  combine_ram_ctrl_806
                     ZeroWireload          tcbn22ullbwp30p140tt0p9v25c
  combine_ram_ctrl_805
                     ZeroWireload          tcbn22ullbwp30p140tt0p9v25c
  combine_ram_ctrl_804
                     ZeroWireload          tcbn22ullbwp30p140tt0p9v25c
  combine_ram_ctrl_803
                     ZeroWireload          tcbn22ullbwp30p140tt0p9v25c
  combine_ram_ctrl_802
                     ZeroWireload          tcbn22ullbwp30p140tt0p9v25c
  combine_ram_ctrl_801
                     ZeroWireload          tcbn22ullbwp30p140tt0p9v25c
  combine_ram_ctrl_800
                     ZeroWireload          tcbn22ullbwp30p140tt0p9v25c
  combine_ram_ctrl_799
                     ZeroWireload          tcbn22ullbwp30p140tt0p9v25c
  combine_ram_ctrl_798
                     ZeroWireload          tcbn22ullbwp30p140tt0p9v25c
  combine_ram_ctrl_797
                     ZeroWireload          tcbn22ullbwp30p140tt0p9v25c
  combine_ram_ctrl_796
                     ZeroWireload          tcbn22ullbwp30p140tt0p9v25c
  combine_ram_ctrl_795
                     ZeroWireload          tcbn22ullbwp30p140tt0p9v25c
  combine_ram_ctrl_794
                     ZeroWireload          tcbn22ullbwp30p140tt0p9v25c
  combine_ram_ctrl_793
                     ZeroWireload          tcbn22ullbwp30p140tt0p9v25c
  combine_ram_ctrl_792
                     ZeroWireload          tcbn22ullbwp30p140tt0p9v25c
  combine_ram_ctrl_791
                     ZeroWireload          tcbn22ullbwp30p140tt0p9v25c
  combine_ram_ctrl_790
                     ZeroWireload          tcbn22ullbwp30p140tt0p9v25c
  combine_ram_ctrl_789
                     ZeroWireload          tcbn22ullbwp30p140tt0p9v25c
  combine_ram_ctrl_788
                     ZeroWireload          tcbn22ullbwp30p140tt0p9v25c
  combine_ram_ctrl_787
                     ZeroWireload          tcbn22ullbwp30p140tt0p9v25c
  combine_ram_ctrl_786
                     ZeroWireload          tcbn22ullbwp30p140tt0p9v25c
  combine_ram_ctrl_785
                     ZeroWireload          tcbn22ullbwp30p140tt0p9v25c
  combine_ram_ctrl_784
                     ZeroWireload          tcbn22ullbwp30p140tt0p9v25c
  combine_ram_ctrl_783
                     ZeroWireload          tcbn22ullbwp30p140tt0p9v25c
  combine_ram_ctrl_782
                     ZeroWireload          tcbn22ullbwp30p140tt0p9v25c
  combine_ram_ctrl_781
                     ZeroWireload          tcbn22ullbwp30p140tt0p9v25c
  combine_ram_ctrl_780
                     ZeroWireload          tcbn22ullbwp30p140tt0p9v25c
  combine_ram_ctrl_779
                     ZeroWireload          tcbn22ullbwp30p140tt0p9v25c
  combine_ram_ctrl_778
                     ZeroWireload          tcbn22ullbwp30p140tt0p9v25c
  combine_ram_ctrl_777
                     ZeroWireload          tcbn22ullbwp30p140tt0p9v25c
  combine_ram_ctrl_776
                     ZeroWireload          tcbn22ullbwp30p140tt0p9v25c
  combine_ram_ctrl_775
                     ZeroWireload          tcbn22ullbwp30p140tt0p9v25c
  combine_ram_ctrl_774
                     ZeroWireload          tcbn22ullbwp30p140tt0p9v25c
  combine_ram_ctrl_773
                     ZeroWireload          tcbn22ullbwp30p140tt0p9v25c
  combine_ram_ctrl_772
                     ZeroWireload          tcbn22ullbwp30p140tt0p9v25c
  combine_ram_ctrl_771
                     ZeroWireload          tcbn22ullbwp30p140tt0p9v25c
  combine_ram_ctrl_770
                     ZeroWireload          tcbn22ullbwp30p140tt0p9v25c
  combine_ram_ctrl_769
                     ZeroWireload          tcbn22ullbwp30p140tt0p9v25c
  combine_ram_ctrl_768
                     ZeroWireload          tcbn22ullbwp30p140tt0p9v25c
  combine_ram_ctrl_767
                     ZeroWireload          tcbn22ullbwp30p140tt0p9v25c
  combine_ram_ctrl_766
                     ZeroWireload          tcbn22ullbwp30p140tt0p9v25c
  combine_ram_ctrl_765
                     ZeroWireload          tcbn22ullbwp30p140tt0p9v25c
  combine_ram_ctrl_764
                     ZeroWireload          tcbn22ullbwp30p140tt0p9v25c
  combine_ram_ctrl_763
                     ZeroWireload          tcbn22ullbwp30p140tt0p9v25c
  combine_ram_ctrl_762
                     ZeroWireload          tcbn22ullbwp30p140tt0p9v25c
  combine_ram_ctrl_761
                     ZeroWireload          tcbn22ullbwp30p140tt0p9v25c
  combine_ram_ctrl_760
                     ZeroWireload          tcbn22ullbwp30p140tt0p9v25c
  combine_ram_ctrl_759
                     ZeroWireload          tcbn22ullbwp30p140tt0p9v25c
  combine_ram_ctrl_758
                     ZeroWireload          tcbn22ullbwp30p140tt0p9v25c
  combine_ram_ctrl_757
                     ZeroWireload          tcbn22ullbwp30p140tt0p9v25c
  combine_ram_ctrl_756
                     ZeroWireload          tcbn22ullbwp30p140tt0p9v25c
  combine_ram_ctrl_755
                     ZeroWireload          tcbn22ullbwp30p140tt0p9v25c
  combine_ram_ctrl_754
                     ZeroWireload          tcbn22ullbwp30p140tt0p9v25c
  combine_ram_ctrl_753
                     ZeroWireload          tcbn22ullbwp30p140tt0p9v25c
  combine_ram_ctrl_752
                     ZeroWireload          tcbn22ullbwp30p140tt0p9v25c
  combine_ram_ctrl_751
                     ZeroWireload          tcbn22ullbwp30p140tt0p9v25c
  combine_ram_ctrl_750
                     ZeroWireload          tcbn22ullbwp30p140tt0p9v25c
  combine_ram_ctrl_749
                     ZeroWireload          tcbn22ullbwp30p140tt0p9v25c
  combine_ram_ctrl_748
                     ZeroWireload          tcbn22ullbwp30p140tt0p9v25c
  combine_ram_ctrl_747
                     ZeroWireload          tcbn22ullbwp30p140tt0p9v25c
  combine_ram_ctrl_746
                     ZeroWireload          tcbn22ullbwp30p140tt0p9v25c
  combine_ram_ctrl_745
                     ZeroWireload          tcbn22ullbwp30p140tt0p9v25c
  combine_ram_ctrl_744
                     ZeroWireload          tcbn22ullbwp30p140tt0p9v25c
  combine_ram_ctrl_743
                     ZeroWireload          tcbn22ullbwp30p140tt0p9v25c
  combine_ram_ctrl_742
                     ZeroWireload          tcbn22ullbwp30p140tt0p9v25c
  combine_ram_ctrl_741
                     ZeroWireload          tcbn22ullbwp30p140tt0p9v25c
  combine_ram_ctrl_740
                     ZeroWireload          tcbn22ullbwp30p140tt0p9v25c
  combine_ram_ctrl_739
                     ZeroWireload          tcbn22ullbwp30p140tt0p9v25c
  combine_ram_ctrl_738
                     ZeroWireload          tcbn22ullbwp30p140tt0p9v25c
  combine_ram_ctrl_737
                     ZeroWireload          tcbn22ullbwp30p140tt0p9v25c
  combine_ram_ctrl_736
                     ZeroWireload          tcbn22ullbwp30p140tt0p9v25c
  combine_ram_ctrl_735
                     ZeroWireload          tcbn22ullbwp30p140tt0p9v25c
  combine_ram_ctrl_734
                     ZeroWireload          tcbn22ullbwp30p140tt0p9v25c
  combine_ram_ctrl_733
                     ZeroWireload          tcbn22ullbwp30p140tt0p9v25c
  combine_ram_ctrl_732
                     ZeroWireload          tcbn22ullbwp30p140tt0p9v25c
  combine_ram_ctrl_731
                     ZeroWireload          tcbn22ullbwp30p140tt0p9v25c
  combine_ram_ctrl_730
                     ZeroWireload          tcbn22ullbwp30p140tt0p9v25c
  combine_ram_ctrl_729
                     ZeroWireload          tcbn22ullbwp30p140tt0p9v25c
  combine_ram_ctrl_728
                     ZeroWireload          tcbn22ullbwp30p140tt0p9v25c
  combine_ram_ctrl_727
                     ZeroWireload          tcbn22ullbwp30p140tt0p9v25c
  combine_ram_ctrl_726
                     ZeroWireload          tcbn22ullbwp30p140tt0p9v25c
  combine_ram_ctrl_725
                     ZeroWireload          tcbn22ullbwp30p140tt0p9v25c
  combine_ram_ctrl_724
                     ZeroWireload          tcbn22ullbwp30p140tt0p9v25c
  combine_ram_ctrl_723
                     ZeroWireload          tcbn22ullbwp30p140tt0p9v25c
  combine_ram_ctrl_722
                     ZeroWireload          tcbn22ullbwp30p140tt0p9v25c
  combine_ram_ctrl_721
                     ZeroWireload          tcbn22ullbwp30p140tt0p9v25c
  combine_ram_ctrl_720
                     ZeroWireload          tcbn22ullbwp30p140tt0p9v25c
  combine_ram_ctrl_719
                     ZeroWireload          tcbn22ullbwp30p140tt0p9v25c
  combine_ram_ctrl_718
                     ZeroWireload          tcbn22ullbwp30p140tt0p9v25c
  combine_ram_ctrl_717
                     ZeroWireload          tcbn22ullbwp30p140tt0p9v25c
  combine_ram_ctrl_716
                     ZeroWireload          tcbn22ullbwp30p140tt0p9v25c
  combine_ram_ctrl_715
                     ZeroWireload          tcbn22ullbwp30p140tt0p9v25c
  combine_ram_ctrl_714
                     ZeroWireload          tcbn22ullbwp30p140tt0p9v25c
  combine_ram_ctrl_713
                     ZeroWireload          tcbn22ullbwp30p140tt0p9v25c
  combine_ram_ctrl_712
                     ZeroWireload          tcbn22ullbwp30p140tt0p9v25c
  combine_ram_ctrl_711
                     ZeroWireload          tcbn22ullbwp30p140tt0p9v25c
  combine_ram_ctrl_710
                     ZeroWireload          tcbn22ullbwp30p140tt0p9v25c
  combine_ram_ctrl_709
                     ZeroWireload          tcbn22ullbwp30p140tt0p9v25c
  combine_ram_ctrl_708
                     ZeroWireload          tcbn22ullbwp30p140tt0p9v25c
  combine_ram_ctrl_707
                     ZeroWireload          tcbn22ullbwp30p140tt0p9v25c
  combine_ram_ctrl_706
                     ZeroWireload          tcbn22ullbwp30p140tt0p9v25c
  combine_ram_ctrl_705
                     ZeroWireload          tcbn22ullbwp30p140tt0p9v25c
  combine_ram_ctrl_704
                     ZeroWireload          tcbn22ullbwp30p140tt0p9v25c
  combine_ram_ctrl_703
                     ZeroWireload          tcbn22ullbwp30p140tt0p9v25c
  combine_ram_ctrl_702
                     ZeroWireload          tcbn22ullbwp30p140tt0p9v25c
  combine_ram_ctrl_701
                     ZeroWireload          tcbn22ullbwp30p140tt0p9v25c
  combine_ram_ctrl_700
                     ZeroWireload          tcbn22ullbwp30p140tt0p9v25c
  combine_ram_ctrl_699
                     ZeroWireload          tcbn22ullbwp30p140tt0p9v25c
  combine_ram_ctrl_698
                     ZeroWireload          tcbn22ullbwp30p140tt0p9v25c
  combine_ram_ctrl_697
                     ZeroWireload          tcbn22ullbwp30p140tt0p9v25c
  combine_ram_ctrl_696
                     ZeroWireload          tcbn22ullbwp30p140tt0p9v25c
  combine_ram_ctrl_695
                     ZeroWireload          tcbn22ullbwp30p140tt0p9v25c
  combine_ram_ctrl_694
                     ZeroWireload          tcbn22ullbwp30p140tt0p9v25c
  combine_ram_ctrl_693
                     ZeroWireload          tcbn22ullbwp30p140tt0p9v25c
  combine_ram_ctrl_692
                     ZeroWireload          tcbn22ullbwp30p140tt0p9v25c
  combine_ram_ctrl_691
                     ZeroWireload          tcbn22ullbwp30p140tt0p9v25c
  combine_ram_ctrl_690
                     ZeroWireload          tcbn22ullbwp30p140tt0p9v25c
  combine_ram_ctrl_689
                     ZeroWireload          tcbn22ullbwp30p140tt0p9v25c
  combine_ram_ctrl_688
                     ZeroWireload          tcbn22ullbwp30p140tt0p9v25c
  combine_ram_ctrl_687
                     ZeroWireload          tcbn22ullbwp30p140tt0p9v25c
  combine_ram_ctrl_686
                     ZeroWireload          tcbn22ullbwp30p140tt0p9v25c
  combine_ram_ctrl_685
                     ZeroWireload          tcbn22ullbwp30p140tt0p9v25c
  combine_ram_ctrl_684
                     ZeroWireload          tcbn22ullbwp30p140tt0p9v25c
  combine_ram_ctrl_683
                     ZeroWireload          tcbn22ullbwp30p140tt0p9v25c
  combine_ram_ctrl_682
                     ZeroWireload          tcbn22ullbwp30p140tt0p9v25c
  combine_ram_ctrl_681
                     ZeroWireload          tcbn22ullbwp30p140tt0p9v25c
  combine_ram_ctrl_680
                     ZeroWireload          tcbn22ullbwp30p140tt0p9v25c
  combine_ram_ctrl_679
                     ZeroWireload          tcbn22ullbwp30p140tt0p9v25c
  combine_ram_ctrl_678
                     ZeroWireload          tcbn22ullbwp30p140tt0p9v25c
  combine_ram_ctrl_677
                     ZeroWireload          tcbn22ullbwp30p140tt0p9v25c
  combine_ram_ctrl_676
                     ZeroWireload          tcbn22ullbwp30p140tt0p9v25c
  combine_ram_ctrl_675
                     ZeroWireload          tcbn22ullbwp30p140tt0p9v25c
  combine_ram_ctrl_674
                     ZeroWireload          tcbn22ullbwp30p140tt0p9v25c
  combine_ram_ctrl_673
                     ZeroWireload          tcbn22ullbwp30p140tt0p9v25c
  combine_ram_ctrl_672
                     ZeroWireload          tcbn22ullbwp30p140tt0p9v25c
  combine_ram_ctrl_671
                     ZeroWireload          tcbn22ullbwp30p140tt0p9v25c
  combine_ram_ctrl_670
                     ZeroWireload          tcbn22ullbwp30p140tt0p9v25c
  combine_ram_ctrl_669
                     ZeroWireload          tcbn22ullbwp30p140tt0p9v25c
  combine_ram_ctrl_668
                     ZeroWireload          tcbn22ullbwp30p140tt0p9v25c
  combine_ram_ctrl_667
                     ZeroWireload          tcbn22ullbwp30p140tt0p9v25c
  combine_ram_ctrl_666
                     ZeroWireload          tcbn22ullbwp30p140tt0p9v25c
  combine_ram_ctrl_665
                     ZeroWireload          tcbn22ullbwp30p140tt0p9v25c
  combine_ram_ctrl_664
                     ZeroWireload          tcbn22ullbwp30p140tt0p9v25c
  combine_ram_ctrl_663
                     ZeroWireload          tcbn22ullbwp30p140tt0p9v25c
  combine_ram_ctrl_662
                     ZeroWireload          tcbn22ullbwp30p140tt0p9v25c
  combine_ram_ctrl_661
                     ZeroWireload          tcbn22ullbwp30p140tt0p9v25c
  combine_ram_ctrl_660
                     ZeroWireload          tcbn22ullbwp30p140tt0p9v25c
  combine_ram_ctrl_659
                     ZeroWireload          tcbn22ullbwp30p140tt0p9v25c
  combine_ram_ctrl_658
                     ZeroWireload          tcbn22ullbwp30p140tt0p9v25c
  combine_ram_ctrl_657
                     ZeroWireload          tcbn22ullbwp30p140tt0p9v25c
  combine_ram_ctrl_656
                     ZeroWireload          tcbn22ullbwp30p140tt0p9v25c
  combine_ram_ctrl_655
                     ZeroWireload          tcbn22ullbwp30p140tt0p9v25c
  combine_ram_ctrl_654
                     ZeroWireload          tcbn22ullbwp30p140tt0p9v25c
  combine_ram_ctrl_653
                     ZeroWireload          tcbn22ullbwp30p140tt0p9v25c
  combine_ram_ctrl_652
                     ZeroWireload          tcbn22ullbwp30p140tt0p9v25c
  combine_ram_ctrl_651
                     ZeroWireload          tcbn22ullbwp30p140tt0p9v25c
  combine_ram_ctrl_650
                     ZeroWireload          tcbn22ullbwp30p140tt0p9v25c
  combine_ram_ctrl_649
                     ZeroWireload          tcbn22ullbwp30p140tt0p9v25c
  combine_ram_ctrl_648
                     ZeroWireload          tcbn22ullbwp30p140tt0p9v25c
  combine_ram_ctrl_647
                     ZeroWireload          tcbn22ullbwp30p140tt0p9v25c
  combine_ram_ctrl_646
                     ZeroWireload          tcbn22ullbwp30p140tt0p9v25c
  combine_ram_ctrl_645
                     ZeroWireload          tcbn22ullbwp30p140tt0p9v25c
  combine_ram_ctrl_644
                     ZeroWireload          tcbn22ullbwp30p140tt0p9v25c
  combine_ram_ctrl_643
                     ZeroWireload          tcbn22ullbwp30p140tt0p9v25c
  combine_ram_ctrl_642
                     ZeroWireload          tcbn22ullbwp30p140tt0p9v25c
  combine_ram_ctrl_641
                     ZeroWireload          tcbn22ullbwp30p140tt0p9v25c
  combine_ram_ctrl_640
                     ZeroWireload          tcbn22ullbwp30p140tt0p9v25c
  combine_ram_ctrl_639
                     ZeroWireload          tcbn22ullbwp30p140tt0p9v25c
  combine_ram_ctrl_638
                     ZeroWireload          tcbn22ullbwp30p140tt0p9v25c
  combine_ram_ctrl_637
                     ZeroWireload          tcbn22ullbwp30p140tt0p9v25c
  combine_ram_ctrl_636
                     ZeroWireload          tcbn22ullbwp30p140tt0p9v25c
  combine_ram_ctrl_635
                     ZeroWireload          tcbn22ullbwp30p140tt0p9v25c
  combine_ram_ctrl_634
                     ZeroWireload          tcbn22ullbwp30p140tt0p9v25c
  combine_ram_ctrl_633
                     ZeroWireload          tcbn22ullbwp30p140tt0p9v25c
  combine_ram_ctrl_632
                     ZeroWireload          tcbn22ullbwp30p140tt0p9v25c
  combine_ram_ctrl_631
                     ZeroWireload          tcbn22ullbwp30p140tt0p9v25c
  combine_ram_ctrl_630
                     ZeroWireload          tcbn22ullbwp30p140tt0p9v25c
  combine_ram_ctrl_629
                     ZeroWireload          tcbn22ullbwp30p140tt0p9v25c
  combine_ram_ctrl_628
                     ZeroWireload          tcbn22ullbwp30p140tt0p9v25c
  combine_ram_ctrl_627
                     ZeroWireload          tcbn22ullbwp30p140tt0p9v25c
  combine_ram_ctrl_626
                     ZeroWireload          tcbn22ullbwp30p140tt0p9v25c
  combine_ram_ctrl_625
                     ZeroWireload          tcbn22ullbwp30p140tt0p9v25c
  combine_ram_ctrl_624
                     ZeroWireload          tcbn22ullbwp30p140tt0p9v25c
  combine_ram_ctrl_623
                     ZeroWireload          tcbn22ullbwp30p140tt0p9v25c
  combine_ram_ctrl_622
                     ZeroWireload          tcbn22ullbwp30p140tt0p9v25c
  combine_ram_ctrl_621
                     ZeroWireload          tcbn22ullbwp30p140tt0p9v25c
  combine_ram_ctrl_620
                     ZeroWireload          tcbn22ullbwp30p140tt0p9v25c
  combine_ram_ctrl_619
                     ZeroWireload          tcbn22ullbwp30p140tt0p9v25c
  combine_ram_ctrl_618
                     ZeroWireload          tcbn22ullbwp30p140tt0p9v25c
  combine_ram_ctrl_617
                     ZeroWireload          tcbn22ullbwp30p140tt0p9v25c
  combine_ram_ctrl_616
                     ZeroWireload          tcbn22ullbwp30p140tt0p9v25c
  combine_ram_ctrl_615
                     ZeroWireload          tcbn22ullbwp30p140tt0p9v25c
  combine_ram_ctrl_614
                     ZeroWireload          tcbn22ullbwp30p140tt0p9v25c
  combine_ram_ctrl_613
                     ZeroWireload          tcbn22ullbwp30p140tt0p9v25c
  combine_ram_ctrl_612
                     ZeroWireload          tcbn22ullbwp30p140tt0p9v25c
  combine_ram_ctrl_611
                     ZeroWireload          tcbn22ullbwp30p140tt0p9v25c
  combine_ram_ctrl_610
                     ZeroWireload          tcbn22ullbwp30p140tt0p9v25c
  combine_ram_ctrl_609
                     ZeroWireload          tcbn22ullbwp30p140tt0p9v25c
  combine_ram_ctrl_608
                     ZeroWireload          tcbn22ullbwp30p140tt0p9v25c
  combine_ram_ctrl_607
                     ZeroWireload          tcbn22ullbwp30p140tt0p9v25c
  combine_ram_ctrl_606
                     ZeroWireload          tcbn22ullbwp30p140tt0p9v25c
  combine_ram_ctrl_605
                     ZeroWireload          tcbn22ullbwp30p140tt0p9v25c
  combine_ram_ctrl_604
                     ZeroWireload          tcbn22ullbwp30p140tt0p9v25c
  combine_ram_ctrl_603
                     ZeroWireload          tcbn22ullbwp30p140tt0p9v25c
  combine_ram_ctrl_602
                     ZeroWireload          tcbn22ullbwp30p140tt0p9v25c
  combine_ram_ctrl_601
                     ZeroWireload          tcbn22ullbwp30p140tt0p9v25c
  combine_ram_ctrl_600
                     ZeroWireload          tcbn22ullbwp30p140tt0p9v25c
  combine_ram_ctrl_599
                     ZeroWireload          tcbn22ullbwp30p140tt0p9v25c
  combine_ram_ctrl_598
                     ZeroWireload          tcbn22ullbwp30p140tt0p9v25c
  combine_ram_ctrl_597
                     ZeroWireload          tcbn22ullbwp30p140tt0p9v25c
  combine_ram_ctrl_596
                     ZeroWireload          tcbn22ullbwp30p140tt0p9v25c
  combine_ram_ctrl_595
                     ZeroWireload          tcbn22ullbwp30p140tt0p9v25c
  combine_ram_ctrl_594
                     ZeroWireload          tcbn22ullbwp30p140tt0p9v25c
  combine_ram_ctrl_593
                     ZeroWireload          tcbn22ullbwp30p140tt0p9v25c
  combine_ram_ctrl_592
                     ZeroWireload          tcbn22ullbwp30p140tt0p9v25c
  combine_ram_ctrl_591
                     ZeroWireload          tcbn22ullbwp30p140tt0p9v25c
  combine_ram_ctrl_590
                     ZeroWireload          tcbn22ullbwp30p140tt0p9v25c
  combine_ram_ctrl_589
                     ZeroWireload          tcbn22ullbwp30p140tt0p9v25c
  combine_ram_ctrl_588
                     ZeroWireload          tcbn22ullbwp30p140tt0p9v25c
  combine_ram_ctrl_587
                     ZeroWireload          tcbn22ullbwp30p140tt0p9v25c
  combine_ram_ctrl_586
                     ZeroWireload          tcbn22ullbwp30p140tt0p9v25c
  combine_ram_ctrl_585
                     ZeroWireload          tcbn22ullbwp30p140tt0p9v25c
  combine_ram_ctrl_584
                     ZeroWireload          tcbn22ullbwp30p140tt0p9v25c
  combine_ram_ctrl_583
                     ZeroWireload          tcbn22ullbwp30p140tt0p9v25c
  combine_ram_ctrl_582
                     ZeroWireload          tcbn22ullbwp30p140tt0p9v25c
  combine_ram_ctrl_581
                     ZeroWireload          tcbn22ullbwp30p140tt0p9v25c
  combine_ram_ctrl_580
                     ZeroWireload          tcbn22ullbwp30p140tt0p9v25c
  combine_ram_ctrl_579
                     ZeroWireload          tcbn22ullbwp30p140tt0p9v25c
  combine_ram_ctrl_578
                     ZeroWireload          tcbn22ullbwp30p140tt0p9v25c
  combine_ram_ctrl_577
                     ZeroWireload          tcbn22ullbwp30p140tt0p9v25c
  combine_ram_ctrl_576
                     ZeroWireload          tcbn22ullbwp30p140tt0p9v25c
  combine_ram_ctrl_575
                     ZeroWireload          tcbn22ullbwp30p140tt0p9v25c
  combine_ram_ctrl_574
                     ZeroWireload          tcbn22ullbwp30p140tt0p9v25c
  combine_ram_ctrl_573
                     ZeroWireload          tcbn22ullbwp30p140tt0p9v25c
  combine_ram_ctrl_572
                     ZeroWireload          tcbn22ullbwp30p140tt0p9v25c
  combine_ram_ctrl_571
                     ZeroWireload          tcbn22ullbwp30p140tt0p9v25c
  combine_ram_ctrl_570
                     ZeroWireload          tcbn22ullbwp30p140tt0p9v25c
  combine_ram_ctrl_569
                     ZeroWireload          tcbn22ullbwp30p140tt0p9v25c
  combine_ram_ctrl_568
                     ZeroWireload          tcbn22ullbwp30p140tt0p9v25c
  combine_ram_ctrl_567
                     ZeroWireload          tcbn22ullbwp30p140tt0p9v25c
  combine_ram_ctrl_566
                     ZeroWireload          tcbn22ullbwp30p140tt0p9v25c
  combine_ram_ctrl_565
                     ZeroWireload          tcbn22ullbwp30p140tt0p9v25c
  combine_ram_ctrl_564
                     ZeroWireload          tcbn22ullbwp30p140tt0p9v25c
  combine_ram_ctrl_563
                     ZeroWireload          tcbn22ullbwp30p140tt0p9v25c
  combine_ram_ctrl_562
                     ZeroWireload          tcbn22ullbwp30p140tt0p9v25c
  combine_ram_ctrl_561
                     ZeroWireload          tcbn22ullbwp30p140tt0p9v25c
  combine_ram_ctrl_560
                     ZeroWireload          tcbn22ullbwp30p140tt0p9v25c
  combine_ram_ctrl_559
                     ZeroWireload          tcbn22ullbwp30p140tt0p9v25c
  combine_ram_ctrl_558
                     ZeroWireload          tcbn22ullbwp30p140tt0p9v25c
  combine_ram_ctrl_557
                     ZeroWireload          tcbn22ullbwp30p140tt0p9v25c
  combine_ram_ctrl_556
                     ZeroWireload          tcbn22ullbwp30p140tt0p9v25c
  combine_ram_ctrl_555
                     ZeroWireload          tcbn22ullbwp30p140tt0p9v25c
  combine_ram_ctrl_554
                     ZeroWireload          tcbn22ullbwp30p140tt0p9v25c
  combine_ram_ctrl_553
                     ZeroWireload          tcbn22ullbwp30p140tt0p9v25c
  combine_ram_ctrl_552
                     ZeroWireload          tcbn22ullbwp30p140tt0p9v25c
  combine_ram_ctrl_551
                     ZeroWireload          tcbn22ullbwp30p140tt0p9v25c
  combine_ram_ctrl_550
                     ZeroWireload          tcbn22ullbwp30p140tt0p9v25c
  combine_ram_ctrl_549
                     ZeroWireload          tcbn22ullbwp30p140tt0p9v25c
  combine_ram_ctrl_548
                     ZeroWireload          tcbn22ullbwp30p140tt0p9v25c
  combine_ram_ctrl_547
                     ZeroWireload          tcbn22ullbwp30p140tt0p9v25c
  combine_ram_ctrl_546
                     ZeroWireload          tcbn22ullbwp30p140tt0p9v25c
  combine_ram_ctrl_545
                     ZeroWireload          tcbn22ullbwp30p140tt0p9v25c
  combine_ram_ctrl_544
                     ZeroWireload          tcbn22ullbwp30p140tt0p9v25c
  combine_ram_ctrl_543
                     ZeroWireload          tcbn22ullbwp30p140tt0p9v25c
  combine_ram_ctrl_542
                     ZeroWireload          tcbn22ullbwp30p140tt0p9v25c
  combine_ram_ctrl_541
                     ZeroWireload          tcbn22ullbwp30p140tt0p9v25c
  combine_ram_ctrl_540
                     ZeroWireload          tcbn22ullbwp30p140tt0p9v25c
  combine_ram_ctrl_539
                     ZeroWireload          tcbn22ullbwp30p140tt0p9v25c
  combine_ram_ctrl_538
                     ZeroWireload          tcbn22ullbwp30p140tt0p9v25c
  combine_ram_ctrl_537
                     ZeroWireload          tcbn22ullbwp30p140tt0p9v25c
  combine_ram_ctrl_536
                     ZeroWireload          tcbn22ullbwp30p140tt0p9v25c
  combine_ram_ctrl_535
                     ZeroWireload          tcbn22ullbwp30p140tt0p9v25c
  combine_ram_ctrl_534
                     ZeroWireload          tcbn22ullbwp30p140tt0p9v25c
  combine_ram_ctrl_533
                     ZeroWireload          tcbn22ullbwp30p140tt0p9v25c
  combine_ram_ctrl_532
                     ZeroWireload          tcbn22ullbwp30p140tt0p9v25c
  combine_ram_ctrl_531
                     ZeroWireload          tcbn22ullbwp30p140tt0p9v25c
  combine_ram_ctrl_530
                     ZeroWireload          tcbn22ullbwp30p140tt0p9v25c
  combine_ram_ctrl_529
                     ZeroWireload          tcbn22ullbwp30p140tt0p9v25c
  combine_ram_ctrl_528
                     ZeroWireload          tcbn22ullbwp30p140tt0p9v25c
  combine_ram_ctrl_527
                     ZeroWireload          tcbn22ullbwp30p140tt0p9v25c
  combine_ram_ctrl_526
                     ZeroWireload          tcbn22ullbwp30p140tt0p9v25c
  combine_ram_ctrl_525
                     ZeroWireload          tcbn22ullbwp30p140tt0p9v25c
  combine_ram_ctrl_524
                     ZeroWireload          tcbn22ullbwp30p140tt0p9v25c
  combine_ram_ctrl_523
                     ZeroWireload          tcbn22ullbwp30p140tt0p9v25c
  combine_ram_ctrl_522
                     ZeroWireload          tcbn22ullbwp30p140tt0p9v25c
  combine_ram_ctrl_521
                     ZeroWireload          tcbn22ullbwp30p140tt0p9v25c
  combine_ram_ctrl_520
                     ZeroWireload          tcbn22ullbwp30p140tt0p9v25c
  combine_ram_ctrl_519
                     ZeroWireload          tcbn22ullbwp30p140tt0p9v25c
  combine_ram_ctrl_518
                     ZeroWireload          tcbn22ullbwp30p140tt0p9v25c
  combine_ram_ctrl_517
                     ZeroWireload          tcbn22ullbwp30p140tt0p9v25c
  combine_ram_ctrl_516
                     ZeroWireload          tcbn22ullbwp30p140tt0p9v25c
  combine_ram_ctrl_515
                     ZeroWireload          tcbn22ullbwp30p140tt0p9v25c
  combine_ram_ctrl_514
                     ZeroWireload          tcbn22ullbwp30p140tt0p9v25c
  combine_ram_ctrl_513
                     ZeroWireload          tcbn22ullbwp30p140tt0p9v25c
  combine_ram_ctrl_512
                     ZeroWireload          tcbn22ullbwp30p140tt0p9v25c
  combine_ram_ctrl_511
                     ZeroWireload          tcbn22ullbwp30p140tt0p9v25c
  combine_ram_ctrl_510
                     ZeroWireload          tcbn22ullbwp30p140tt0p9v25c
  combine_ram_ctrl_509
                     ZeroWireload          tcbn22ullbwp30p140tt0p9v25c
  combine_ram_ctrl_508
                     ZeroWireload          tcbn22ullbwp30p140tt0p9v25c
  combine_ram_ctrl_507
                     ZeroWireload          tcbn22ullbwp30p140tt0p9v25c
  combine_ram_ctrl_506
                     ZeroWireload          tcbn22ullbwp30p140tt0p9v25c
  combine_ram_ctrl_505
                     ZeroWireload          tcbn22ullbwp30p140tt0p9v25c
  combine_ram_ctrl_504
                     ZeroWireload          tcbn22ullbwp30p140tt0p9v25c
  combine_ram_ctrl_503
                     ZeroWireload          tcbn22ullbwp30p140tt0p9v25c
  combine_ram_ctrl_502
                     ZeroWireload          tcbn22ullbwp30p140tt0p9v25c
  combine_ram_ctrl_501
                     ZeroWireload          tcbn22ullbwp30p140tt0p9v25c
  combine_ram_ctrl_500
                     ZeroWireload          tcbn22ullbwp30p140tt0p9v25c
  combine_ram_ctrl_499
                     ZeroWireload          tcbn22ullbwp30p140tt0p9v25c
  combine_ram_ctrl_498
                     ZeroWireload          tcbn22ullbwp30p140tt0p9v25c
  combine_ram_ctrl_497
                     ZeroWireload          tcbn22ullbwp30p140tt0p9v25c
  combine_ram_ctrl_496
                     ZeroWireload          tcbn22ullbwp30p140tt0p9v25c
  combine_ram_ctrl_495
                     ZeroWireload          tcbn22ullbwp30p140tt0p9v25c
  combine_ram_ctrl_494
                     ZeroWireload          tcbn22ullbwp30p140tt0p9v25c
  combine_ram_ctrl_493
                     ZeroWireload          tcbn22ullbwp30p140tt0p9v25c
  combine_ram_ctrl_492
                     ZeroWireload          tcbn22ullbwp30p140tt0p9v25c
  combine_ram_ctrl_491
                     ZeroWireload          tcbn22ullbwp30p140tt0p9v25c
  combine_ram_ctrl_490
                     ZeroWireload          tcbn22ullbwp30p140tt0p9v25c
  combine_ram_ctrl_489
                     ZeroWireload          tcbn22ullbwp30p140tt0p9v25c
  combine_ram_ctrl_488
                     ZeroWireload          tcbn22ullbwp30p140tt0p9v25c
  combine_ram_ctrl_487
                     ZeroWireload          tcbn22ullbwp30p140tt0p9v25c
  combine_ram_ctrl_486
                     ZeroWireload          tcbn22ullbwp30p140tt0p9v25c
  combine_ram_ctrl_485
                     ZeroWireload          tcbn22ullbwp30p140tt0p9v25c
  combine_ram_ctrl_484
                     ZeroWireload          tcbn22ullbwp30p140tt0p9v25c
  combine_ram_ctrl_483
                     ZeroWireload          tcbn22ullbwp30p140tt0p9v25c
  combine_ram_ctrl_482
                     ZeroWireload          tcbn22ullbwp30p140tt0p9v25c
  combine_ram_ctrl_481
                     ZeroWireload          tcbn22ullbwp30p140tt0p9v25c
  combine_ram_ctrl_480
                     ZeroWireload          tcbn22ullbwp30p140tt0p9v25c
  combine_ram_ctrl_479
                     ZeroWireload          tcbn22ullbwp30p140tt0p9v25c
  combine_ram_ctrl_478
                     ZeroWireload          tcbn22ullbwp30p140tt0p9v25c
  combine_ram_ctrl_477
                     ZeroWireload          tcbn22ullbwp30p140tt0p9v25c
  combine_ram_ctrl_476
                     ZeroWireload          tcbn22ullbwp30p140tt0p9v25c
  combine_ram_ctrl_475
                     ZeroWireload          tcbn22ullbwp30p140tt0p9v25c
  combine_ram_ctrl_474
                     ZeroWireload          tcbn22ullbwp30p140tt0p9v25c
  combine_ram_ctrl_473
                     ZeroWireload          tcbn22ullbwp30p140tt0p9v25c
  combine_ram_ctrl_472
                     ZeroWireload          tcbn22ullbwp30p140tt0p9v25c
  combine_ram_ctrl_471
                     ZeroWireload          tcbn22ullbwp30p140tt0p9v25c
  combine_ram_ctrl_470
                     ZeroWireload          tcbn22ullbwp30p140tt0p9v25c
  combine_ram_ctrl_469
                     ZeroWireload          tcbn22ullbwp30p140tt0p9v25c
  combine_ram_ctrl_468
                     ZeroWireload          tcbn22ullbwp30p140tt0p9v25c
  combine_ram_ctrl_467
                     ZeroWireload          tcbn22ullbwp30p140tt0p9v25c
  combine_ram_ctrl_466
                     ZeroWireload          tcbn22ullbwp30p140tt0p9v25c
  combine_ram_ctrl_465
                     ZeroWireload          tcbn22ullbwp30p140tt0p9v25c
  combine_ram_ctrl_464
                     ZeroWireload          tcbn22ullbwp30p140tt0p9v25c
  combine_ram_ctrl_463
                     ZeroWireload          tcbn22ullbwp30p140tt0p9v25c
  combine_ram_ctrl_462
                     ZeroWireload          tcbn22ullbwp30p140tt0p9v25c
  combine_ram_ctrl_461
                     ZeroWireload          tcbn22ullbwp30p140tt0p9v25c
  combine_ram_ctrl_460
                     ZeroWireload          tcbn22ullbwp30p140tt0p9v25c
  combine_ram_ctrl_459
                     ZeroWireload          tcbn22ullbwp30p140tt0p9v25c
  combine_ram_ctrl_458
                     ZeroWireload          tcbn22ullbwp30p140tt0p9v25c
  combine_ram_ctrl_457
                     ZeroWireload          tcbn22ullbwp30p140tt0p9v25c
  combine_ram_ctrl_456
                     ZeroWireload          tcbn22ullbwp30p140tt0p9v25c
  combine_ram_ctrl_455
                     ZeroWireload          tcbn22ullbwp30p140tt0p9v25c
  combine_ram_ctrl_454
                     ZeroWireload          tcbn22ullbwp30p140tt0p9v25c
  combine_ram_ctrl_453
                     ZeroWireload          tcbn22ullbwp30p140tt0p9v25c
  combine_ram_ctrl_452
                     ZeroWireload          tcbn22ullbwp30p140tt0p9v25c
  combine_ram_ctrl_451
                     ZeroWireload          tcbn22ullbwp30p140tt0p9v25c
  combine_ram_ctrl_450
                     ZeroWireload          tcbn22ullbwp30p140tt0p9v25c
  combine_ram_ctrl_449
                     ZeroWireload          tcbn22ullbwp30p140tt0p9v25c
  combine_ram_ctrl_448
                     ZeroWireload          tcbn22ullbwp30p140tt0p9v25c
  combine_ram_ctrl_447
                     ZeroWireload          tcbn22ullbwp30p140tt0p9v25c
  combine_ram_ctrl_446
                     ZeroWireload          tcbn22ullbwp30p140tt0p9v25c
  combine_ram_ctrl_445
                     ZeroWireload          tcbn22ullbwp30p140tt0p9v25c
  combine_ram_ctrl_444
                     ZeroWireload          tcbn22ullbwp30p140tt0p9v25c
  combine_ram_ctrl_443
                     ZeroWireload          tcbn22ullbwp30p140tt0p9v25c
  combine_ram_ctrl_442
                     ZeroWireload          tcbn22ullbwp30p140tt0p9v25c
  combine_ram_ctrl_441
                     ZeroWireload          tcbn22ullbwp30p140tt0p9v25c
  combine_ram_ctrl_440
                     ZeroWireload          tcbn22ullbwp30p140tt0p9v25c
  combine_ram_ctrl_439
                     ZeroWireload          tcbn22ullbwp30p140tt0p9v25c
  combine_ram_ctrl_438
                     ZeroWireload          tcbn22ullbwp30p140tt0p9v25c
  combine_ram_ctrl_437
                     ZeroWireload          tcbn22ullbwp30p140tt0p9v25c
  combine_ram_ctrl_436
                     ZeroWireload          tcbn22ullbwp30p140tt0p9v25c
  combine_ram_ctrl_435
                     ZeroWireload          tcbn22ullbwp30p140tt0p9v25c
  combine_ram_ctrl_434
                     ZeroWireload          tcbn22ullbwp30p140tt0p9v25c
  combine_ram_ctrl_433
                     ZeroWireload          tcbn22ullbwp30p140tt0p9v25c
  combine_ram_ctrl_432
                     ZeroWireload          tcbn22ullbwp30p140tt0p9v25c
  combine_ram_ctrl_431
                     ZeroWireload          tcbn22ullbwp30p140tt0p9v25c
  combine_ram_ctrl_430
                     ZeroWireload          tcbn22ullbwp30p140tt0p9v25c
  combine_ram_ctrl_429
                     ZeroWireload          tcbn22ullbwp30p140tt0p9v25c
  combine_ram_ctrl_428
                     ZeroWireload          tcbn22ullbwp30p140tt0p9v25c
  combine_ram_ctrl_427
                     ZeroWireload          tcbn22ullbwp30p140tt0p9v25c
  combine_ram_ctrl_426
                     ZeroWireload          tcbn22ullbwp30p140tt0p9v25c
  combine_ram_ctrl_425
                     ZeroWireload          tcbn22ullbwp30p140tt0p9v25c
  combine_ram_ctrl_424
                     ZeroWireload          tcbn22ullbwp30p140tt0p9v25c
  combine_ram_ctrl_423
                     ZeroWireload          tcbn22ullbwp30p140tt0p9v25c
  combine_ram_ctrl_422
                     ZeroWireload          tcbn22ullbwp30p140tt0p9v25c
  combine_ram_ctrl_421
                     ZeroWireload          tcbn22ullbwp30p140tt0p9v25c
  combine_ram_ctrl_420
                     ZeroWireload          tcbn22ullbwp30p140tt0p9v25c
  combine_ram_ctrl_419
                     ZeroWireload          tcbn22ullbwp30p140tt0p9v25c
  combine_ram_ctrl_418
                     ZeroWireload          tcbn22ullbwp30p140tt0p9v25c
  combine_ram_ctrl_417
                     ZeroWireload          tcbn22ullbwp30p140tt0p9v25c
  combine_ram_ctrl_416
                     ZeroWireload          tcbn22ullbwp30p140tt0p9v25c
  combine_ram_ctrl_415
                     ZeroWireload          tcbn22ullbwp30p140tt0p9v25c
  combine_ram_ctrl_414
                     ZeroWireload          tcbn22ullbwp30p140tt0p9v25c
  combine_ram_ctrl_413
                     ZeroWireload          tcbn22ullbwp30p140tt0p9v25c
  combine_ram_ctrl_412
                     ZeroWireload          tcbn22ullbwp30p140tt0p9v25c
  combine_ram_ctrl_411
                     ZeroWireload          tcbn22ullbwp30p140tt0p9v25c
  combine_ram_ctrl_410
                     ZeroWireload          tcbn22ullbwp30p140tt0p9v25c
  combine_ram_ctrl_409
                     ZeroWireload          tcbn22ullbwp30p140tt0p9v25c
  combine_ram_ctrl_408
                     ZeroWireload          tcbn22ullbwp30p140tt0p9v25c
  combine_ram_ctrl_407
                     ZeroWireload          tcbn22ullbwp30p140tt0p9v25c
  combine_ram_ctrl_406
                     ZeroWireload          tcbn22ullbwp30p140tt0p9v25c
  combine_ram_ctrl_405
                     ZeroWireload          tcbn22ullbwp30p140tt0p9v25c
  combine_ram_ctrl_404
                     ZeroWireload          tcbn22ullbwp30p140tt0p9v25c
  combine_ram_ctrl_403
                     ZeroWireload          tcbn22ullbwp30p140tt0p9v25c
  combine_ram_ctrl_402
                     ZeroWireload          tcbn22ullbwp30p140tt0p9v25c
  combine_ram_ctrl_401
                     ZeroWireload          tcbn22ullbwp30p140tt0p9v25c
  combine_ram_ctrl_400
                     ZeroWireload          tcbn22ullbwp30p140tt0p9v25c
  combine_ram_ctrl_399
                     ZeroWireload          tcbn22ullbwp30p140tt0p9v25c
  combine_ram_ctrl_398
                     ZeroWireload          tcbn22ullbwp30p140tt0p9v25c
  combine_ram_ctrl_397
                     ZeroWireload          tcbn22ullbwp30p140tt0p9v25c
  combine_ram_ctrl_396
                     ZeroWireload          tcbn22ullbwp30p140tt0p9v25c
  combine_ram_ctrl_395
                     ZeroWireload          tcbn22ullbwp30p140tt0p9v25c
  combine_ram_ctrl_394
                     ZeroWireload          tcbn22ullbwp30p140tt0p9v25c
  combine_ram_ctrl_393
                     ZeroWireload          tcbn22ullbwp30p140tt0p9v25c
  combine_ram_ctrl_392
                     ZeroWireload          tcbn22ullbwp30p140tt0p9v25c
  combine_ram_ctrl_391
                     ZeroWireload          tcbn22ullbwp30p140tt0p9v25c
  combine_ram_ctrl_390
                     ZeroWireload          tcbn22ullbwp30p140tt0p9v25c
  combine_ram_ctrl_389
                     ZeroWireload          tcbn22ullbwp30p140tt0p9v25c
  combine_ram_ctrl_388
                     ZeroWireload          tcbn22ullbwp30p140tt0p9v25c
  combine_ram_ctrl_387
                     ZeroWireload          tcbn22ullbwp30p140tt0p9v25c
  combine_ram_ctrl_386
                     ZeroWireload          tcbn22ullbwp30p140tt0p9v25c
  combine_ram_ctrl_385
                     ZeroWireload          tcbn22ullbwp30p140tt0p9v25c
  combine_ram_ctrl_384
                     ZeroWireload          tcbn22ullbwp30p140tt0p9v25c
  combine_ram_ctrl_383
                     ZeroWireload          tcbn22ullbwp30p140tt0p9v25c
  combine_ram_ctrl_382
                     ZeroWireload          tcbn22ullbwp30p140tt0p9v25c
  combine_ram_ctrl_381
                     ZeroWireload          tcbn22ullbwp30p140tt0p9v25c
  combine_ram_ctrl_380
                     ZeroWireload          tcbn22ullbwp30p140tt0p9v25c
  combine_ram_ctrl_379
                     ZeroWireload          tcbn22ullbwp30p140tt0p9v25c
  combine_ram_ctrl_378
                     ZeroWireload          tcbn22ullbwp30p140tt0p9v25c
  combine_ram_ctrl_377
                     ZeroWireload          tcbn22ullbwp30p140tt0p9v25c
  combine_ram_ctrl_376
                     ZeroWireload          tcbn22ullbwp30p140tt0p9v25c
  combine_ram_ctrl_375
                     ZeroWireload          tcbn22ullbwp30p140tt0p9v25c
  combine_ram_ctrl_374
                     ZeroWireload          tcbn22ullbwp30p140tt0p9v25c
  combine_ram_ctrl_373
                     ZeroWireload          tcbn22ullbwp30p140tt0p9v25c
  combine_ram_ctrl_372
                     ZeroWireload          tcbn22ullbwp30p140tt0p9v25c
  combine_ram_ctrl_371
                     ZeroWireload          tcbn22ullbwp30p140tt0p9v25c
  combine_ram_ctrl_370
                     ZeroWireload          tcbn22ullbwp30p140tt0p9v25c
  combine_ram_ctrl_369
                     ZeroWireload          tcbn22ullbwp30p140tt0p9v25c
  combine_ram_ctrl_368
                     ZeroWireload          tcbn22ullbwp30p140tt0p9v25c
  combine_ram_ctrl_367
                     ZeroWireload          tcbn22ullbwp30p140tt0p9v25c
  combine_ram_ctrl_366
                     ZeroWireload          tcbn22ullbwp30p140tt0p9v25c
  combine_ram_ctrl_365
                     ZeroWireload          tcbn22ullbwp30p140tt0p9v25c
  combine_ram_ctrl_364
                     ZeroWireload          tcbn22ullbwp30p140tt0p9v25c
  combine_ram_ctrl_363
                     ZeroWireload          tcbn22ullbwp30p140tt0p9v25c
  combine_ram_ctrl_362
                     ZeroWireload          tcbn22ullbwp30p140tt0p9v25c
  combine_ram_ctrl_361
                     ZeroWireload          tcbn22ullbwp30p140tt0p9v25c
  combine_ram_ctrl_360
                     ZeroWireload          tcbn22ullbwp30p140tt0p9v25c
  combine_ram_ctrl_359
                     ZeroWireload          tcbn22ullbwp30p140tt0p9v25c
  combine_ram_ctrl_358
                     ZeroWireload          tcbn22ullbwp30p140tt0p9v25c
  combine_ram_ctrl_357
                     ZeroWireload          tcbn22ullbwp30p140tt0p9v25c
  combine_ram_ctrl_356
                     ZeroWireload          tcbn22ullbwp30p140tt0p9v25c
  combine_ram_ctrl_355
                     ZeroWireload          tcbn22ullbwp30p140tt0p9v25c
  combine_ram_ctrl_354
                     ZeroWireload          tcbn22ullbwp30p140tt0p9v25c
  combine_ram_ctrl_353
                     ZeroWireload          tcbn22ullbwp30p140tt0p9v25c
  combine_ram_ctrl_352
                     ZeroWireload          tcbn22ullbwp30p140tt0p9v25c
  combine_ram_ctrl_351
                     ZeroWireload          tcbn22ullbwp30p140tt0p9v25c
  combine_ram_ctrl_350
                     ZeroWireload          tcbn22ullbwp30p140tt0p9v25c
  combine_ram_ctrl_349
                     ZeroWireload          tcbn22ullbwp30p140tt0p9v25c
  combine_ram_ctrl_348
                     ZeroWireload          tcbn22ullbwp30p140tt0p9v25c
  combine_ram_ctrl_347
                     ZeroWireload          tcbn22ullbwp30p140tt0p9v25c
  combine_ram_ctrl_346
                     ZeroWireload          tcbn22ullbwp30p140tt0p9v25c
  combine_ram_ctrl_345
                     ZeroWireload          tcbn22ullbwp30p140tt0p9v25c
  combine_ram_ctrl_344
                     ZeroWireload          tcbn22ullbwp30p140tt0p9v25c
  combine_ram_ctrl_343
                     ZeroWireload          tcbn22ullbwp30p140tt0p9v25c
  combine_ram_ctrl_342
                     ZeroWireload          tcbn22ullbwp30p140tt0p9v25c
  combine_ram_ctrl_341
                     ZeroWireload          tcbn22ullbwp30p140tt0p9v25c
  combine_ram_ctrl_340
                     ZeroWireload          tcbn22ullbwp30p140tt0p9v25c
  combine_ram_ctrl_339
                     ZeroWireload          tcbn22ullbwp30p140tt0p9v25c
  combine_ram_ctrl_338
                     ZeroWireload          tcbn22ullbwp30p140tt0p9v25c
  combine_ram_ctrl_337
                     ZeroWireload          tcbn22ullbwp30p140tt0p9v25c
  combine_ram_ctrl_336
                     ZeroWireload          tcbn22ullbwp30p140tt0p9v25c
  combine_ram_ctrl_335
                     ZeroWireload          tcbn22ullbwp30p140tt0p9v25c
  combine_ram_ctrl_334
                     ZeroWireload          tcbn22ullbwp30p140tt0p9v25c
  combine_ram_ctrl_333
                     ZeroWireload          tcbn22ullbwp30p140tt0p9v25c
  combine_ram_ctrl_332
                     ZeroWireload          tcbn22ullbwp30p140tt0p9v25c
  combine_ram_ctrl_331
                     ZeroWireload          tcbn22ullbwp30p140tt0p9v25c
  combine_ram_ctrl_330
                     ZeroWireload          tcbn22ullbwp30p140tt0p9v25c
  combine_ram_ctrl_329
                     ZeroWireload          tcbn22ullbwp30p140tt0p9v25c
  combine_ram_ctrl_328
                     ZeroWireload          tcbn22ullbwp30p140tt0p9v25c
  combine_ram_ctrl_327
                     ZeroWireload          tcbn22ullbwp30p140tt0p9v25c
  combine_ram_ctrl_326
                     ZeroWireload          tcbn22ullbwp30p140tt0p9v25c
  combine_ram_ctrl_325
                     ZeroWireload          tcbn22ullbwp30p140tt0p9v25c
  combine_ram_ctrl_324
                     ZeroWireload          tcbn22ullbwp30p140tt0p9v25c
  combine_ram_ctrl_323
                     ZeroWireload          tcbn22ullbwp30p140tt0p9v25c
  combine_ram_ctrl_322
                     ZeroWireload          tcbn22ullbwp30p140tt0p9v25c
  combine_ram_ctrl_321
                     ZeroWireload          tcbn22ullbwp30p140tt0p9v25c
  combine_ram_ctrl_320
                     ZeroWireload          tcbn22ullbwp30p140tt0p9v25c
  combine_ram_ctrl_319
                     ZeroWireload          tcbn22ullbwp30p140tt0p9v25c
  combine_ram_ctrl_318
                     ZeroWireload          tcbn22ullbwp30p140tt0p9v25c
  combine_ram_ctrl_317
                     ZeroWireload          tcbn22ullbwp30p140tt0p9v25c
  combine_ram_ctrl_316
                     ZeroWireload          tcbn22ullbwp30p140tt0p9v25c
  combine_ram_ctrl_315
                     ZeroWireload          tcbn22ullbwp30p140tt0p9v25c
  combine_ram_ctrl_314
                     ZeroWireload          tcbn22ullbwp30p140tt0p9v25c
  combine_ram_ctrl_313
                     ZeroWireload          tcbn22ullbwp30p140tt0p9v25c
  combine_ram_ctrl_312
                     ZeroWireload          tcbn22ullbwp30p140tt0p9v25c
  combine_ram_ctrl_311
                     ZeroWireload          tcbn22ullbwp30p140tt0p9v25c
  combine_ram_ctrl_310
                     ZeroWireload          tcbn22ullbwp30p140tt0p9v25c
  combine_ram_ctrl_309
                     ZeroWireload          tcbn22ullbwp30p140tt0p9v25c
  combine_ram_ctrl_308
                     ZeroWireload          tcbn22ullbwp30p140tt0p9v25c
  combine_ram_ctrl_307
                     ZeroWireload          tcbn22ullbwp30p140tt0p9v25c
  combine_ram_ctrl_306
                     ZeroWireload          tcbn22ullbwp30p140tt0p9v25c
  combine_ram_ctrl_305
                     ZeroWireload          tcbn22ullbwp30p140tt0p9v25c
  combine_ram_ctrl_304
                     ZeroWireload          tcbn22ullbwp30p140tt0p9v25c
  combine_ram_ctrl_303
                     ZeroWireload          tcbn22ullbwp30p140tt0p9v25c
  combine_ram_ctrl_302
                     ZeroWireload          tcbn22ullbwp30p140tt0p9v25c
  combine_ram_ctrl_301
                     ZeroWireload          tcbn22ullbwp30p140tt0p9v25c
  combine_ram_ctrl_300
                     ZeroWireload          tcbn22ullbwp30p140tt0p9v25c
  combine_ram_ctrl_299
                     ZeroWireload          tcbn22ullbwp30p140tt0p9v25c
  combine_ram_ctrl_298
                     ZeroWireload          tcbn22ullbwp30p140tt0p9v25c
  combine_ram_ctrl_297
                     ZeroWireload          tcbn22ullbwp30p140tt0p9v25c
  combine_ram_ctrl_296
                     ZeroWireload          tcbn22ullbwp30p140tt0p9v25c
  combine_ram_ctrl_295
                     ZeroWireload          tcbn22ullbwp30p140tt0p9v25c
  combine_ram_ctrl_294
                     ZeroWireload          tcbn22ullbwp30p140tt0p9v25c
  combine_ram_ctrl_293
                     ZeroWireload          tcbn22ullbwp30p140tt0p9v25c
  combine_ram_ctrl_292
                     ZeroWireload          tcbn22ullbwp30p140tt0p9v25c
  combine_ram_ctrl_291
                     ZeroWireload          tcbn22ullbwp30p140tt0p9v25c
  combine_ram_ctrl_290
                     ZeroWireload          tcbn22ullbwp30p140tt0p9v25c
  combine_ram_ctrl_289
                     ZeroWireload          tcbn22ullbwp30p140tt0p9v25c
  combine_ram_ctrl_288
                     ZeroWireload          tcbn22ullbwp30p140tt0p9v25c
  combine_ram_ctrl_287
                     ZeroWireload          tcbn22ullbwp30p140tt0p9v25c
  combine_ram_ctrl_286
                     ZeroWireload          tcbn22ullbwp30p140tt0p9v25c
  combine_ram_ctrl_285
                     ZeroWireload          tcbn22ullbwp30p140tt0p9v25c
  combine_ram_ctrl_284
                     ZeroWireload          tcbn22ullbwp30p140tt0p9v25c
  combine_ram_ctrl_283
                     ZeroWireload          tcbn22ullbwp30p140tt0p9v25c
  combine_ram_ctrl_282
                     ZeroWireload          tcbn22ullbwp30p140tt0p9v25c
  combine_ram_ctrl_281
                     ZeroWireload          tcbn22ullbwp30p140tt0p9v25c
  combine_ram_ctrl_280
                     ZeroWireload          tcbn22ullbwp30p140tt0p9v25c
  combine_ram_ctrl_279
                     ZeroWireload          tcbn22ullbwp30p140tt0p9v25c
  combine_ram_ctrl_278
                     ZeroWireload          tcbn22ullbwp30p140tt0p9v25c
  combine_ram_ctrl_277
                     ZeroWireload          tcbn22ullbwp30p140tt0p9v25c
  combine_ram_ctrl_276
                     ZeroWireload          tcbn22ullbwp30p140tt0p9v25c
  combine_ram_ctrl_275
                     ZeroWireload          tcbn22ullbwp30p140tt0p9v25c
  combine_ram_ctrl_274
                     ZeroWireload          tcbn22ullbwp30p140tt0p9v25c
  combine_ram_ctrl_273
                     ZeroWireload          tcbn22ullbwp30p140tt0p9v25c
  combine_ram_ctrl_272
                     ZeroWireload          tcbn22ullbwp30p140tt0p9v25c
  combine_ram_ctrl_271
                     ZeroWireload          tcbn22ullbwp30p140tt0p9v25c
  combine_ram_ctrl_270
                     ZeroWireload          tcbn22ullbwp30p140tt0p9v25c
  combine_ram_ctrl_269
                     ZeroWireload          tcbn22ullbwp30p140tt0p9v25c
  combine_ram_ctrl_268
                     ZeroWireload          tcbn22ullbwp30p140tt0p9v25c
  combine_ram_ctrl_267
                     ZeroWireload          tcbn22ullbwp30p140tt0p9v25c
  combine_ram_ctrl_266
                     ZeroWireload          tcbn22ullbwp30p140tt0p9v25c
  combine_ram_ctrl_265
                     ZeroWireload          tcbn22ullbwp30p140tt0p9v25c
  combine_ram_ctrl_264
                     ZeroWireload          tcbn22ullbwp30p140tt0p9v25c
  combine_ram_ctrl_263
                     ZeroWireload          tcbn22ullbwp30p140tt0p9v25c
  combine_ram_ctrl_262
                     ZeroWireload          tcbn22ullbwp30p140tt0p9v25c
  combine_ram_ctrl_261
                     ZeroWireload          tcbn22ullbwp30p140tt0p9v25c
  combine_ram_ctrl_260
                     ZeroWireload          tcbn22ullbwp30p140tt0p9v25c
  combine_ram_ctrl_259
                     ZeroWireload          tcbn22ullbwp30p140tt0p9v25c
  combine_ram_ctrl_258
                     ZeroWireload          tcbn22ullbwp30p140tt0p9v25c
  combine_ram_ctrl_257
                     ZeroWireload          tcbn22ullbwp30p140tt0p9v25c
  combine_ram_ctrl_256
                     ZeroWireload          tcbn22ullbwp30p140tt0p9v25c
  combine_ram_ctrl_255
                     ZeroWireload          tcbn22ullbwp30p140tt0p9v25c
  combine_ram_ctrl_254
                     ZeroWireload          tcbn22ullbwp30p140tt0p9v25c
  combine_ram_ctrl_253
                     ZeroWireload          tcbn22ullbwp30p140tt0p9v25c
  combine_ram_ctrl_252
                     ZeroWireload          tcbn22ullbwp30p140tt0p9v25c
  combine_ram_ctrl_251
                     ZeroWireload          tcbn22ullbwp30p140tt0p9v25c
  combine_ram_ctrl_250
                     ZeroWireload          tcbn22ullbwp30p140tt0p9v25c
  combine_ram_ctrl_249
                     ZeroWireload          tcbn22ullbwp30p140tt0p9v25c
  combine_ram_ctrl_248
                     ZeroWireload          tcbn22ullbwp30p140tt0p9v25c
  combine_ram_ctrl_247
                     ZeroWireload          tcbn22ullbwp30p140tt0p9v25c
  combine_ram_ctrl_246
                     ZeroWireload          tcbn22ullbwp30p140tt0p9v25c
  combine_ram_ctrl_245
                     ZeroWireload          tcbn22ullbwp30p140tt0p9v25c
  combine_ram_ctrl_244
                     ZeroWireload          tcbn22ullbwp30p140tt0p9v25c
  combine_ram_ctrl_243
                     ZeroWireload          tcbn22ullbwp30p140tt0p9v25c
  combine_ram_ctrl_242
                     ZeroWireload          tcbn22ullbwp30p140tt0p9v25c
  combine_ram_ctrl_241
                     ZeroWireload          tcbn22ullbwp30p140tt0p9v25c
  combine_ram_ctrl_240
                     ZeroWireload          tcbn22ullbwp30p140tt0p9v25c
  combine_ram_ctrl_239
                     ZeroWireload          tcbn22ullbwp30p140tt0p9v25c
  combine_ram_ctrl_238
                     ZeroWireload          tcbn22ullbwp30p140tt0p9v25c
  combine_ram_ctrl_237
                     ZeroWireload          tcbn22ullbwp30p140tt0p9v25c
  combine_ram_ctrl_236
                     ZeroWireload          tcbn22ullbwp30p140tt0p9v25c
  combine_ram_ctrl_235
                     ZeroWireload          tcbn22ullbwp30p140tt0p9v25c
  combine_ram_ctrl_234
                     ZeroWireload          tcbn22ullbwp30p140tt0p9v25c
  combine_ram_ctrl_233
                     ZeroWireload          tcbn22ullbwp30p140tt0p9v25c
  combine_ram_ctrl_232
                     ZeroWireload          tcbn22ullbwp30p140tt0p9v25c
  combine_ram_ctrl_231
                     ZeroWireload          tcbn22ullbwp30p140tt0p9v25c
  combine_ram_ctrl_230
                     ZeroWireload          tcbn22ullbwp30p140tt0p9v25c
  combine_ram_ctrl_229
                     ZeroWireload          tcbn22ullbwp30p140tt0p9v25c
  combine_ram_ctrl_228
                     ZeroWireload          tcbn22ullbwp30p140tt0p9v25c
  combine_ram_ctrl_227
                     ZeroWireload          tcbn22ullbwp30p140tt0p9v25c
  combine_ram_ctrl_226
                     ZeroWireload          tcbn22ullbwp30p140tt0p9v25c
  combine_ram_ctrl_225
                     ZeroWireload          tcbn22ullbwp30p140tt0p9v25c
  combine_ram_ctrl_224
                     ZeroWireload          tcbn22ullbwp30p140tt0p9v25c
  combine_ram_ctrl_223
                     ZeroWireload          tcbn22ullbwp30p140tt0p9v25c
  combine_ram_ctrl_222
                     ZeroWireload          tcbn22ullbwp30p140tt0p9v25c
  combine_ram_ctrl_221
                     ZeroWireload          tcbn22ullbwp30p140tt0p9v25c
  combine_ram_ctrl_220
                     ZeroWireload          tcbn22ullbwp30p140tt0p9v25c
  combine_ram_ctrl_219
                     ZeroWireload          tcbn22ullbwp30p140tt0p9v25c
  combine_ram_ctrl_218
                     ZeroWireload          tcbn22ullbwp30p140tt0p9v25c
  combine_ram_ctrl_217
                     ZeroWireload          tcbn22ullbwp30p140tt0p9v25c
  combine_ram_ctrl_216
                     ZeroWireload          tcbn22ullbwp30p140tt0p9v25c
  combine_ram_ctrl_215
                     ZeroWireload          tcbn22ullbwp30p140tt0p9v25c
  combine_ram_ctrl_214
                     ZeroWireload          tcbn22ullbwp30p140tt0p9v25c
  combine_ram_ctrl_213
                     ZeroWireload          tcbn22ullbwp30p140tt0p9v25c
  combine_ram_ctrl_212
                     ZeroWireload          tcbn22ullbwp30p140tt0p9v25c
  combine_ram_ctrl_211
                     ZeroWireload          tcbn22ullbwp30p140tt0p9v25c
  combine_ram_ctrl_210
                     ZeroWireload          tcbn22ullbwp30p140tt0p9v25c
  combine_ram_ctrl_209
                     ZeroWireload          tcbn22ullbwp30p140tt0p9v25c
  combine_ram_ctrl_208
                     ZeroWireload          tcbn22ullbwp30p140tt0p9v25c
  combine_ram_ctrl_207
                     ZeroWireload          tcbn22ullbwp30p140tt0p9v25c
  combine_ram_ctrl_206
                     ZeroWireload          tcbn22ullbwp30p140tt0p9v25c
  combine_ram_ctrl_205
                     ZeroWireload          tcbn22ullbwp30p140tt0p9v25c
  combine_ram_ctrl_204
                     ZeroWireload          tcbn22ullbwp30p140tt0p9v25c
  combine_ram_ctrl_203
                     ZeroWireload          tcbn22ullbwp30p140tt0p9v25c
  combine_ram_ctrl_202
                     ZeroWireload          tcbn22ullbwp30p140tt0p9v25c
  combine_ram_ctrl_201
                     ZeroWireload          tcbn22ullbwp30p140tt0p9v25c
  combine_ram_ctrl_200
                     ZeroWireload          tcbn22ullbwp30p140tt0p9v25c
  combine_ram_ctrl_199
                     ZeroWireload          tcbn22ullbwp30p140tt0p9v25c
  combine_ram_ctrl_198
                     ZeroWireload          tcbn22ullbwp30p140tt0p9v25c
  combine_ram_ctrl_197
                     ZeroWireload          tcbn22ullbwp30p140tt0p9v25c
  combine_ram_ctrl_196
                     ZeroWireload          tcbn22ullbwp30p140tt0p9v25c
  combine_ram_ctrl_195
                     ZeroWireload          tcbn22ullbwp30p140tt0p9v25c
  combine_ram_ctrl_194
                     ZeroWireload          tcbn22ullbwp30p140tt0p9v25c
  combine_ram_ctrl_193
                     ZeroWireload          tcbn22ullbwp30p140tt0p9v25c
  combine_ram_ctrl_192
                     ZeroWireload          tcbn22ullbwp30p140tt0p9v25c
  combine_ram_ctrl_191
                     ZeroWireload          tcbn22ullbwp30p140tt0p9v25c
  combine_ram_ctrl_190
                     ZeroWireload          tcbn22ullbwp30p140tt0p9v25c
  combine_ram_ctrl_189
                     ZeroWireload          tcbn22ullbwp30p140tt0p9v25c
  combine_ram_ctrl_188
                     ZeroWireload          tcbn22ullbwp30p140tt0p9v25c
  combine_ram_ctrl_187
                     ZeroWireload          tcbn22ullbwp30p140tt0p9v25c
  combine_ram_ctrl_186
                     ZeroWireload          tcbn22ullbwp30p140tt0p9v25c
  combine_ram_ctrl_185
                     ZeroWireload          tcbn22ullbwp30p140tt0p9v25c
  combine_ram_ctrl_184
                     ZeroWireload          tcbn22ullbwp30p140tt0p9v25c
  combine_ram_ctrl_183
                     ZeroWireload          tcbn22ullbwp30p140tt0p9v25c
  combine_ram_ctrl_182
                     ZeroWireload          tcbn22ullbwp30p140tt0p9v25c
  combine_ram_ctrl_181
                     ZeroWireload          tcbn22ullbwp30p140tt0p9v25c
  combine_ram_ctrl_180
                     ZeroWireload          tcbn22ullbwp30p140tt0p9v25c
  combine_ram_ctrl_179
                     ZeroWireload          tcbn22ullbwp30p140tt0p9v25c
  combine_ram_ctrl_178
                     ZeroWireload          tcbn22ullbwp30p140tt0p9v25c
  combine_ram_ctrl_177
                     ZeroWireload          tcbn22ullbwp30p140tt0p9v25c
  combine_ram_ctrl_176
                     ZeroWireload          tcbn22ullbwp30p140tt0p9v25c
  combine_ram_ctrl_175
                     ZeroWireload          tcbn22ullbwp30p140tt0p9v25c
  combine_ram_ctrl_174
                     ZeroWireload          tcbn22ullbwp30p140tt0p9v25c
  combine_ram_ctrl_173
                     ZeroWireload          tcbn22ullbwp30p140tt0p9v25c
  combine_ram_ctrl_172
                     ZeroWireload          tcbn22ullbwp30p140tt0p9v25c
  combine_ram_ctrl_171
                     ZeroWireload          tcbn22ullbwp30p140tt0p9v25c
  combine_ram_ctrl_170
                     ZeroWireload          tcbn22ullbwp30p140tt0p9v25c
  combine_ram_ctrl_169
                     ZeroWireload          tcbn22ullbwp30p140tt0p9v25c
  combine_ram_ctrl_168
                     ZeroWireload          tcbn22ullbwp30p140tt0p9v25c
  combine_ram_ctrl_167
                     ZeroWireload          tcbn22ullbwp30p140tt0p9v25c
  combine_ram_ctrl_166
                     ZeroWireload          tcbn22ullbwp30p140tt0p9v25c
  combine_ram_ctrl_165
                     ZeroWireload          tcbn22ullbwp30p140tt0p9v25c
  combine_ram_ctrl_164
                     ZeroWireload          tcbn22ullbwp30p140tt0p9v25c
  combine_ram_ctrl_163
                     ZeroWireload          tcbn22ullbwp30p140tt0p9v25c
  combine_ram_ctrl_162
                     ZeroWireload          tcbn22ullbwp30p140tt0p9v25c
  combine_ram_ctrl_161
                     ZeroWireload          tcbn22ullbwp30p140tt0p9v25c
  combine_ram_ctrl_160
                     ZeroWireload          tcbn22ullbwp30p140tt0p9v25c
  combine_ram_ctrl_159
                     ZeroWireload          tcbn22ullbwp30p140tt0p9v25c
  combine_ram_ctrl_158
                     ZeroWireload          tcbn22ullbwp30p140tt0p9v25c
  combine_ram_ctrl_157
                     ZeroWireload          tcbn22ullbwp30p140tt0p9v25c
  combine_ram_ctrl_156
                     ZeroWireload          tcbn22ullbwp30p140tt0p9v25c
  combine_ram_ctrl_155
                     ZeroWireload          tcbn22ullbwp30p140tt0p9v25c
  combine_ram_ctrl_154
                     ZeroWireload          tcbn22ullbwp30p140tt0p9v25c
  combine_ram_ctrl_153
                     ZeroWireload          tcbn22ullbwp30p140tt0p9v25c
  combine_ram_ctrl_152
                     ZeroWireload          tcbn22ullbwp30p140tt0p9v25c
  combine_ram_ctrl_151
                     ZeroWireload          tcbn22ullbwp30p140tt0p9v25c
  combine_ram_ctrl_150
                     ZeroWireload          tcbn22ullbwp30p140tt0p9v25c
  combine_ram_ctrl_149
                     ZeroWireload          tcbn22ullbwp30p140tt0p9v25c
  combine_ram_ctrl_148
                     ZeroWireload          tcbn22ullbwp30p140tt0p9v25c
  combine_ram_ctrl_147
                     ZeroWireload          tcbn22ullbwp30p140tt0p9v25c
  combine_ram_ctrl_146
                     ZeroWireload          tcbn22ullbwp30p140tt0p9v25c
  combine_ram_ctrl_145
                     ZeroWireload          tcbn22ullbwp30p140tt0p9v25c
  combine_ram_ctrl_144
                     ZeroWireload          tcbn22ullbwp30p140tt0p9v25c
  combine_ram_ctrl_143
                     ZeroWireload          tcbn22ullbwp30p140tt0p9v25c
  combine_ram_ctrl_142
                     ZeroWireload          tcbn22ullbwp30p140tt0p9v25c
  combine_ram_ctrl_141
                     ZeroWireload          tcbn22ullbwp30p140tt0p9v25c
  combine_ram_ctrl_140
                     ZeroWireload          tcbn22ullbwp30p140tt0p9v25c
  combine_ram_ctrl_139
                     ZeroWireload          tcbn22ullbwp30p140tt0p9v25c
  combine_ram_ctrl_138
                     ZeroWireload          tcbn22ullbwp30p140tt0p9v25c
  combine_ram_ctrl_137
                     ZeroWireload          tcbn22ullbwp30p140tt0p9v25c
  combine_ram_ctrl_136
                     ZeroWireload          tcbn22ullbwp30p140tt0p9v25c
  combine_ram_ctrl_135
                     ZeroWireload          tcbn22ullbwp30p140tt0p9v25c
  combine_ram_ctrl_134
                     ZeroWireload          tcbn22ullbwp30p140tt0p9v25c
  combine_ram_ctrl_133
                     ZeroWireload          tcbn22ullbwp30p140tt0p9v25c
  combine_ram_ctrl_132
                     ZeroWireload          tcbn22ullbwp30p140tt0p9v25c
  combine_ram_ctrl_131
                     ZeroWireload          tcbn22ullbwp30p140tt0p9v25c
  combine_ram_ctrl_130
                     ZeroWireload          tcbn22ullbwp30p140tt0p9v25c
  combine_ram_ctrl_129
                     ZeroWireload          tcbn22ullbwp30p140tt0p9v25c
  combine_ram_ctrl_128
                     ZeroWireload          tcbn22ullbwp30p140tt0p9v25c
  combine_ram_ctrl_127
                     ZeroWireload          tcbn22ullbwp30p140tt0p9v25c
  combine_ram_ctrl_126
                     ZeroWireload          tcbn22ullbwp30p140tt0p9v25c
  combine_ram_ctrl_125
                     ZeroWireload          tcbn22ullbwp30p140tt0p9v25c
  combine_ram_ctrl_124
                     ZeroWireload          tcbn22ullbwp30p140tt0p9v25c
  combine_ram_ctrl_123
                     ZeroWireload          tcbn22ullbwp30p140tt0p9v25c
  combine_ram_ctrl_122
                     ZeroWireload          tcbn22ullbwp30p140tt0p9v25c
  combine_ram_ctrl_121
                     ZeroWireload          tcbn22ullbwp30p140tt0p9v25c
  combine_ram_ctrl_120
                     ZeroWireload          tcbn22ullbwp30p140tt0p9v25c
  combine_ram_ctrl_119
                     ZeroWireload          tcbn22ullbwp30p140tt0p9v25c
  combine_ram_ctrl_118
                     ZeroWireload          tcbn22ullbwp30p140tt0p9v25c
  combine_ram_ctrl_117
                     ZeroWireload          tcbn22ullbwp30p140tt0p9v25c
  combine_ram_ctrl_116
                     ZeroWireload          tcbn22ullbwp30p140tt0p9v25c
  combine_ram_ctrl_115
                     ZeroWireload          tcbn22ullbwp30p140tt0p9v25c
  combine_ram_ctrl_114
                     ZeroWireload          tcbn22ullbwp30p140tt0p9v25c
  combine_ram_ctrl_113
                     ZeroWireload          tcbn22ullbwp30p140tt0p9v25c
  combine_ram_ctrl_112
                     ZeroWireload          tcbn22ullbwp30p140tt0p9v25c
  combine_ram_ctrl_111
                     ZeroWireload          tcbn22ullbwp30p140tt0p9v25c
  combine_ram_ctrl_110
                     ZeroWireload          tcbn22ullbwp30p140tt0p9v25c
  combine_ram_ctrl_109
                     ZeroWireload          tcbn22ullbwp30p140tt0p9v25c
  combine_ram_ctrl_108
                     ZeroWireload          tcbn22ullbwp30p140tt0p9v25c
  combine_ram_ctrl_107
                     ZeroWireload          tcbn22ullbwp30p140tt0p9v25c
  combine_ram_ctrl_106
                     ZeroWireload          tcbn22ullbwp30p140tt0p9v25c
  combine_ram_ctrl_105
                     ZeroWireload          tcbn22ullbwp30p140tt0p9v25c
  combine_ram_ctrl_104
                     ZeroWireload          tcbn22ullbwp30p140tt0p9v25c
  combine_ram_ctrl_103
                     ZeroWireload          tcbn22ullbwp30p140tt0p9v25c
  combine_ram_ctrl_102
                     ZeroWireload          tcbn22ullbwp30p140tt0p9v25c
  combine_ram_ctrl_101
                     ZeroWireload          tcbn22ullbwp30p140tt0p9v25c
  combine_ram_ctrl_100
                     ZeroWireload          tcbn22ullbwp30p140tt0p9v25c
  combine_ram_ctrl_99
                     ZeroWireload          tcbn22ullbwp30p140tt0p9v25c
  combine_ram_ctrl_98
                     ZeroWireload          tcbn22ullbwp30p140tt0p9v25c
  combine_ram_ctrl_97
                     ZeroWireload          tcbn22ullbwp30p140tt0p9v25c
  combine_ram_ctrl_96
                     ZeroWireload          tcbn22ullbwp30p140tt0p9v25c
  combine_ram_ctrl_95
                     ZeroWireload          tcbn22ullbwp30p140tt0p9v25c
  combine_ram_ctrl_94
                     ZeroWireload          tcbn22ullbwp30p140tt0p9v25c
  combine_ram_ctrl_93
                     ZeroWireload          tcbn22ullbwp30p140tt0p9v25c
  combine_ram_ctrl_92
                     ZeroWireload          tcbn22ullbwp30p140tt0p9v25c
  combine_ram_ctrl_91
                     ZeroWireload          tcbn22ullbwp30p140tt0p9v25c
  combine_ram_ctrl_90
                     ZeroWireload          tcbn22ullbwp30p140tt0p9v25c
  combine_ram_ctrl_89
                     ZeroWireload          tcbn22ullbwp30p140tt0p9v25c
  combine_ram_ctrl_88
                     ZeroWireload          tcbn22ullbwp30p140tt0p9v25c
  combine_ram_ctrl_87
                     ZeroWireload          tcbn22ullbwp30p140tt0p9v25c
  combine_ram_ctrl_86
                     ZeroWireload          tcbn22ullbwp30p140tt0p9v25c
  combine_ram_ctrl_85
                     ZeroWireload          tcbn22ullbwp30p140tt0p9v25c
  combine_ram_ctrl_84
                     ZeroWireload          tcbn22ullbwp30p140tt0p9v25c
  combine_ram_ctrl_83
                     ZeroWireload          tcbn22ullbwp30p140tt0p9v25c
  combine_ram_ctrl_82
                     ZeroWireload          tcbn22ullbwp30p140tt0p9v25c
  combine_ram_ctrl_81
                     ZeroWireload          tcbn22ullbwp30p140tt0p9v25c
  combine_ram_ctrl_80
                     ZeroWireload          tcbn22ullbwp30p140tt0p9v25c
  combine_ram_ctrl_79
                     ZeroWireload          tcbn22ullbwp30p140tt0p9v25c
  combine_ram_ctrl_78
                     ZeroWireload          tcbn22ullbwp30p140tt0p9v25c
  combine_ram_ctrl_77
                     ZeroWireload          tcbn22ullbwp30p140tt0p9v25c
  combine_ram_ctrl_76
                     ZeroWireload          tcbn22ullbwp30p140tt0p9v25c
  combine_ram_ctrl_75
                     ZeroWireload          tcbn22ullbwp30p140tt0p9v25c
  combine_ram_ctrl_74
                     ZeroWireload          tcbn22ullbwp30p140tt0p9v25c
  combine_ram_ctrl_73
                     ZeroWireload          tcbn22ullbwp30p140tt0p9v25c
  combine_ram_ctrl_72
                     ZeroWireload          tcbn22ullbwp30p140tt0p9v25c
  combine_ram_ctrl_71
                     ZeroWireload          tcbn22ullbwp30p140tt0p9v25c
  combine_ram_ctrl_70
                     ZeroWireload          tcbn22ullbwp30p140tt0p9v25c
  combine_ram_ctrl_69
                     ZeroWireload          tcbn22ullbwp30p140tt0p9v25c
  combine_ram_ctrl_68
                     ZeroWireload          tcbn22ullbwp30p140tt0p9v25c
  combine_ram_ctrl_67
                     ZeroWireload          tcbn22ullbwp30p140tt0p9v25c
  combine_ram_ctrl_66
                     ZeroWireload          tcbn22ullbwp30p140tt0p9v25c
  combine_ram_ctrl_65
                     ZeroWireload          tcbn22ullbwp30p140tt0p9v25c
  combine_ram_ctrl_64
                     ZeroWireload          tcbn22ullbwp30p140tt0p9v25c
  combine_ram_ctrl_63
                     ZeroWireload          tcbn22ullbwp30p140tt0p9v25c
  combine_ram_ctrl_62
                     ZeroWireload          tcbn22ullbwp30p140tt0p9v25c
  combine_ram_ctrl_61
                     ZeroWireload          tcbn22ullbwp30p140tt0p9v25c
  combine_ram_ctrl_60
                     ZeroWireload          tcbn22ullbwp30p140tt0p9v25c
  combine_ram_ctrl_59
                     ZeroWireload          tcbn22ullbwp30p140tt0p9v25c
  combine_ram_ctrl_58
                     ZeroWireload          tcbn22ullbwp30p140tt0p9v25c
  combine_ram_ctrl_57
                     ZeroWireload          tcbn22ullbwp30p140tt0p9v25c
  combine_ram_ctrl_56
                     ZeroWireload          tcbn22ullbwp30p140tt0p9v25c
  combine_ram_ctrl_55
                     ZeroWireload          tcbn22ullbwp30p140tt0p9v25c
  combine_ram_ctrl_54
                     ZeroWireload          tcbn22ullbwp30p140tt0p9v25c
  combine_ram_ctrl_53
                     ZeroWireload          tcbn22ullbwp30p140tt0p9v25c
  combine_ram_ctrl_52
                     ZeroWireload          tcbn22ullbwp30p140tt0p9v25c
  combine_ram_ctrl_51
                     ZeroWireload          tcbn22ullbwp30p140tt0p9v25c
  combine_ram_ctrl_50
                     ZeroWireload          tcbn22ullbwp30p140tt0p9v25c
  combine_ram_ctrl_49
                     ZeroWireload          tcbn22ullbwp30p140tt0p9v25c
  combine_ram_ctrl_48
                     ZeroWireload          tcbn22ullbwp30p140tt0p9v25c
  combine_ram_ctrl_47
                     ZeroWireload          tcbn22ullbwp30p140tt0p9v25c
  combine_ram_ctrl_46
                     ZeroWireload          tcbn22ullbwp30p140tt0p9v25c
  combine_ram_ctrl_45
                     ZeroWireload          tcbn22ullbwp30p140tt0p9v25c
  combine_ram_ctrl_44
                     ZeroWireload          tcbn22ullbwp30p140tt0p9v25c
  combine_ram_ctrl_43
                     ZeroWireload          tcbn22ullbwp30p140tt0p9v25c
  combine_ram_ctrl_42
                     ZeroWireload          tcbn22ullbwp30p140tt0p9v25c
  combine_ram_ctrl_41
                     ZeroWireload          tcbn22ullbwp30p140tt0p9v25c
  combine_ram_ctrl_40
                     ZeroWireload          tcbn22ullbwp30p140tt0p9v25c
  combine_ram_ctrl_39
                     ZeroWireload          tcbn22ullbwp30p140tt0p9v25c
  combine_ram_ctrl_38
                     ZeroWireload          tcbn22ullbwp30p140tt0p9v25c
  combine_ram_ctrl_37
                     ZeroWireload          tcbn22ullbwp30p140tt0p9v25c
  combine_ram_ctrl_36
                     ZeroWireload          tcbn22ullbwp30p140tt0p9v25c
  combine_ram_ctrl_35
                     ZeroWireload          tcbn22ullbwp30p140tt0p9v25c
  combine_ram_ctrl_34
                     ZeroWireload          tcbn22ullbwp30p140tt0p9v25c
  combine_ram_ctrl_33
                     ZeroWireload          tcbn22ullbwp30p140tt0p9v25c
  combine_ram_ctrl_32
                     ZeroWireload          tcbn22ullbwp30p140tt0p9v25c
  combine_ram_ctrl_31
                     ZeroWireload          tcbn22ullbwp30p140tt0p9v25c
  combine_ram_ctrl_30
                     ZeroWireload          tcbn22ullbwp30p140tt0p9v25c
  combine_ram_ctrl_29
                     ZeroWireload          tcbn22ullbwp30p140tt0p9v25c
  combine_ram_ctrl_28
                     ZeroWireload          tcbn22ullbwp30p140tt0p9v25c
  combine_ram_ctrl_27
                     ZeroWireload          tcbn22ullbwp30p140tt0p9v25c
  combine_ram_ctrl_26
                     ZeroWireload          tcbn22ullbwp30p140tt0p9v25c
  combine_ram_ctrl_25
                     ZeroWireload          tcbn22ullbwp30p140tt0p9v25c
  combine_ram_ctrl_24
                     ZeroWireload          tcbn22ullbwp30p140tt0p9v25c
  combine_ram_ctrl_23
                     ZeroWireload          tcbn22ullbwp30p140tt0p9v25c
  combine_ram_ctrl_22
                     ZeroWireload          tcbn22ullbwp30p140tt0p9v25c
  combine_ram_ctrl_21
                     ZeroWireload          tcbn22ullbwp30p140tt0p9v25c
  combine_ram_ctrl_20
                     ZeroWireload          tcbn22ullbwp30p140tt0p9v25c
  combine_ram_ctrl_19
                     ZeroWireload          tcbn22ullbwp30p140tt0p9v25c
  combine_ram_ctrl_18
                     ZeroWireload          tcbn22ullbwp30p140tt0p9v25c
  combine_ram_ctrl_17
                     ZeroWireload          tcbn22ullbwp30p140tt0p9v25c
  combine_ram_ctrl_16
                     ZeroWireload          tcbn22ullbwp30p140tt0p9v25c
  combine_ram_ctrl_15
                     ZeroWireload          tcbn22ullbwp30p140tt0p9v25c
  combine_ram_ctrl_14
                     ZeroWireload          tcbn22ullbwp30p140tt0p9v25c
  combine_ram_ctrl_13
                     ZeroWireload          tcbn22ullbwp30p140tt0p9v25c
  combine_ram_ctrl_12
                     ZeroWireload          tcbn22ullbwp30p140tt0p9v25c
  combine_ram_ctrl_11
                     ZeroWireload          tcbn22ullbwp30p140tt0p9v25c
  combine_ram_ctrl_10
                     ZeroWireload          tcbn22ullbwp30p140tt0p9v25c
  combine_ram_ctrl_9 ZeroWireload          tcbn22ullbwp30p140tt0p9v25c
  combine_ram_ctrl_8 ZeroWireload          tcbn22ullbwp30p140tt0p9v25c
  combine_ram_ctrl_7 ZeroWireload          tcbn22ullbwp30p140tt0p9v25c
  combine_ram_ctrl_6 ZeroWireload          tcbn22ullbwp30p140tt0p9v25c
  combine_ram_ctrl_5 ZeroWireload          tcbn22ullbwp30p140tt0p9v25c
  combine_ram_ctrl_4 ZeroWireload          tcbn22ullbwp30p140tt0p9v25c
  combine_ram_ctrl_3 ZeroWireload          tcbn22ullbwp30p140tt0p9v25c
  combine_ram_ctrl_2 ZeroWireload          tcbn22ullbwp30p140tt0p9v25c
  combine_ram_ctrl_1 ZeroWireload          tcbn22ullbwp30p140tt0p9v25c
  combine_ram_ctrl_0 ZeroWireload          tcbn22ullbwp30p140tt0p9v25c
  combine_ram_llr_531
                     ZeroWireload          tcbn22ullbwp30p140tt0p9v25c
  combine_ram_llr_530
                     ZeroWireload          tcbn22ullbwp30p140tt0p9v25c
  combine_ram_llr_529
                     ZeroWireload          tcbn22ullbwp30p140tt0p9v25c
  combine_ram_llr_528
                     ZeroWireload          tcbn22ullbwp30p140tt0p9v25c
  combine_ram_llr_527
                     ZeroWireload          tcbn22ullbwp30p140tt0p9v25c
  combine_ram_llr_526
                     ZeroWireload          tcbn22ullbwp30p140tt0p9v25c
  combine_ram_llr_525
                     ZeroWireload          tcbn22ullbwp30p140tt0p9v25c
  combine_ram_llr_524
                     ZeroWireload          tcbn22ullbwp30p140tt0p9v25c
  combine_ram_llr_523
                     ZeroWireload          tcbn22ullbwp30p140tt0p9v25c
  combine_ram_llr_522
                     ZeroWireload          tcbn22ullbwp30p140tt0p9v25c
  combine_ram_llr_521
                     ZeroWireload          tcbn22ullbwp30p140tt0p9v25c
  combine_ram_llr_520
                     ZeroWireload          tcbn22ullbwp30p140tt0p9v25c
  combine_ram_llr_519
                     ZeroWireload          tcbn22ullbwp30p140tt0p9v25c
  combine_ram_llr_518
                     ZeroWireload          tcbn22ullbwp30p140tt0p9v25c
  combine_ram_llr_517
                     ZeroWireload          tcbn22ullbwp30p140tt0p9v25c
  combine_ram_llr_516
                     ZeroWireload          tcbn22ullbwp30p140tt0p9v25c
  combine_ram_llr_515
                     ZeroWireload          tcbn22ullbwp30p140tt0p9v25c
  combine_ram_llr_514
                     ZeroWireload          tcbn22ullbwp30p140tt0p9v25c
  combine_ram_llr_513
                     ZeroWireload          tcbn22ullbwp30p140tt0p9v25c
  combine_ram_llr_512
                     ZeroWireload          tcbn22ullbwp30p140tt0p9v25c
  combine_ram_llr_511
                     ZeroWireload          tcbn22ullbwp30p140tt0p9v25c
  combine_ram_llr_510
                     ZeroWireload          tcbn22ullbwp30p140tt0p9v25c
  combine_ram_llr_509
                     ZeroWireload          tcbn22ullbwp30p140tt0p9v25c
  combine_ram_llr_508
                     ZeroWireload          tcbn22ullbwp30p140tt0p9v25c
  combine_ram_llr_507
                     ZeroWireload          tcbn22ullbwp30p140tt0p9v25c
  combine_ram_llr_506
                     ZeroWireload          tcbn22ullbwp30p140tt0p9v25c
  combine_ram_llr_505
                     ZeroWireload          tcbn22ullbwp30p140tt0p9v25c
  combine_ram_llr_504
                     ZeroWireload          tcbn22ullbwp30p140tt0p9v25c
  combine_ram_llr_503
                     ZeroWireload          tcbn22ullbwp30p140tt0p9v25c
  combine_ram_llr_502
                     ZeroWireload          tcbn22ullbwp30p140tt0p9v25c
  combine_ram_llr_501
                     ZeroWireload          tcbn22ullbwp30p140tt0p9v25c
  combine_ram_llr_500
                     ZeroWireload          tcbn22ullbwp30p140tt0p9v25c
  combine_ram_llr_499
                     ZeroWireload          tcbn22ullbwp30p140tt0p9v25c
  combine_ram_llr_498
                     ZeroWireload          tcbn22ullbwp30p140tt0p9v25c
  combine_ram_llr_497
                     ZeroWireload          tcbn22ullbwp30p140tt0p9v25c
  combine_ram_llr_496
                     ZeroWireload          tcbn22ullbwp30p140tt0p9v25c
  combine_ram_llr_495
                     ZeroWireload          tcbn22ullbwp30p140tt0p9v25c
  combine_ram_llr_494
                     ZeroWireload          tcbn22ullbwp30p140tt0p9v25c
  combine_ram_llr_493
                     ZeroWireload          tcbn22ullbwp30p140tt0p9v25c
  combine_ram_llr_492
                     ZeroWireload          tcbn22ullbwp30p140tt0p9v25c
  combine_ram_llr_491
                     ZeroWireload          tcbn22ullbwp30p140tt0p9v25c
  combine_ram_llr_490
                     ZeroWireload          tcbn22ullbwp30p140tt0p9v25c
  combine_ram_llr_489
                     ZeroWireload          tcbn22ullbwp30p140tt0p9v25c
  combine_ram_llr_488
                     ZeroWireload          tcbn22ullbwp30p140tt0p9v25c
  combine_ram_llr_487
                     ZeroWireload          tcbn22ullbwp30p140tt0p9v25c
  combine_ram_llr_486
                     ZeroWireload          tcbn22ullbwp30p140tt0p9v25c
  combine_ram_llr_485
                     ZeroWireload          tcbn22ullbwp30p140tt0p9v25c
  combine_ram_llr_484
                     ZeroWireload          tcbn22ullbwp30p140tt0p9v25c
  combine_ram_llr_483
                     ZeroWireload          tcbn22ullbwp30p140tt0p9v25c
  combine_ram_llr_482
                     ZeroWireload          tcbn22ullbwp30p140tt0p9v25c
  combine_ram_llr_481
                     ZeroWireload          tcbn22ullbwp30p140tt0p9v25c
  combine_ram_llr_480
                     ZeroWireload          tcbn22ullbwp30p140tt0p9v25c
  combine_ram_llr_479
                     ZeroWireload          tcbn22ullbwp30p140tt0p9v25c
  combine_ram_llr_478
                     ZeroWireload          tcbn22ullbwp30p140tt0p9v25c
  combine_ram_llr_477
                     ZeroWireload          tcbn22ullbwp30p140tt0p9v25c
  combine_ram_llr_476
                     ZeroWireload          tcbn22ullbwp30p140tt0p9v25c
  combine_ram_llr_475
                     ZeroWireload          tcbn22ullbwp30p140tt0p9v25c
  combine_ram_llr_474
                     ZeroWireload          tcbn22ullbwp30p140tt0p9v25c
  combine_ram_llr_473
                     ZeroWireload          tcbn22ullbwp30p140tt0p9v25c
  combine_ram_llr_472
                     ZeroWireload          tcbn22ullbwp30p140tt0p9v25c
  combine_ram_llr_471
                     ZeroWireload          tcbn22ullbwp30p140tt0p9v25c
  combine_ram_llr_470
                     ZeroWireload          tcbn22ullbwp30p140tt0p9v25c
  combine_ram_llr_469
                     ZeroWireload          tcbn22ullbwp30p140tt0p9v25c
  combine_ram_llr_468
                     ZeroWireload          tcbn22ullbwp30p140tt0p9v25c
  combine_ram_llr_467
                     ZeroWireload          tcbn22ullbwp30p140tt0p9v25c
  combine_ram_llr_466
                     ZeroWireload          tcbn22ullbwp30p140tt0p9v25c
  combine_ram_llr_465
                     ZeroWireload          tcbn22ullbwp30p140tt0p9v25c
  combine_ram_llr_464
                     ZeroWireload          tcbn22ullbwp30p140tt0p9v25c
  combine_ram_llr_463
                     ZeroWireload          tcbn22ullbwp30p140tt0p9v25c
  combine_ram_llr_462
                     ZeroWireload          tcbn22ullbwp30p140tt0p9v25c
  combine_ram_llr_461
                     ZeroWireload          tcbn22ullbwp30p140tt0p9v25c
  combine_ram_llr_460
                     ZeroWireload          tcbn22ullbwp30p140tt0p9v25c
  combine_ram_llr_459
                     ZeroWireload          tcbn22ullbwp30p140tt0p9v25c
  combine_ram_llr_458
                     ZeroWireload          tcbn22ullbwp30p140tt0p9v25c
  combine_ram_llr_457
                     ZeroWireload          tcbn22ullbwp30p140tt0p9v25c
  combine_ram_llr_456
                     ZeroWireload          tcbn22ullbwp30p140tt0p9v25c
  combine_ram_llr_455
                     ZeroWireload          tcbn22ullbwp30p140tt0p9v25c
  combine_ram_llr_454
                     ZeroWireload          tcbn22ullbwp30p140tt0p9v25c
  combine_ram_llr_453
                     ZeroWireload          tcbn22ullbwp30p140tt0p9v25c
  combine_ram_llr_452
                     ZeroWireload          tcbn22ullbwp30p140tt0p9v25c
  combine_ram_llr_451
                     ZeroWireload          tcbn22ullbwp30p140tt0p9v25c
  combine_ram_llr_450
                     ZeroWireload          tcbn22ullbwp30p140tt0p9v25c
  combine_ram_llr_449
                     ZeroWireload          tcbn22ullbwp30p140tt0p9v25c
  combine_ram_llr_448
                     ZeroWireload          tcbn22ullbwp30p140tt0p9v25c
  combine_ram_llr_447
                     ZeroWireload          tcbn22ullbwp30p140tt0p9v25c
  combine_ram_llr_446
                     ZeroWireload          tcbn22ullbwp30p140tt0p9v25c
  combine_ram_llr_445
                     ZeroWireload          tcbn22ullbwp30p140tt0p9v25c
  combine_ram_llr_444
                     ZeroWireload          tcbn22ullbwp30p140tt0p9v25c
  combine_ram_llr_443
                     ZeroWireload          tcbn22ullbwp30p140tt0p9v25c
  combine_ram_llr_442
                     ZeroWireload          tcbn22ullbwp30p140tt0p9v25c
  combine_ram_llr_441
                     ZeroWireload          tcbn22ullbwp30p140tt0p9v25c
  combine_ram_llr_440
                     ZeroWireload          tcbn22ullbwp30p140tt0p9v25c
  combine_ram_llr_439
                     ZeroWireload          tcbn22ullbwp30p140tt0p9v25c
  combine_ram_llr_438
                     ZeroWireload          tcbn22ullbwp30p140tt0p9v25c
  combine_ram_llr_437
                     ZeroWireload          tcbn22ullbwp30p140tt0p9v25c
  combine_ram_llr_436
                     ZeroWireload          tcbn22ullbwp30p140tt0p9v25c
  combine_ram_llr_435
                     ZeroWireload          tcbn22ullbwp30p140tt0p9v25c
  combine_ram_llr_434
                     ZeroWireload          tcbn22ullbwp30p140tt0p9v25c
  combine_ram_llr_433
                     ZeroWireload          tcbn22ullbwp30p140tt0p9v25c
  combine_ram_llr_432
                     ZeroWireload          tcbn22ullbwp30p140tt0p9v25c
  combine_ram_llr_431
                     ZeroWireload          tcbn22ullbwp30p140tt0p9v25c
  combine_ram_llr_430
                     ZeroWireload          tcbn22ullbwp30p140tt0p9v25c
  combine_ram_llr_429
                     ZeroWireload          tcbn22ullbwp30p140tt0p9v25c
  combine_ram_llr_428
                     ZeroWireload          tcbn22ullbwp30p140tt0p9v25c
  combine_ram_llr_427
                     ZeroWireload          tcbn22ullbwp30p140tt0p9v25c
  combine_ram_llr_426
                     ZeroWireload          tcbn22ullbwp30p140tt0p9v25c
  combine_ram_llr_425
                     ZeroWireload          tcbn22ullbwp30p140tt0p9v25c
  combine_ram_llr_424
                     ZeroWireload          tcbn22ullbwp30p140tt0p9v25c
  combine_ram_llr_423
                     ZeroWireload          tcbn22ullbwp30p140tt0p9v25c
  combine_ram_llr_422
                     ZeroWireload          tcbn22ullbwp30p140tt0p9v25c
  combine_ram_llr_421
                     ZeroWireload          tcbn22ullbwp30p140tt0p9v25c
  combine_ram_llr_420
                     ZeroWireload          tcbn22ullbwp30p140tt0p9v25c
  combine_ram_llr_419
                     ZeroWireload          tcbn22ullbwp30p140tt0p9v25c
  combine_ram_llr_418
                     ZeroWireload          tcbn22ullbwp30p140tt0p9v25c
  combine_ram_llr_417
                     ZeroWireload          tcbn22ullbwp30p140tt0p9v25c
  combine_ram_llr_416
                     ZeroWireload          tcbn22ullbwp30p140tt0p9v25c
  combine_ram_llr_415
                     ZeroWireload          tcbn22ullbwp30p140tt0p9v25c
  combine_ram_llr_414
                     ZeroWireload          tcbn22ullbwp30p140tt0p9v25c
  combine_ram_llr_413
                     ZeroWireload          tcbn22ullbwp30p140tt0p9v25c
  combine_ram_llr_412
                     ZeroWireload          tcbn22ullbwp30p140tt0p9v25c
  combine_ram_llr_411
                     ZeroWireload          tcbn22ullbwp30p140tt0p9v25c
  combine_ram_llr_410
                     ZeroWireload          tcbn22ullbwp30p140tt0p9v25c
  combine_ram_llr_409
                     ZeroWireload          tcbn22ullbwp30p140tt0p9v25c
  combine_ram_llr_408
                     ZeroWireload          tcbn22ullbwp30p140tt0p9v25c
  combine_ram_llr_407
                     ZeroWireload          tcbn22ullbwp30p140tt0p9v25c
  combine_ram_llr_406
                     ZeroWireload          tcbn22ullbwp30p140tt0p9v25c
  combine_ram_llr_405
                     ZeroWireload          tcbn22ullbwp30p140tt0p9v25c
  combine_ram_llr_404
                     ZeroWireload          tcbn22ullbwp30p140tt0p9v25c
  combine_ram_llr_403
                     ZeroWireload          tcbn22ullbwp30p140tt0p9v25c
  combine_ram_llr_402
                     ZeroWireload          tcbn22ullbwp30p140tt0p9v25c
  combine_ram_llr_401
                     ZeroWireload          tcbn22ullbwp30p140tt0p9v25c
  combine_ram_llr_400
                     ZeroWireload          tcbn22ullbwp30p140tt0p9v25c
  combine_ram_llr_399
                     ZeroWireload          tcbn22ullbwp30p140tt0p9v25c
  combine_ram_llr_398
                     ZeroWireload          tcbn22ullbwp30p140tt0p9v25c
  combine_ram_llr_397
                     ZeroWireload          tcbn22ullbwp30p140tt0p9v25c
  combine_ram_llr_396
                     ZeroWireload          tcbn22ullbwp30p140tt0p9v25c
  combine_ram_llr_395
                     ZeroWireload          tcbn22ullbwp30p140tt0p9v25c
  combine_ram_llr_394
                     ZeroWireload          tcbn22ullbwp30p140tt0p9v25c
  combine_ram_llr_393
                     ZeroWireload          tcbn22ullbwp30p140tt0p9v25c
  combine_ram_llr_392
                     ZeroWireload          tcbn22ullbwp30p140tt0p9v25c
  combine_ram_llr_391
                     ZeroWireload          tcbn22ullbwp30p140tt0p9v25c
  combine_ram_llr_390
                     ZeroWireload          tcbn22ullbwp30p140tt0p9v25c
  combine_ram_llr_389
                     ZeroWireload          tcbn22ullbwp30p140tt0p9v25c
  combine_ram_llr_388
                     ZeroWireload          tcbn22ullbwp30p140tt0p9v25c
  combine_ram_llr_387
                     ZeroWireload          tcbn22ullbwp30p140tt0p9v25c
  combine_ram_llr_386
                     ZeroWireload          tcbn22ullbwp30p140tt0p9v25c
  combine_ram_llr_385
                     ZeroWireload          tcbn22ullbwp30p140tt0p9v25c
  combine_ram_llr_384
                     ZeroWireload          tcbn22ullbwp30p140tt0p9v25c
  combine_ram_llr_383
                     ZeroWireload          tcbn22ullbwp30p140tt0p9v25c
  combine_ram_llr_382
                     ZeroWireload          tcbn22ullbwp30p140tt0p9v25c
  combine_ram_llr_381
                     ZeroWireload          tcbn22ullbwp30p140tt0p9v25c
  combine_ram_llr_380
                     ZeroWireload          tcbn22ullbwp30p140tt0p9v25c
  combine_ram_llr_379
                     ZeroWireload          tcbn22ullbwp30p140tt0p9v25c
  combine_ram_llr_378
                     ZeroWireload          tcbn22ullbwp30p140tt0p9v25c
  combine_ram_llr_377
                     ZeroWireload          tcbn22ullbwp30p140tt0p9v25c
  combine_ram_llr_376
                     ZeroWireload          tcbn22ullbwp30p140tt0p9v25c
  combine_ram_llr_375
                     ZeroWireload          tcbn22ullbwp30p140tt0p9v25c
  combine_ram_llr_374
                     ZeroWireload          tcbn22ullbwp30p140tt0p9v25c
  combine_ram_llr_373
                     ZeroWireload          tcbn22ullbwp30p140tt0p9v25c
  combine_ram_llr_372
                     ZeroWireload          tcbn22ullbwp30p140tt0p9v25c
  combine_ram_llr_371
                     ZeroWireload          tcbn22ullbwp30p140tt0p9v25c
  combine_ram_llr_370
                     ZeroWireload          tcbn22ullbwp30p140tt0p9v25c
  combine_ram_llr_369
                     ZeroWireload          tcbn22ullbwp30p140tt0p9v25c
  combine_ram_llr_368
                     ZeroWireload          tcbn22ullbwp30p140tt0p9v25c
  combine_ram_llr_367
                     ZeroWireload          tcbn22ullbwp30p140tt0p9v25c
  combine_ram_llr_366
                     ZeroWireload          tcbn22ullbwp30p140tt0p9v25c
  combine_ram_llr_365
                     ZeroWireload          tcbn22ullbwp30p140tt0p9v25c
  combine_ram_llr_364
                     ZeroWireload          tcbn22ullbwp30p140tt0p9v25c
  combine_ram_llr_363
                     ZeroWireload          tcbn22ullbwp30p140tt0p9v25c
  combine_ram_llr_362
                     ZeroWireload          tcbn22ullbwp30p140tt0p9v25c
  combine_ram_llr_361
                     ZeroWireload          tcbn22ullbwp30p140tt0p9v25c
  combine_ram_llr_360
                     ZeroWireload          tcbn22ullbwp30p140tt0p9v25c
  combine_ram_llr_359
                     ZeroWireload          tcbn22ullbwp30p140tt0p9v25c
  combine_ram_llr_358
                     ZeroWireload          tcbn22ullbwp30p140tt0p9v25c
  combine_ram_llr_357
                     ZeroWireload          tcbn22ullbwp30p140tt0p9v25c
  combine_ram_llr_356
                     ZeroWireload          tcbn22ullbwp30p140tt0p9v25c
  combine_ram_llr_355
                     ZeroWireload          tcbn22ullbwp30p140tt0p9v25c
  combine_ram_llr_354
                     ZeroWireload          tcbn22ullbwp30p140tt0p9v25c
  combine_ram_llr_353
                     ZeroWireload          tcbn22ullbwp30p140tt0p9v25c
  combine_ram_llr_352
                     ZeroWireload          tcbn22ullbwp30p140tt0p9v25c
  combine_ram_llr_351
                     ZeroWireload          tcbn22ullbwp30p140tt0p9v25c
  combine_ram_llr_350
                     ZeroWireload          tcbn22ullbwp30p140tt0p9v25c
  combine_ram_llr_349
                     ZeroWireload          tcbn22ullbwp30p140tt0p9v25c
  combine_ram_llr_348
                     ZeroWireload          tcbn22ullbwp30p140tt0p9v25c
  combine_ram_llr_347
                     ZeroWireload          tcbn22ullbwp30p140tt0p9v25c
  combine_ram_llr_346
                     ZeroWireload          tcbn22ullbwp30p140tt0p9v25c
  combine_ram_llr_345
                     ZeroWireload          tcbn22ullbwp30p140tt0p9v25c
  combine_ram_llr_344
                     ZeroWireload          tcbn22ullbwp30p140tt0p9v25c
  combine_ram_llr_343
                     ZeroWireload          tcbn22ullbwp30p140tt0p9v25c
  combine_ram_llr_342
                     ZeroWireload          tcbn22ullbwp30p140tt0p9v25c
  combine_ram_llr_341
                     ZeroWireload          tcbn22ullbwp30p140tt0p9v25c
  combine_ram_llr_340
                     ZeroWireload          tcbn22ullbwp30p140tt0p9v25c
  combine_ram_llr_339
                     ZeroWireload          tcbn22ullbwp30p140tt0p9v25c
  combine_ram_llr_338
                     ZeroWireload          tcbn22ullbwp30p140tt0p9v25c
  combine_ram_llr_337
                     ZeroWireload          tcbn22ullbwp30p140tt0p9v25c
  combine_ram_llr_336
                     ZeroWireload          tcbn22ullbwp30p140tt0p9v25c
  combine_ram_llr_335
                     ZeroWireload          tcbn22ullbwp30p140tt0p9v25c
  combine_ram_llr_334
                     ZeroWireload          tcbn22ullbwp30p140tt0p9v25c
  combine_ram_llr_333
                     ZeroWireload          tcbn22ullbwp30p140tt0p9v25c
  combine_ram_llr_332
                     ZeroWireload          tcbn22ullbwp30p140tt0p9v25c
  combine_ram_llr_331
                     ZeroWireload          tcbn22ullbwp30p140tt0p9v25c
  combine_ram_llr_330
                     ZeroWireload          tcbn22ullbwp30p140tt0p9v25c
  combine_ram_llr_329
                     ZeroWireload          tcbn22ullbwp30p140tt0p9v25c
  combine_ram_llr_328
                     ZeroWireload          tcbn22ullbwp30p140tt0p9v25c
  combine_ram_llr_327
                     ZeroWireload          tcbn22ullbwp30p140tt0p9v25c
  combine_ram_llr_326
                     ZeroWireload          tcbn22ullbwp30p140tt0p9v25c
  combine_ram_llr_325
                     ZeroWireload          tcbn22ullbwp30p140tt0p9v25c
  combine_ram_llr_324
                     ZeroWireload          tcbn22ullbwp30p140tt0p9v25c
  combine_ram_llr_323
                     ZeroWireload          tcbn22ullbwp30p140tt0p9v25c
  combine_ram_llr_322
                     ZeroWireload          tcbn22ullbwp30p140tt0p9v25c
  combine_ram_llr_321
                     ZeroWireload          tcbn22ullbwp30p140tt0p9v25c
  combine_ram_llr_320
                     ZeroWireload          tcbn22ullbwp30p140tt0p9v25c
  combine_ram_llr_319
                     ZeroWireload          tcbn22ullbwp30p140tt0p9v25c
  combine_ram_llr_318
                     ZeroWireload          tcbn22ullbwp30p140tt0p9v25c
  combine_ram_llr_317
                     ZeroWireload          tcbn22ullbwp30p140tt0p9v25c
  combine_ram_llr_316
                     ZeroWireload          tcbn22ullbwp30p140tt0p9v25c
  combine_ram_llr_315
                     ZeroWireload          tcbn22ullbwp30p140tt0p9v25c
  combine_ram_llr_314
                     ZeroWireload          tcbn22ullbwp30p140tt0p9v25c
  combine_ram_llr_313
                     ZeroWireload          tcbn22ullbwp30p140tt0p9v25c
  combine_ram_llr_312
                     ZeroWireload          tcbn22ullbwp30p140tt0p9v25c
  combine_ram_llr_311
                     ZeroWireload          tcbn22ullbwp30p140tt0p9v25c
  combine_ram_llr_310
                     ZeroWireload          tcbn22ullbwp30p140tt0p9v25c
  combine_ram_llr_309
                     ZeroWireload          tcbn22ullbwp30p140tt0p9v25c
  combine_ram_llr_308
                     ZeroWireload          tcbn22ullbwp30p140tt0p9v25c
  combine_ram_llr_307
                     ZeroWireload          tcbn22ullbwp30p140tt0p9v25c
  combine_ram_llr_306
                     ZeroWireload          tcbn22ullbwp30p140tt0p9v25c
  combine_ram_llr_305
                     ZeroWireload          tcbn22ullbwp30p140tt0p9v25c
  combine_ram_llr_304
                     ZeroWireload          tcbn22ullbwp30p140tt0p9v25c
  combine_ram_llr_303
                     ZeroWireload          tcbn22ullbwp30p140tt0p9v25c
  combine_ram_llr_302
                     ZeroWireload          tcbn22ullbwp30p140tt0p9v25c
  combine_ram_llr_301
                     ZeroWireload          tcbn22ullbwp30p140tt0p9v25c
  combine_ram_llr_300
                     ZeroWireload          tcbn22ullbwp30p140tt0p9v25c
  combine_ram_llr_299
                     ZeroWireload          tcbn22ullbwp30p140tt0p9v25c
  combine_ram_llr_298
                     ZeroWireload          tcbn22ullbwp30p140tt0p9v25c
  combine_ram_llr_297
                     ZeroWireload          tcbn22ullbwp30p140tt0p9v25c
  combine_ram_llr_296
                     ZeroWireload          tcbn22ullbwp30p140tt0p9v25c
  combine_ram_llr_295
                     ZeroWireload          tcbn22ullbwp30p140tt0p9v25c
  combine_ram_llr_294
                     ZeroWireload          tcbn22ullbwp30p140tt0p9v25c
  combine_ram_llr_293
                     ZeroWireload          tcbn22ullbwp30p140tt0p9v25c
  combine_ram_llr_292
                     ZeroWireload          tcbn22ullbwp30p140tt0p9v25c
  combine_ram_llr_291
                     ZeroWireload          tcbn22ullbwp30p140tt0p9v25c
  combine_ram_llr_290
                     ZeroWireload          tcbn22ullbwp30p140tt0p9v25c
  combine_ram_llr_289
                     ZeroWireload          tcbn22ullbwp30p140tt0p9v25c
  combine_ram_llr_288
                     ZeroWireload          tcbn22ullbwp30p140tt0p9v25c
  combine_ram_llr_287
                     ZeroWireload          tcbn22ullbwp30p140tt0p9v25c
  combine_ram_llr_286
                     ZeroWireload          tcbn22ullbwp30p140tt0p9v25c
  combine_ram_llr_285
                     ZeroWireload          tcbn22ullbwp30p140tt0p9v25c
  combine_ram_llr_284
                     ZeroWireload          tcbn22ullbwp30p140tt0p9v25c
  combine_ram_llr_283
                     ZeroWireload          tcbn22ullbwp30p140tt0p9v25c
  combine_ram_llr_282
                     ZeroWireload          tcbn22ullbwp30p140tt0p9v25c
  combine_ram_llr_281
                     ZeroWireload          tcbn22ullbwp30p140tt0p9v25c
  combine_ram_llr_280
                     ZeroWireload          tcbn22ullbwp30p140tt0p9v25c
  combine_ram_llr_279
                     ZeroWireload          tcbn22ullbwp30p140tt0p9v25c
  combine_ram_llr_278
                     ZeroWireload          tcbn22ullbwp30p140tt0p9v25c
  combine_ram_llr_277
                     ZeroWireload          tcbn22ullbwp30p140tt0p9v25c
  combine_ram_llr_276
                     ZeroWireload          tcbn22ullbwp30p140tt0p9v25c
  combine_ram_llr_275
                     ZeroWireload          tcbn22ullbwp30p140tt0p9v25c
  combine_ram_llr_274
                     ZeroWireload          tcbn22ullbwp30p140tt0p9v25c
  combine_ram_llr_273
                     ZeroWireload          tcbn22ullbwp30p140tt0p9v25c
  combine_ram_llr_272
                     ZeroWireload          tcbn22ullbwp30p140tt0p9v25c
  combine_ram_llr_271
                     ZeroWireload          tcbn22ullbwp30p140tt0p9v25c
  combine_ram_llr_270
                     ZeroWireload          tcbn22ullbwp30p140tt0p9v25c
  combine_ram_llr_269
                     ZeroWireload          tcbn22ullbwp30p140tt0p9v25c
  combine_ram_llr_268
                     ZeroWireload          tcbn22ullbwp30p140tt0p9v25c
  combine_ram_llr_267
                     ZeroWireload          tcbn22ullbwp30p140tt0p9v25c
  combine_ram_llr_266
                     ZeroWireload          tcbn22ullbwp30p140tt0p9v25c
  combine_ram_llr_265
                     ZeroWireload          tcbn22ullbwp30p140tt0p9v25c
  combine_ram_llr_264
                     ZeroWireload          tcbn22ullbwp30p140tt0p9v25c
  combine_ram_llr_263
                     ZeroWireload          tcbn22ullbwp30p140tt0p9v25c
  combine_ram_llr_262
                     ZeroWireload          tcbn22ullbwp30p140tt0p9v25c
  combine_ram_llr_261
                     ZeroWireload          tcbn22ullbwp30p140tt0p9v25c
  combine_ram_llr_260
                     ZeroWireload          tcbn22ullbwp30p140tt0p9v25c
  combine_ram_llr_259
                     ZeroWireload          tcbn22ullbwp30p140tt0p9v25c
  combine_ram_llr_258
                     ZeroWireload          tcbn22ullbwp30p140tt0p9v25c
  combine_ram_llr_257
                     ZeroWireload          tcbn22ullbwp30p140tt0p9v25c
  combine_ram_llr_256
                     ZeroWireload          tcbn22ullbwp30p140tt0p9v25c
  combine_ram_llr_255
                     ZeroWireload          tcbn22ullbwp30p140tt0p9v25c
  combine_ram_llr_254
                     ZeroWireload          tcbn22ullbwp30p140tt0p9v25c
  combine_ram_llr_253
                     ZeroWireload          tcbn22ullbwp30p140tt0p9v25c
  combine_ram_llr_252
                     ZeroWireload          tcbn22ullbwp30p140tt0p9v25c
  combine_ram_llr_251
                     ZeroWireload          tcbn22ullbwp30p140tt0p9v25c
  combine_ram_llr_250
                     ZeroWireload          tcbn22ullbwp30p140tt0p9v25c
  combine_ram_llr_249
                     ZeroWireload          tcbn22ullbwp30p140tt0p9v25c
  combine_ram_llr_248
                     ZeroWireload          tcbn22ullbwp30p140tt0p9v25c
  combine_ram_llr_247
                     ZeroWireload          tcbn22ullbwp30p140tt0p9v25c
  combine_ram_llr_246
                     ZeroWireload          tcbn22ullbwp30p140tt0p9v25c
  combine_ram_llr_245
                     ZeroWireload          tcbn22ullbwp30p140tt0p9v25c
  combine_ram_llr_244
                     ZeroWireload          tcbn22ullbwp30p140tt0p9v25c
  combine_ram_llr_243
                     ZeroWireload          tcbn22ullbwp30p140tt0p9v25c
  combine_ram_llr_242
                     ZeroWireload          tcbn22ullbwp30p140tt0p9v25c
  combine_ram_llr_241
                     ZeroWireload          tcbn22ullbwp30p140tt0p9v25c
  combine_ram_llr_240
                     ZeroWireload          tcbn22ullbwp30p140tt0p9v25c
  combine_ram_llr_239
                     ZeroWireload          tcbn22ullbwp30p140tt0p9v25c
  combine_ram_llr_238
                     ZeroWireload          tcbn22ullbwp30p140tt0p9v25c
  combine_ram_llr_237
                     ZeroWireload          tcbn22ullbwp30p140tt0p9v25c
  combine_ram_llr_236
                     ZeroWireload          tcbn22ullbwp30p140tt0p9v25c
  combine_ram_llr_235
                     ZeroWireload          tcbn22ullbwp30p140tt0p9v25c
  combine_ram_llr_234
                     ZeroWireload          tcbn22ullbwp30p140tt0p9v25c
  combine_ram_llr_233
                     ZeroWireload          tcbn22ullbwp30p140tt0p9v25c
  combine_ram_llr_232
                     ZeroWireload          tcbn22ullbwp30p140tt0p9v25c
  combine_ram_llr_231
                     ZeroWireload          tcbn22ullbwp30p140tt0p9v25c
  combine_ram_llr_230
                     ZeroWireload          tcbn22ullbwp30p140tt0p9v25c
  combine_ram_llr_229
                     ZeroWireload          tcbn22ullbwp30p140tt0p9v25c
  combine_ram_llr_228
                     ZeroWireload          tcbn22ullbwp30p140tt0p9v25c
  combine_ram_llr_227
                     ZeroWireload          tcbn22ullbwp30p140tt0p9v25c
  combine_ram_llr_226
                     ZeroWireload          tcbn22ullbwp30p140tt0p9v25c
  combine_ram_llr_225
                     ZeroWireload          tcbn22ullbwp30p140tt0p9v25c
  combine_ram_llr_224
                     ZeroWireload          tcbn22ullbwp30p140tt0p9v25c
  combine_ram_llr_223
                     ZeroWireload          tcbn22ullbwp30p140tt0p9v25c
  combine_ram_llr_222
                     ZeroWireload          tcbn22ullbwp30p140tt0p9v25c
  combine_ram_llr_221
                     ZeroWireload          tcbn22ullbwp30p140tt0p9v25c
  combine_ram_llr_220
                     ZeroWireload          tcbn22ullbwp30p140tt0p9v25c
  combine_ram_llr_219
                     ZeroWireload          tcbn22ullbwp30p140tt0p9v25c
  combine_ram_llr_218
                     ZeroWireload          tcbn22ullbwp30p140tt0p9v25c
  combine_ram_llr_217
                     ZeroWireload          tcbn22ullbwp30p140tt0p9v25c
  combine_ram_llr_216
                     ZeroWireload          tcbn22ullbwp30p140tt0p9v25c
  combine_ram_llr_215
                     ZeroWireload          tcbn22ullbwp30p140tt0p9v25c
  combine_ram_llr_214
                     ZeroWireload          tcbn22ullbwp30p140tt0p9v25c
  combine_ram_llr_213
                     ZeroWireload          tcbn22ullbwp30p140tt0p9v25c
  combine_ram_llr_212
                     ZeroWireload          tcbn22ullbwp30p140tt0p9v25c
  combine_ram_llr_211
                     ZeroWireload          tcbn22ullbwp30p140tt0p9v25c
  combine_ram_llr_210
                     ZeroWireload          tcbn22ullbwp30p140tt0p9v25c
  combine_ram_llr_209
                     ZeroWireload          tcbn22ullbwp30p140tt0p9v25c
  combine_ram_llr_208
                     ZeroWireload          tcbn22ullbwp30p140tt0p9v25c
  combine_ram_llr_207
                     ZeroWireload          tcbn22ullbwp30p140tt0p9v25c
  combine_ram_llr_206
                     ZeroWireload          tcbn22ullbwp30p140tt0p9v25c
  combine_ram_llr_205
                     ZeroWireload          tcbn22ullbwp30p140tt0p9v25c
  combine_ram_llr_204
                     ZeroWireload          tcbn22ullbwp30p140tt0p9v25c
  combine_ram_llr_203
                     ZeroWireload          tcbn22ullbwp30p140tt0p9v25c
  combine_ram_llr_202
                     ZeroWireload          tcbn22ullbwp30p140tt0p9v25c
  combine_ram_llr_201
                     ZeroWireload          tcbn22ullbwp30p140tt0p9v25c
  combine_ram_llr_200
                     ZeroWireload          tcbn22ullbwp30p140tt0p9v25c
  combine_ram_llr_199
                     ZeroWireload          tcbn22ullbwp30p140tt0p9v25c
  combine_ram_llr_198
                     ZeroWireload          tcbn22ullbwp30p140tt0p9v25c
  combine_ram_llr_197
                     ZeroWireload          tcbn22ullbwp30p140tt0p9v25c
  combine_ram_llr_196
                     ZeroWireload          tcbn22ullbwp30p140tt0p9v25c
  combine_ram_llr_195
                     ZeroWireload          tcbn22ullbwp30p140tt0p9v25c
  combine_ram_llr_194
                     ZeroWireload          tcbn22ullbwp30p140tt0p9v25c
  combine_ram_llr_193
                     ZeroWireload          tcbn22ullbwp30p140tt0p9v25c
  combine_ram_llr_192
                     ZeroWireload          tcbn22ullbwp30p140tt0p9v25c
  combine_ram_llr_191
                     ZeroWireload          tcbn22ullbwp30p140tt0p9v25c
  combine_ram_llr_190
                     ZeroWireload          tcbn22ullbwp30p140tt0p9v25c
  combine_ram_llr_189
                     ZeroWireload          tcbn22ullbwp30p140tt0p9v25c
  combine_ram_llr_188
                     ZeroWireload          tcbn22ullbwp30p140tt0p9v25c
  combine_ram_llr_187
                     ZeroWireload          tcbn22ullbwp30p140tt0p9v25c
  combine_ram_llr_186
                     ZeroWireload          tcbn22ullbwp30p140tt0p9v25c
  combine_ram_llr_185
                     ZeroWireload          tcbn22ullbwp30p140tt0p9v25c
  combine_ram_llr_184
                     ZeroWireload          tcbn22ullbwp30p140tt0p9v25c
  combine_ram_llr_183
                     ZeroWireload          tcbn22ullbwp30p140tt0p9v25c
  combine_ram_llr_182
                     ZeroWireload          tcbn22ullbwp30p140tt0p9v25c
  combine_ram_llr_181
                     ZeroWireload          tcbn22ullbwp30p140tt0p9v25c
  combine_ram_llr_180
                     ZeroWireload          tcbn22ullbwp30p140tt0p9v25c
  combine_ram_llr_179
                     ZeroWireload          tcbn22ullbwp30p140tt0p9v25c
  combine_ram_llr_178
                     ZeroWireload          tcbn22ullbwp30p140tt0p9v25c
  combine_ram_llr_177
                     ZeroWireload          tcbn22ullbwp30p140tt0p9v25c
  combine_ram_llr_176
                     ZeroWireload          tcbn22ullbwp30p140tt0p9v25c
  combine_ram_llr_175
                     ZeroWireload          tcbn22ullbwp30p140tt0p9v25c
  combine_ram_llr_174
                     ZeroWireload          tcbn22ullbwp30p140tt0p9v25c
  combine_ram_llr_173
                     ZeroWireload          tcbn22ullbwp30p140tt0p9v25c
  combine_ram_llr_172
                     ZeroWireload          tcbn22ullbwp30p140tt0p9v25c
  combine_ram_llr_171
                     ZeroWireload          tcbn22ullbwp30p140tt0p9v25c
  combine_ram_llr_170
                     ZeroWireload          tcbn22ullbwp30p140tt0p9v25c
  combine_ram_llr_169
                     ZeroWireload          tcbn22ullbwp30p140tt0p9v25c
  combine_ram_llr_168
                     ZeroWireload          tcbn22ullbwp30p140tt0p9v25c
  combine_ram_llr_167
                     ZeroWireload          tcbn22ullbwp30p140tt0p9v25c
  combine_ram_llr_166
                     ZeroWireload          tcbn22ullbwp30p140tt0p9v25c
  combine_ram_llr_165
                     ZeroWireload          tcbn22ullbwp30p140tt0p9v25c
  combine_ram_llr_164
                     ZeroWireload          tcbn22ullbwp30p140tt0p9v25c
  combine_ram_llr_163
                     ZeroWireload          tcbn22ullbwp30p140tt0p9v25c
  combine_ram_llr_162
                     ZeroWireload          tcbn22ullbwp30p140tt0p9v25c
  combine_ram_llr_161
                     ZeroWireload          tcbn22ullbwp30p140tt0p9v25c
  combine_ram_llr_160
                     ZeroWireload          tcbn22ullbwp30p140tt0p9v25c
  combine_ram_llr_159
                     ZeroWireload          tcbn22ullbwp30p140tt0p9v25c
  combine_ram_llr_158
                     ZeroWireload          tcbn22ullbwp30p140tt0p9v25c
  combine_ram_llr_157
                     ZeroWireload          tcbn22ullbwp30p140tt0p9v25c
  combine_ram_llr_156
                     ZeroWireload          tcbn22ullbwp30p140tt0p9v25c
  combine_ram_llr_155
                     ZeroWireload          tcbn22ullbwp30p140tt0p9v25c
  combine_ram_llr_154
                     ZeroWireload          tcbn22ullbwp30p140tt0p9v25c
  combine_ram_llr_153
                     ZeroWireload          tcbn22ullbwp30p140tt0p9v25c
  combine_ram_llr_152
                     ZeroWireload          tcbn22ullbwp30p140tt0p9v25c
  combine_ram_llr_151
                     ZeroWireload          tcbn22ullbwp30p140tt0p9v25c
  combine_ram_llr_150
                     ZeroWireload          tcbn22ullbwp30p140tt0p9v25c
  combine_ram_llr_149
                     ZeroWireload          tcbn22ullbwp30p140tt0p9v25c
  combine_ram_llr_148
                     ZeroWireload          tcbn22ullbwp30p140tt0p9v25c
  combine_ram_llr_147
                     ZeroWireload          tcbn22ullbwp30p140tt0p9v25c
  combine_ram_llr_146
                     ZeroWireload          tcbn22ullbwp30p140tt0p9v25c
  combine_ram_llr_145
                     ZeroWireload          tcbn22ullbwp30p140tt0p9v25c
  combine_ram_llr_144
                     ZeroWireload          tcbn22ullbwp30p140tt0p9v25c
  combine_ram_llr_143
                     ZeroWireload          tcbn22ullbwp30p140tt0p9v25c
  combine_ram_llr_142
                     ZeroWireload          tcbn22ullbwp30p140tt0p9v25c
  combine_ram_llr_141
                     ZeroWireload          tcbn22ullbwp30p140tt0p9v25c
  combine_ram_llr_140
                     ZeroWireload          tcbn22ullbwp30p140tt0p9v25c
  combine_ram_llr_139
                     ZeroWireload          tcbn22ullbwp30p140tt0p9v25c
  combine_ram_llr_138
                     ZeroWireload          tcbn22ullbwp30p140tt0p9v25c
  combine_ram_llr_137
                     ZeroWireload          tcbn22ullbwp30p140tt0p9v25c
  combine_ram_llr_136
                     ZeroWireload          tcbn22ullbwp30p140tt0p9v25c
  combine_ram_llr_135
                     ZeroWireload          tcbn22ullbwp30p140tt0p9v25c
  combine_ram_llr_134
                     ZeroWireload          tcbn22ullbwp30p140tt0p9v25c
  combine_ram_llr_133
                     ZeroWireload          tcbn22ullbwp30p140tt0p9v25c
  combine_ram_llr_132
                     ZeroWireload          tcbn22ullbwp30p140tt0p9v25c
  combine_ram_llr_131
                     ZeroWireload          tcbn22ullbwp30p140tt0p9v25c
  combine_ram_llr_130
                     ZeroWireload          tcbn22ullbwp30p140tt0p9v25c
  combine_ram_llr_129
                     ZeroWireload          tcbn22ullbwp30p140tt0p9v25c
  combine_ram_llr_128
                     ZeroWireload          tcbn22ullbwp30p140tt0p9v25c
  combine_ram_llr_127
                     ZeroWireload          tcbn22ullbwp30p140tt0p9v25c
  combine_ram_llr_126
                     ZeroWireload          tcbn22ullbwp30p140tt0p9v25c
  combine_ram_llr_125
                     ZeroWireload          tcbn22ullbwp30p140tt0p9v25c
  combine_ram_llr_124
                     ZeroWireload          tcbn22ullbwp30p140tt0p9v25c
  combine_ram_llr_123
                     ZeroWireload          tcbn22ullbwp30p140tt0p9v25c
  combine_ram_llr_122
                     ZeroWireload          tcbn22ullbwp30p140tt0p9v25c
  combine_ram_llr_121
                     ZeroWireload          tcbn22ullbwp30p140tt0p9v25c
  combine_ram_llr_120
                     ZeroWireload          tcbn22ullbwp30p140tt0p9v25c
  combine_ram_llr_119
                     ZeroWireload          tcbn22ullbwp30p140tt0p9v25c
  combine_ram_llr_118
                     ZeroWireload          tcbn22ullbwp30p140tt0p9v25c
  combine_ram_llr_117
                     ZeroWireload          tcbn22ullbwp30p140tt0p9v25c
  combine_ram_llr_116
                     ZeroWireload          tcbn22ullbwp30p140tt0p9v25c
  combine_ram_llr_115
                     ZeroWireload          tcbn22ullbwp30p140tt0p9v25c
  combine_ram_llr_114
                     ZeroWireload          tcbn22ullbwp30p140tt0p9v25c
  combine_ram_llr_113
                     ZeroWireload          tcbn22ullbwp30p140tt0p9v25c
  combine_ram_llr_112
                     ZeroWireload          tcbn22ullbwp30p140tt0p9v25c
  combine_ram_llr_111
                     ZeroWireload          tcbn22ullbwp30p140tt0p9v25c
  combine_ram_llr_110
                     ZeroWireload          tcbn22ullbwp30p140tt0p9v25c
  combine_ram_llr_109
                     ZeroWireload          tcbn22ullbwp30p140tt0p9v25c
  combine_ram_llr_108
                     ZeroWireload          tcbn22ullbwp30p140tt0p9v25c
  combine_ram_llr_107
                     ZeroWireload          tcbn22ullbwp30p140tt0p9v25c
  combine_ram_llr_106
                     ZeroWireload          tcbn22ullbwp30p140tt0p9v25c
  combine_ram_llr_105
                     ZeroWireload          tcbn22ullbwp30p140tt0p9v25c
  combine_ram_llr_104
                     ZeroWireload          tcbn22ullbwp30p140tt0p9v25c
  combine_ram_llr_103
                     ZeroWireload          tcbn22ullbwp30p140tt0p9v25c
  combine_ram_llr_102
                     ZeroWireload          tcbn22ullbwp30p140tt0p9v25c
  combine_ram_llr_101
                     ZeroWireload          tcbn22ullbwp30p140tt0p9v25c
  combine_ram_llr_100
                     ZeroWireload          tcbn22ullbwp30p140tt0p9v25c
  combine_ram_llr_99 ZeroWireload          tcbn22ullbwp30p140tt0p9v25c
  combine_ram_llr_98 ZeroWireload          tcbn22ullbwp30p140tt0p9v25c
  combine_ram_llr_97 ZeroWireload          tcbn22ullbwp30p140tt0p9v25c
  combine_ram_llr_96 ZeroWireload          tcbn22ullbwp30p140tt0p9v25c
  combine_ram_llr_95 ZeroWireload          tcbn22ullbwp30p140tt0p9v25c
  combine_ram_llr_94 ZeroWireload          tcbn22ullbwp30p140tt0p9v25c
  combine_ram_llr_93 ZeroWireload          tcbn22ullbwp30p140tt0p9v25c
  combine_ram_llr_92 ZeroWireload          tcbn22ullbwp30p140tt0p9v25c
  combine_ram_llr_91 ZeroWireload          tcbn22ullbwp30p140tt0p9v25c
  combine_ram_llr_90 ZeroWireload          tcbn22ullbwp30p140tt0p9v25c
  combine_ram_llr_89 ZeroWireload          tcbn22ullbwp30p140tt0p9v25c
  combine_ram_llr_88 ZeroWireload          tcbn22ullbwp30p140tt0p9v25c
  combine_ram_llr_87 ZeroWireload          tcbn22ullbwp30p140tt0p9v25c
  combine_ram_llr_86 ZeroWireload          tcbn22ullbwp30p140tt0p9v25c
  combine_ram_llr_85 ZeroWireload          tcbn22ullbwp30p140tt0p9v25c
  combine_ram_llr_84 ZeroWireload          tcbn22ullbwp30p140tt0p9v25c
  combine_ram_llr_83 ZeroWireload          tcbn22ullbwp30p140tt0p9v25c
  combine_ram_llr_82 ZeroWireload          tcbn22ullbwp30p140tt0p9v25c
  combine_ram_llr_81 ZeroWireload          tcbn22ullbwp30p140tt0p9v25c
  combine_ram_llr_80 ZeroWireload          tcbn22ullbwp30p140tt0p9v25c
  combine_ram_llr_79 ZeroWireload          tcbn22ullbwp30p140tt0p9v25c
  combine_ram_llr_78 ZeroWireload          tcbn22ullbwp30p140tt0p9v25c
  combine_ram_llr_77 ZeroWireload          tcbn22ullbwp30p140tt0p9v25c
  combine_ram_llr_76 ZeroWireload          tcbn22ullbwp30p140tt0p9v25c
  combine_ram_llr_75 ZeroWireload          tcbn22ullbwp30p140tt0p9v25c
  combine_ram_llr_74 ZeroWireload          tcbn22ullbwp30p140tt0p9v25c
  combine_ram_llr_73 ZeroWireload          tcbn22ullbwp30p140tt0p9v25c
  combine_ram_llr_72 ZeroWireload          tcbn22ullbwp30p140tt0p9v25c
  combine_ram_llr_71 ZeroWireload          tcbn22ullbwp30p140tt0p9v25c
  combine_ram_llr_70 ZeroWireload          tcbn22ullbwp30p140tt0p9v25c
  combine_ram_llr_69 ZeroWireload          tcbn22ullbwp30p140tt0p9v25c
  combine_ram_llr_68 ZeroWireload          tcbn22ullbwp30p140tt0p9v25c
  combine_ram_llr_67 ZeroWireload          tcbn22ullbwp30p140tt0p9v25c
  combine_ram_llr_66 ZeroWireload          tcbn22ullbwp30p140tt0p9v25c
  combine_ram_llr_65 ZeroWireload          tcbn22ullbwp30p140tt0p9v25c
  combine_ram_llr_64 ZeroWireload          tcbn22ullbwp30p140tt0p9v25c
  combine_ram_llr_63 ZeroWireload          tcbn22ullbwp30p140tt0p9v25c
  combine_ram_llr_62 ZeroWireload          tcbn22ullbwp30p140tt0p9v25c
  combine_ram_llr_61 ZeroWireload          tcbn22ullbwp30p140tt0p9v25c
  combine_ram_llr_60 ZeroWireload          tcbn22ullbwp30p140tt0p9v25c
  combine_ram_llr_59 ZeroWireload          tcbn22ullbwp30p140tt0p9v25c
  combine_ram_llr_58 ZeroWireload          tcbn22ullbwp30p140tt0p9v25c
  combine_ram_llr_57 ZeroWireload          tcbn22ullbwp30p140tt0p9v25c
  combine_ram_llr_56 ZeroWireload          tcbn22ullbwp30p140tt0p9v25c
  combine_ram_llr_55 ZeroWireload          tcbn22ullbwp30p140tt0p9v25c
  combine_ram_llr_54 ZeroWireload          tcbn22ullbwp30p140tt0p9v25c
  combine_ram_llr_53 ZeroWireload          tcbn22ullbwp30p140tt0p9v25c
  combine_ram_llr_52 ZeroWireload          tcbn22ullbwp30p140tt0p9v25c
  combine_ram_llr_51 ZeroWireload          tcbn22ullbwp30p140tt0p9v25c
  combine_ram_llr_50 ZeroWireload          tcbn22ullbwp30p140tt0p9v25c
  combine_ram_llr_49 ZeroWireload          tcbn22ullbwp30p140tt0p9v25c
  combine_ram_llr_48 ZeroWireload          tcbn22ullbwp30p140tt0p9v25c
  combine_ram_llr_47 ZeroWireload          tcbn22ullbwp30p140tt0p9v25c
  combine_ram_llr_46 ZeroWireload          tcbn22ullbwp30p140tt0p9v25c
  combine_ram_llr_45 ZeroWireload          tcbn22ullbwp30p140tt0p9v25c
  combine_ram_llr_44 ZeroWireload          tcbn22ullbwp30p140tt0p9v25c
  combine_ram_llr_43 ZeroWireload          tcbn22ullbwp30p140tt0p9v25c
  combine_ram_llr_42 ZeroWireload          tcbn22ullbwp30p140tt0p9v25c
  combine_ram_llr_41 ZeroWireload          tcbn22ullbwp30p140tt0p9v25c
  combine_ram_llr_40 ZeroWireload          tcbn22ullbwp30p140tt0p9v25c
  combine_ram_llr_39 ZeroWireload          tcbn22ullbwp30p140tt0p9v25c
  combine_ram_llr_38 ZeroWireload          tcbn22ullbwp30p140tt0p9v25c
  combine_ram_llr_37 ZeroWireload          tcbn22ullbwp30p140tt0p9v25c
  combine_ram_llr_36 ZeroWireload          tcbn22ullbwp30p140tt0p9v25c
  combine_ram_llr_35 ZeroWireload          tcbn22ullbwp30p140tt0p9v25c
  combine_ram_llr_34 ZeroWireload          tcbn22ullbwp30p140tt0p9v25c
  combine_ram_llr_33 ZeroWireload          tcbn22ullbwp30p140tt0p9v25c
  combine_ram_llr_32 ZeroWireload          tcbn22ullbwp30p140tt0p9v25c
  combine_ram_llr_31 ZeroWireload          tcbn22ullbwp30p140tt0p9v25c
  combine_ram_llr_30 ZeroWireload          tcbn22ullbwp30p140tt0p9v25c
  combine_ram_llr_29 ZeroWireload          tcbn22ullbwp30p140tt0p9v25c
  combine_ram_llr_28 ZeroWireload          tcbn22ullbwp30p140tt0p9v25c
  combine_ram_llr_27 ZeroWireload          tcbn22ullbwp30p140tt0p9v25c
  combine_ram_llr_26 ZeroWireload          tcbn22ullbwp30p140tt0p9v25c
  combine_ram_llr_25 ZeroWireload          tcbn22ullbwp30p140tt0p9v25c
  combine_ram_llr_24 ZeroWireload          tcbn22ullbwp30p140tt0p9v25c
  combine_ram_llr_23 ZeroWireload          tcbn22ullbwp30p140tt0p9v25c
  combine_ram_llr_22 ZeroWireload          tcbn22ullbwp30p140tt0p9v25c
  combine_ram_llr_21 ZeroWireload          tcbn22ullbwp30p140tt0p9v25c
  combine_ram_llr_20 ZeroWireload          tcbn22ullbwp30p140tt0p9v25c
  combine_ram_llr_19 ZeroWireload          tcbn22ullbwp30p140tt0p9v25c
  combine_ram_llr_18 ZeroWireload          tcbn22ullbwp30p140tt0p9v25c
  combine_ram_llr_17 ZeroWireload          tcbn22ullbwp30p140tt0p9v25c
  combine_ram_llr_16 ZeroWireload          tcbn22ullbwp30p140tt0p9v25c
  combine_ram_llr_15 ZeroWireload          tcbn22ullbwp30p140tt0p9v25c
  combine_ram_llr_14 ZeroWireload          tcbn22ullbwp30p140tt0p9v25c
  combine_ram_llr_13 ZeroWireload          tcbn22ullbwp30p140tt0p9v25c
  combine_ram_llr_12 ZeroWireload          tcbn22ullbwp30p140tt0p9v25c
  combine_ram_llr_11 ZeroWireload          tcbn22ullbwp30p140tt0p9v25c
  combine_ram_llr_10 ZeroWireload          tcbn22ullbwp30p140tt0p9v25c
  combine_ram_llr_9  ZeroWireload          tcbn22ullbwp30p140tt0p9v25c
  combine_ram_llr_8  ZeroWireload          tcbn22ullbwp30p140tt0p9v25c
  combine_ram_llr_7  ZeroWireload          tcbn22ullbwp30p140tt0p9v25c
  combine_ram_llr_6  ZeroWireload          tcbn22ullbwp30p140tt0p9v25c
  combine_ram_llr_5  ZeroWireload          tcbn22ullbwp30p140tt0p9v25c
  combine_ram_llr_4  ZeroWireload          tcbn22ullbwp30p140tt0p9v25c
  combine_ram_llr_3  ZeroWireload          tcbn22ullbwp30p140tt0p9v25c
  combine_ram_llr_2  ZeroWireload          tcbn22ullbwp30p140tt0p9v25c
  combine_ram_llr_1  ZeroWireload          tcbn22ullbwp30p140tt0p9v25c
  combine_ram_llr_0  ZeroWireload          tcbn22ullbwp30p140tt0p9v25c
  ram_port_1_ctrl_2141
                     ZeroWireload          tcbn22ullbwp30p140tt0p9v25c
  org_read_532       ZeroWireload          tcbn22ullbwp30p140tt0p9v25c
  dual_port_bram_16x32_write_first_2674
                     ZeroWireload          tcbn22ullbwp30p140tt0p9v25c
  buffer_out_QC_LDPC_COL_COUNT533
                     ZeroWireload          tcbn22ullbwp30p140tt0p9v25c
  judge_ctrl         ZeroWireload          tcbn22ullbwp30p140tt0p9v25c
  VFU_5_ctrl_9       ZeroWireload          tcbn22ullbwp30p140tt0p9v25c
  VFU_4_ctrl_522     ZeroWireload          tcbn22ullbwp30p140tt0p9v25c
  CFU_102_ctrl_20    ZeroWireload          tcbn22ullbwp30p140tt0p9v25c
  combine_ram_ctrl_2140
                     ZeroWireload          tcbn22ullbwp30p140tt0p9v25c
  combine_ram_ctrl_2141
                     ZeroWireload          tcbn22ullbwp30p140tt0p9v25c
  combine_ram_llr_532
                     ZeroWireload          tcbn22ullbwp30p140tt0p9v25c
  conctrl            ZeroWireload          tcbn22ullbwp30p140tt0p9v25c
  Baseline_4KB       ZeroWireload          tcbn22ullbwp30p140tt0p9v25c
  buffer_in_QNT_BIT4_QC_LDPC_COL_COUNT533_QC_LDPC_BLOCK_SIZE128
                     ZeroWireload          tcbn22ullbwp30p140tt0p9v25c

  Point                                                   Incr       Path
  --------------------------------------------------------------------------
  clock sys_clk (rise edge)                               0.00       0.00
  clock network delay (ideal)                             0.00       0.00
  conctrl_inst/flag_org_write_end_reg_reg/CP (DFCNQD1BWP30P140)
                                                          0.00 #     0.00 r
  conctrl_inst/flag_org_write_end_reg_reg/Q (DFCNQD1BWP30P140)
                                                          0.04       0.04 f
  conctrl_inst/flag_first_store_reg/D (DFCNQD1BWP30P140)
                                                          0.00       0.04 f
  data arrival time                                                  0.04

  clock sys_clk (rise edge)                               0.00       0.00
  clock network delay (ideal)                             0.00       0.00
  conctrl_inst/flag_first_store_reg/CP (DFCNQD1BWP30P140)
                                                          0.00       0.00 r
  library hold time                                       0.01       0.01
  data required time                                                 0.01
  --------------------------------------------------------------------------
  data required time                                                 0.01
  data arrival time                                                 -0.04
  --------------------------------------------------------------------------
  slack (MET)                                                        0.03


1
